2026-07-01T10:33:37.259278Z  INFO herdr::platform::macos: raised server file descriptor soft limit previous=256 target=8192
2026-07-01T10:33:37.260714Z  INFO herdr::api::server: api server listening path=/Users/jason/.config/herdr/herdr.sock
2026-07-01T10:33:37.263694Z  INFO herdr::app: using pane scrollback configuration pane_scrollback_limit_bytes=10000000
2026-07-01T10:33:37.284302Z  INFO herdr::logging: checking for updates event="update.check.start" subsystem="update" outcome="started"
2026-07-01T10:33:37.285683Z  INFO herdr::logging: spawning pane terminal event="pane.spawn.start" subsystem="pane" outcome="started" pane_id=1 rows=24 cols=80 scrollback_limit_bytes=10000000
2026-07-01T10:33:37.293363Z  INFO herdr::logging: pane child spawned event="pane.spawned" subsystem="pane" outcome="ok" pane_id=1 pid=26897
2026-07-01T10:33:37.294808Z  INFO herdr::logging: workspace created event="workspace.create" subsystem="workspace" outcome="ok" workspace_id="w1" pane_id=1
2026-07-01T10:33:37.294851Z  INFO herdr::logging: workspace focused event="workspace.focus" subsystem="workspace" outcome="ok" workspace_id="w1"
2026-07-01T10:33:37.295154Z  INFO herdr::logging: tab focused event="tab.focus" subsystem="tab" outcome="ok" workspace_id="w1" tab_id="w1:t1"
2026-07-01T10:33:37.295178Z  INFO herdr::server::headless: created startup workspace cwd=/Users/jason/.dotfiles
2026-07-01T10:33:37.295541Z  INFO herdr::server::headless: client protocol socket listening path=/Users/jason/.config/herdr/herdr-client.sock
2026-07-01T10:33:37.295573Z  INFO herdr::server::headless: herdr server started api_socket=/Users/jason/.config/herdr/herdr.sock client_socket=/Users/jason/.config/herdr/herdr-client.sock
2026-07-01T10:33:37.295614Z  INFO herdr::logging: herdr starting event="app.startup" subsystem="server" outcome="started" pid=26837
2026-07-01T10:33:37.358046Z  INFO herdr::server::headless: client connected client_id=2 cols=230 rows=60 cell_width_px=0 cell_height_px=0 render_encoding=SemanticFrame
2026-07-01T10:33:42.299151Z  INFO herdr::logging: session saved event="persist.save" subsystem="persist" outcome="ok" path=/Users/jason/.config/herdr/session.json workspaces=1
2026-07-01T10:33:51.779185Z  INFO herdr::logging: pane child exited event="pane.exit" subsystem="pane" outcome="completed" pane_id=1 status="ExitStatus { code: 0, signal: None }"
2026-07-01T10:33:51.779267Z  INFO herdr::pane: pane session terminated pane=1 pid=26897 signal=Hangup
2026-07-01T10:33:51.779860Z  INFO herdr::logging: spawning pane terminal event="pane.spawn.start" subsystem="pane" outcome="started" pane_id=2 rows=59 cols=204 scrollback_limit_bytes=10000000
2026-07-01T10:33:51.784332Z  INFO herdr::logging: pane child spawned event="pane.spawned" subsystem="pane" outcome="ok" pane_id=2 pid=27463
2026-07-01T10:33:51.784566Z  INFO herdr::logging: workspace created event="workspace.create" subsystem="workspace" outcome="ok" workspace_id="w2" pane_id=2
2026-07-01T10:33:51.784576Z  INFO herdr::logging: workspace focused event="workspace.focus" subsystem="workspace" outcome="ok" workspace_id="w2"
2026-07-01T10:33:51.784591Z  INFO herdr::logging: tab focused event="tab.focus" subsystem="tab" outcome="ok" workspace_id="w2" tab_id="w2:t1"
2026-07-01T10:33:56.307961Z  INFO herdr::logging: pane child exited event="pane.exit" subsystem="pane" outcome="completed" pane_id=2 status="ExitStatus { code: 0, signal: None }"
2026-07-01T10:33:56.308041Z  INFO herdr::pane: pane session terminated pane=2 pid=27463 signal=Hangup
2026-07-01T10:33:56.308174Z  INFO herdr::logging: spawning pane terminal event="pane.spawn.start" subsystem="pane" outcome="started" pane_id=3 rows=59 cols=204 scrollback_limit_bytes=10000000
2026-07-01T10:33:56.312544Z  INFO herdr::logging: pane child spawned event="pane.spawned" subsystem="pane" outcome="ok" pane_id=3 pid=27646
2026-07-01T10:33:56.312750Z  INFO herdr::logging: workspace created event="workspace.create" subsystem="workspace" outcome="ok" workspace_id="w3" pane_id=3
2026-07-01T10:33:56.312769Z  INFO herdr::logging: workspace focused event="workspace.focus" subsystem="workspace" outcome="ok" workspace_id="w3"
2026-07-01T10:33:56.312804Z  INFO herdr::logging: tab focused event="tab.focus" subsystem="tab" outcome="ok" workspace_id="w3" tab_id="w3:t1"
2026-07-01T10:34:01.328216Z  INFO herdr::logging: session saved event="persist.save" subsystem="persist" outcome="ok" path=/Users/jason/.config/herdr/session.json workspaces=1
2026-07-01T10:34:02.220725Z  WARN herdr::raw_input: flushing lone escape after input timeout; if this follows an alt chord or focus switch it may reach the pane as plain esc bytes=[27]
2026-07-01T10:34:18.293362Z  INFO herdr::logging: pane child exited event="pane.exit" subsystem="pane" outcome="completed" pane_id=3 status="ExitStatus { code: 127, signal: None }"
2026-07-01T10:34:18.293811Z  INFO herdr::pane: pane session terminated pane=3 pid=27646 signal=Hangup
2026-07-01T10:34:18.293965Z  INFO herdr::logging: spawning pane terminal event="pane.spawn.start" subsystem="pane" outcome="started" pane_id=4 rows=59 cols=204 scrollback_limit_bytes=10000000
2026-07-01T10:34:18.298485Z  INFO herdr::logging: pane child spawned event="pane.spawned" subsystem="pane" outcome="ok" pane_id=4 pid=28710
2026-07-01T10:34:18.298645Z  INFO herdr::logging: workspace created event="workspace.create" subsystem="workspace" outcome="ok" workspace_id="w4" pane_id=4
2026-07-01T10:34:18.298654Z  INFO herdr::logging: workspace focused event="workspace.focus" subsystem="workspace" outcome="ok" workspace_id="w4"
2026-07-01T10:34:18.298669Z  INFO herdr::logging: tab focused event="tab.focus" subsystem="tab" outcome="ok" workspace_id="w4" tab_id="w4:t1"
2026-07-01T10:34:23.304134Z  INFO herdr::logging: session saved event="persist.save" subsystem="persist" outcome="ok" path=/Users/jason/.config/herdr/session.json workspaces=1
2026-07-01T10:46:40.356761Z  INFO herdr::server::headless: server shutdown initiated
2026-07-01T10:46:40.412043Z  INFO herdr::server::headless: completing server shutdown
2026-07-01T10:46:40.465067Z  INFO herdr::logging: session saved event="persist.save" subsystem="persist" outcome="ok" path=/Users/jason/.config/herdr/session.json workspaces=1
2026-07-01T10:46:40.465095Z  INFO herdr::server::headless: headless server exiting
2026-07-01T10:46:40.466592Z  INFO herdr::logging: pane child exited event="pane.exit" subsystem="pane" outcome="completed" pane_id=4 status="ExitStatus { code: 1, signal: Some(\"Hangup: 1\") }"
2026-07-01T10:46:40.490209Z  INFO herdr::pane: pane session terminated pane=4 pid=28710 signal=Hangup
2026-07-01T10:46:40.490865Z  INFO herdr::logging: herdr exiting event="app.shutdown" subsystem="server" outcome="completed" pid=26837
2026-07-01T10:49:21.416653Z  INFO herdr::platform::macos: raised server file descriptor soft limit previous=256 target=8192
2026-07-01T10:49:21.417815Z  INFO herdr::api::server: api server listening path=/Users/jason/.config/herdr/herdr.sock
2026-07-01T10:49:21.422223Z  INFO herdr::logging: spawning pane terminal event="pane.spawn.start" subsystem="pane" outcome="started" pane_id=1 rows=24 cols=80 scrollback_limit_bytes=10000000
2026-07-01T10:49:21.427223Z  INFO herdr::logging: pane child spawned event="pane.spawned" subsystem="pane" outcome="ok" pane_id=1 pid=67892
2026-07-01T10:49:21.428107Z  INFO herdr::logging: session restore evaluated event="persist.restore" subsystem="persist" outcome="ok" workspaces=1
2026-07-01T10:49:21.428165Z  INFO herdr::app: using pane scrollback configuration pane_scrollback_limit_bytes=10000000
2026-07-01T10:49:21.453232Z  INFO herdr::logging: checking for updates event="update.check.start" subsystem="update" outcome="started"
2026-07-01T10:49:21.454043Z  INFO herdr::server::headless: restored session already has workspaces; ignoring startup cwd cwd=/Users/jason
2026-07-01T10:49:21.454373Z  INFO herdr::server::headless: client protocol socket listening path=/Users/jason/.config/herdr/herdr-client.sock
2026-07-01T10:49:21.454420Z  INFO herdr::server::headless: herdr server started api_socket=/Users/jason/.config/herdr/herdr.sock client_socket=/Users/jason/.config/herdr/herdr-client.sock
2026-07-01T10:49:21.454477Z  INFO herdr::logging: herdr starting event="app.startup" subsystem="server" outcome="started" pid=67891
2026-07-01T10:49:21.469611Z  INFO herdr::server::headless: client connected client_id=2 cols=230 rows=61 cell_width_px=0 cell_height_px=0 render_encoding=SemanticFrame
2026-07-01T10:50:16.406454Z  INFO herdr::logging: integration action finished event="integration.action" subsystem="integration" outcome="ok" action="install" target="opencode"
2026-07-01T10:50:21.413690Z  INFO herdr::logging: session saved event="persist.save" subsystem="persist" outcome="ok" path=/Users/jason/.config/herdr/session.json workspaces=1
2026-07-01T10:51:47.127265Z  INFO herdr::logging: spawning pane terminal event="pane.spawn.start" subsystem="pane" outcome="started" pane_id=2 rows=60 cols=204 scrollback_limit_bytes=10000000
2026-07-01T10:51:47.132018Z  INFO herdr::logging: pane child spawned event="pane.spawned" subsystem="pane" outcome="ok" pane_id=2 pid=68586
2026-07-01T10:51:47.132220Z  INFO herdr::logging: workspace created event="workspace.create" subsystem="workspace" outcome="ok" workspace_id="w5" pane_id=2
2026-07-01T10:51:47.132231Z  INFO herdr::logging: workspace focused event="workspace.focus" subsystem="workspace" outcome="ok" workspace_id="w5"
2026-07-01T10:51:47.132241Z  INFO herdr::logging: tab focused event="tab.focus" subsystem="tab" outcome="ok" workspace_id="w5" tab_id="w5:t1"
2026-07-01T10:51:52.138244Z  INFO herdr::logging: session saved event="persist.save" subsystem="persist" outcome="ok" path=/Users/jason/.config/herdr/session.json workspaces=2
2026-07-01T11:01:41.942033Z  INFO herdr::server::headless: client resize client_id=2 cols=137 rows=42 cell_width_px=0 cell_height_px=0
2026-07-01T11:02:21.134692Z  INFO herdr::server::headless: client detach requested via keybind client_id=2
2026-07-01T11:02:21.136953Z  INFO herdr::server::headless: client disconnected client_id=2
2026-07-01T11:10:19.865140Z  INFO herdr::server::headless: client connected client_id=4 cols=137 rows=42 cell_width_px=0 cell_height_px=0 render_encoding=SemanticFrame
2026-07-01T11:10:35.742693Z  INFO herdr::logging: spawning pane terminal event="pane.spawn.start" subsystem="pane" outcome="started" pane_id=3 rows=41 cols=111 scrollback_limit_bytes=10000000
2026-07-01T11:10:35.749329Z  INFO herdr::logging: pane child spawned event="pane.spawned" subsystem="pane" outcome="ok" pane_id=3 pid=89737
2026-07-01T11:10:35.749582Z  INFO herdr::logging: tab focused event="tab.focus" subsystem="tab" outcome="ok" workspace_id="w5" tab_id="w5:t2"
2026-07-01T11:10:35.749615Z  INFO herdr::logging: tab created event="tab.create" subsystem="tab" outcome="ok" workspace_id="w5" tab_id="w5:t2" pane_id=3
2026-07-01T11:10:40.756743Z  INFO herdr::logging: session saved event="persist.save" subsystem="persist" outcome="ok" path=/Users/jason/.config/herdr/session.json workspaces=2
2026-07-01T11:12:59.956020Z  INFO herdr::logging: tab focused event="tab.focus" subsystem="tab" outcome="ok" workspace_id="w5" tab_id="w5:t1"
2026-07-01T11:13:04.963929Z  INFO herdr::logging: session saved event="persist.save" subsystem="persist" outcome="ok" path=/Users/jason/.config/herdr/session.json workspaces=2
2026-07-01T11:13:16.388788Z  INFO herdr::logging: tab focused event="tab.focus" subsystem="tab" outcome="ok" workspace_id="w5" tab_id="w5:t2"
2026-07-01T11:13:19.341946Z  INFO herdr::pane: agent changed pane=3 previous_agent=None agent=Some(OpenCode) process=opencode pgid=Some(90789)
2026-07-01T11:13:21.392820Z  INFO herdr::logging: session saved event="persist.save" subsystem="persist" outcome="ok" path=/Users/jason/.config/herdr/session.json workspaces=2
2026-07-01T11:13:59.962574Z  INFO herdr::logging: tab renamed event="tab.rename" subsystem="tab" outcome="ok" workspace_id="w5" tab_id="w5:t2"
2026-07-01T11:14:04.964715Z  INFO herdr::logging: session saved event="persist.save" subsystem="persist" outcome="ok" path=/Users/jason/.config/herdr/session.json workspaces=2
2026-07-01T11:15:22.737132Z  INFO herdr::logging: tab focused event="tab.focus" subsystem="tab" outcome="ok" workspace_id="w5" tab_id="w5:t1"
2026-07-01T11:15:27.742922Z  INFO herdr::logging: session saved event="persist.save" subsystem="persist" outcome="ok" path=/Users/jason/.config/herdr/session.json workspaces=2
2026-07-01T11:15:50.728793Z  INFO herdr::logging: tab focused event="tab.focus" subsystem="tab" outcome="ok" workspace_id="w5" tab_id="w5:t2"
2026-07-01T11:15:55.731519Z  INFO herdr::logging: session saved event="persist.save" subsystem="persist" outcome="ok" path=/Users/jason/.config/herdr/session.json workspaces=2
2026-07-01T11:16:23.308547Z  INFO herdr::pane: agent changed pane=3 previous_agent=None agent=Some(OpenCode) process=opencode pgid=Some(90789)
2026-07-01T11:16:24.570520Z  INFO herdr::logging: tab focused event="tab.focus" subsystem="tab" outcome="ok" workspace_id="w5" tab_id="w5:t1"
2026-07-01T11:16:29.575619Z  INFO herdr::logging: session saved event="persist.save" subsystem="persist" outcome="ok" path=/Users/jason/.config/herdr/session.json workspaces=2
2026-07-01T11:17:10.320615Z  INFO herdr::logging: tab focused event="tab.focus" subsystem="tab" outcome="ok" workspace_id="w5" tab_id="w5:t1"
2026-07-01T11:17:15.323984Z  INFO herdr::logging: session saved event="persist.save" subsystem="persist" outcome="ok" path=/Users/jason/.config/herdr/session.json workspaces=2
2026-07-01T11:18:33.682077Z  INFO herdr::logging: workspace focused event="workspace.focus" subsystem="workspace" outcome="ok" workspace_id="w4"
2026-07-01T11:18:33.682455Z  INFO herdr::logging: tab focused event="tab.focus" subsystem="tab" outcome="ok" workspace_id="w4" tab_id="w4:t1"
2026-07-01T11:18:38.689444Z  INFO herdr::logging: session saved event="persist.save" subsystem="persist" outcome="ok" path=/Users/jason/.config/herdr/session.json workspaces=2
2026-07-01T11:18:44.378802Z  INFO herdr::logging: workspace focused event="workspace.focus" subsystem="workspace" outcome="ok" workspace_id="w5"
2026-07-01T11:18:44.378844Z  INFO herdr::logging: tab focused event="tab.focus" subsystem="tab" outcome="ok" workspace_id="w5" tab_id="w5:t2"
2026-07-01T11:18:49.379744Z  INFO herdr::logging: session saved event="persist.save" subsystem="persist" outcome="ok" path=/Users/jason/.config/herdr/session.json workspaces=2
2026-07-01T11:19:21.462296Z  INFO herdr::logging: checking for updates event="update.check.start" subsystem="update" outcome="started"
2026-07-01T11:34:45.852965Z  INFO herdr::logging: tab focused event="tab.focus" subsystem="tab" outcome="ok" workspace_id="w5" tab_id="w5:t1"
2026-07-01T11:34:50.854771Z  INFO herdr::logging: session saved event="persist.save" subsystem="persist" outcome="ok" path=/Users/jason/.config/herdr/session.json workspaces=2
2026-07-01T11:35:58.044402Z  INFO herdr::logging: tab focused event="tab.focus" subsystem="tab" outcome="ok" workspace_id="w5" tab_id="w5:t2"
2026-07-01T11:36:03.050631Z  INFO herdr::logging: session saved event="persist.save" subsystem="persist" outcome="ok" path=/Users/jason/.config/herdr/session.json workspaces=2
2026-07-01T11:49:21.473407Z  INFO herdr::logging: checking for updates event="update.check.start" subsystem="update" outcome="started"
2026-07-01T12:17:37.737984Z  INFO herdr::logging: tab focused event="tab.focus" subsystem="tab" outcome="ok" workspace_id="w5" tab_id="w5:t1"
2026-07-01T12:17:42.742677Z  INFO herdr::logging: session saved event="persist.save" subsystem="persist" outcome="ok" path=/Users/jason/.config/herdr/session.json workspaces=2
2026-07-01T12:19:21.461800Z  INFO herdr::logging: checking for updates event="update.check.start" subsystem="update" outcome="started"
2026-07-01T12:49:21.484125Z  INFO herdr::logging: checking for updates event="update.check.start" subsystem="update" outcome="started"
2026-07-01T13:06:32.662655Z  INFO herdr::logging: tab focused event="tab.focus" subsystem="tab" outcome="ok" workspace_id="w5" tab_id="w5:t2"
2026-07-01T13:06:37.664867Z  INFO herdr::logging: session saved event="persist.save" subsystem="persist" outcome="ok" path=/Users/jason/.config/herdr/session.json workspaces=2
2026-07-01T13:10:55.348314Z  INFO herdr::pane: agent changed pane=3 previous_agent=Some(OpenCode) agent=None pgid=Some(89737)
2026-07-01T13:11:00.042263Z  INFO herdr::logging: session saved event="persist.save" subsystem="persist" outcome="ok" path=/Users/jason/.config/herdr/session.json workspaces=2
2026-07-01T13:11:09.002729Z  INFO herdr::pane: agent changed pane=3 previous_agent=None agent=Some(OpenCode) process=opencode pgid=Some(35138)
2026-07-01T13:12:11.865416Z  INFO herdr::pane: agent changed pane=3 previous_agent=Some(OpenCode) agent=None pgid=Some(89737)
2026-07-01T13:12:21.473346Z  INFO herdr::pane: agent changed pane=3 previous_agent=None agent=Some(OpenCode) process=opencode pgid=Some(35556)
2026-07-01T13:12:22.388183Z  INFO herdr::pane: agent changed pane=3 previous_agent=Some(OpenCode) agent=None pgid=Some(89737)
2026-07-01T13:12:27.946546Z  INFO herdr::pane: agent changed pane=3 previous_agent=None agent=Some(OpenCode) process=opencode pgid=Some(35610)
2026-07-01T13:12:38.867665Z  INFO herdr::pane: agent changed pane=3 previous_agent=Some(OpenCode) agent=None pgid=Some(89737)
2026-07-01T13:12:51.482416Z  INFO herdr::pane: agent changed pane=3 previous_agent=None agent=Some(OpenCode) process=opencode pgid=Some(35782)
2026-07-01T13:13:00.801701Z  INFO herdr::app::actions: copied double-clicked token to clipboard
2026-07-01T13:13:06.068378Z  INFO herdr::pane: agent changed pane=3 previous_agent=Some(OpenCode) agent=None pgid=Some(89737)
2026-07-01T13:13:11.107206Z  INFO herdr::pane: agent changed pane=3 previous_agent=None agent=Some(OpenCode) process=opencode pgid=Some(35929)
2026-07-01T13:17:09.064528Z  INFO herdr::pane: agent changed pane=3 previous_agent=Some(OpenCode) agent=None pgid=Some(89737)
2026-07-01T13:17:14.609766Z  INFO herdr::pane: agent changed pane=3 previous_agent=None agent=Some(OpenCode) process=opencode pgid=Some(37965)
2026-07-01T13:17:20.405848Z  INFO herdr::app::actions: copied double-clicked token to clipboard
2026-07-01T13:17:22.494958Z  INFO herdr::pane: agent changed pane=3 previous_agent=Some(OpenCode) agent=None pgid=Some(89737)
2026-07-01T13:17:27.550253Z  INFO herdr::pane: agent changed pane=3 previous_agent=None agent=Some(OpenCode) process=opencode pgid=Some(38079)
2026-07-01T13:19:21.466727Z  INFO herdr::logging: checking for updates event="update.check.start" subsystem="update" outcome="started"
2026-07-01T13:27:56.249327Z  INFO herdr::logging: tab focused event="tab.focus" subsystem="tab" outcome="ok" workspace_id="w5" tab_id="w5:t1"
2026-07-01T13:28:01.257560Z  INFO herdr::logging: session saved event="persist.save" subsystem="persist" outcome="ok" path=/Users/jason/.config/herdr/session.json workspaces=2
2026-07-01T13:49:21.511581Z  INFO herdr::logging: checking for updates event="update.check.start" subsystem="update" outcome="started"
2026-07-01T14:19:21.530368Z  INFO herdr::logging: checking for updates event="update.check.start" subsystem="update" outcome="started"
2026-07-01T14:49:21.553109Z  INFO herdr::logging: checking for updates event="update.check.start" subsystem="update" outcome="started"
2026-07-01T15:19:21.522818Z  INFO herdr::logging: checking for updates event="update.check.start" subsystem="update" outcome="started"
2026-07-01T15:49:21.546511Z  INFO herdr::logging: checking for updates event="update.check.start" subsystem="update" outcome="started"
2026-07-01T16:19:21.536959Z  INFO herdr::logging: checking for updates event="update.check.start" subsystem="update" outcome="started"
2026-07-01T16:49:21.584940Z  INFO herdr::logging: checking for updates event="update.check.start" subsystem="update" outcome="started"
2026-07-01T17:19:21.594792Z  INFO herdr::logging: checking for updates event="update.check.start" subsystem="update" outcome="started"
2026-07-01T17:49:21.615070Z  INFO herdr::logging: checking for updates event="update.check.start" subsystem="update" outcome="started"
2026-07-01T18:19:21.594583Z  INFO herdr::logging: checking for updates event="update.check.start" subsystem="update" outcome="started"
2026-07-01T18:49:21.636119Z  INFO herdr::logging: checking for updates event="update.check.start" subsystem="update" outcome="started"
2026-07-01T19:19:21.703449Z  INFO herdr::logging: checking for updates event="update.check.start" subsystem="update" outcome="started"
2026-07-01T19:49:21.662143Z  INFO herdr::logging: checking for updates event="update.check.start" subsystem="update" outcome="started"
2026-07-01T20:19:21.648409Z  INFO herdr::logging: checking for updates event="update.check.start" subsystem="update" outcome="started"
2026-07-01T20:49:21.643495Z  INFO herdr::logging: checking for updates event="update.check.start" subsystem="update" outcome="started"
2026-07-01T21:19:21.707526Z  INFO herdr::logging: checking for updates event="update.check.start" subsystem="update" outcome="started"
2026-07-01T21:49:21.717599Z  INFO herdr::logging: checking for updates event="update.check.start" subsystem="update" outcome="started"
2026-07-01T22:19:21.703861Z  INFO herdr::logging: checking for updates event="update.check.start" subsystem="update" outcome="started"
2026-07-01T22:49:21.736240Z  INFO herdr::logging: checking for updates event="update.check.start" subsystem="update" outcome="started"
2026-07-01T23:19:21.736369Z  INFO herdr::logging: checking for updates event="update.check.start" subsystem="update" outcome="started"
2026-07-01T23:49:21.826995Z  INFO herdr::logging: checking for updates event="update.check.start" subsystem="update" outcome="started"
2026-07-02T00:19:21.801531Z  INFO herdr::logging: checking for updates event="update.check.start" subsystem="update" outcome="started"
2026-07-02T00:50:14.818262Z  INFO herdr::server::headless: client resize client_id=4 cols=230 rows=61 cell_width_px=0 cell_height_px=0
2026-07-02T00:53:28.994090Z  INFO herdr::logging: checking for updates event="update.check.start" subsystem="update" outcome="started"
2026-07-02T01:23:29.037459Z  INFO herdr::logging: checking for updates event="update.check.start" subsystem="update" outcome="started"
2026-07-02T01:53:29.080976Z  INFO herdr::logging: checking for updates event="update.check.start" subsystem="update" outcome="started"
2026-07-02T02:23:29.070722Z  INFO herdr::logging: checking for updates event="update.check.start" subsystem="update" outcome="started"
2026-07-02T02:36:06.445702Z  INFO herdr::logging: workspace focused event="workspace.focus" subsystem="workspace" outcome="ok" workspace_id="w4"
2026-07-02T02:36:06.446990Z  INFO herdr::logging: tab focused event="tab.focus" subsystem="tab" outcome="ok" workspace_id="w4" tab_id="w4:t1"
2026-07-02T02:36:11.452884Z  INFO herdr::logging: session saved event="persist.save" subsystem="persist" outcome="ok" path=/Users/jason/.config/herdr/session.json workspaces=2
2026-07-02T02:44:03.365187Z  INFO herdr::server::headless: client detach requested via keybind client_id=4
2026-07-02T02:44:03.369754Z  INFO herdr::server::headless: client disconnected client_id=4
2026-07-02T02:53:28.974424Z  INFO herdr::logging: checking for updates event="update.check.start" subsystem="update" outcome="started"
2026-07-02T03:23:28.968255Z  INFO herdr::logging: checking for updates event="update.check.start" subsystem="update" outcome="started"
2026-07-02T03:53:29.080330Z  INFO herdr::logging: checking for updates event="update.check.start" subsystem="update" outcome="started"
2026-07-02T04:23:29.063223Z  INFO herdr::logging: checking for updates event="update.check.start" subsystem="update" outcome="started"
2026-07-02T04:53:29.153970Z  INFO herdr::logging: checking for updates event="update.check.start" subsystem="update" outcome="started"
2026-07-02T05:23:29.197952Z  INFO herdr::logging: checking for updates event="update.check.start" subsystem="update" outcome="started"
2026-07-02T05:53:31.678749Z  INFO herdr::logging: checking for updates event="update.check.start" subsystem="update" outcome="started"
2026-07-02T06:39:31.717204Z  INFO herdr::logging: checking for updates event="update.check.start" subsystem="update" outcome="started"
2026-07-02T07:09:31.691930Z  INFO herdr::logging: checking for updates event="update.check.start" subsystem="update" outcome="started"
2026-07-02T07:39:31.759863Z  INFO herdr::logging: checking for updates event="update.check.start" subsystem="update" outcome="started"
2026-07-02T08:09:31.726044Z  INFO herdr::logging: checking for updates event="update.check.start" subsystem="update" outcome="started"
2026-07-02T08:09:34.769192Z  WARN herdr::logging: update check failed event="update.check.complete" subsystem="update" outcome="error" err="failed to fetch Homebrew formula JSON"
2026-07-02T08:09:34.826210Z  WARN herdr::detect::manifest_update: agent detection manifest update failed: failed to fetch https://herdr.dev/agent-detection/index.toml
2026-07-02T12:01:40.228929Z  INFO herdr::logging: checking for updates event="update.check.start" subsystem="update" outcome="started"
2026-07-02T12:36:02.193649Z  INFO herdr::logging: checking for updates event="update.check.start" subsystem="update" outcome="started"
2026-07-02T13:06:02.407684Z  INFO herdr::logging: checking for updates event="update.check.start" subsystem="update" outcome="started"
2026-07-02T13:36:02.398201Z  INFO herdr::logging: checking for updates event="update.check.start" subsystem="update" outcome="started"
2026-07-02T14:06:02.445011Z  INFO herdr::logging: checking for updates event="update.check.start" subsystem="update" outcome="started"
2026-07-02T14:36:02.454986Z  INFO herdr::logging: checking for updates event="update.check.start" subsystem="update" outcome="started"
2026-07-02T15:06:02.482338Z  INFO herdr::logging: checking for updates event="update.check.start" subsystem="update" outcome="started"
2026-07-02T15:36:02.429113Z  INFO herdr::logging: checking for updates event="update.check.start" subsystem="update" outcome="started"
2026-07-02T16:06:02.497125Z  INFO herdr::logging: checking for updates event="update.check.start" subsystem="update" outcome="started"
2026-07-02T16:36:02.552591Z  INFO herdr::logging: checking for updates event="update.check.start" subsystem="update" outcome="started"
2026-07-02T17:06:02.509706Z  INFO herdr::logging: checking for updates event="update.check.start" subsystem="update" outcome="started"
2026-07-02T17:36:02.517664Z  INFO herdr::logging: checking for updates event="update.check.start" subsystem="update" outcome="started"
2026-07-02T18:06:02.565389Z  INFO herdr::logging: checking for updates event="update.check.start" subsystem="update" outcome="started"
2026-07-02T18:36:02.558194Z  INFO herdr::logging: checking for updates event="update.check.start" subsystem="update" outcome="started"
2026-07-02T19:06:02.605714Z  INFO herdr::logging: checking for updates event="update.check.start" subsystem="update" outcome="started"
2026-07-02T19:36:02.610488Z  INFO herdr::logging: checking for updates event="update.check.start" subsystem="update" outcome="started"
2026-07-02T20:06:02.545787Z  INFO herdr::logging: checking for updates event="update.check.start" subsystem="update" outcome="started"
2026-07-02T20:36:02.571900Z  INFO herdr::logging: checking for updates event="update.check.start" subsystem="update" outcome="started"
2026-07-02T21:06:02.592379Z  INFO herdr::logging: checking for updates event="update.check.start" subsystem="update" outcome="started"
2026-07-02T21:36:02.610244Z  INFO herdr::logging: checking for updates event="update.check.start" subsystem="update" outcome="started"
2026-07-02T22:06:02.620698Z  INFO herdr::logging: checking for updates event="update.check.start" subsystem="update" outcome="started"
2026-07-03T00:08:08.497594Z  INFO herdr::logging: checking for updates event="update.check.start" subsystem="update" outcome="started"
2026-07-03T00:38:08.416780Z  INFO herdr::logging: checking for updates event="update.check.start" subsystem="update" outcome="started"
2026-07-03T04:06:31.424707Z  INFO herdr::logging: checking for updates event="update.check.start" subsystem="update" outcome="started"
2026-07-03T04:09:31.276595Z  INFO herdr::logging: pane child exited event="pane.exit" subsystem="pane" outcome="completed" pane_id=1 status="ExitStatus { code: 1, signal: Some(\"Terminated: 15\") }"
2026-07-03T04:09:31.278672Z  INFO herdr::pane: pane session terminated pane=1 pid=67892 signal=Hangup
2026-07-03T04:09:31.322775Z  INFO herdr::logging: pane child exited event="pane.exit" subsystem="pane" outcome="completed" pane_id=3 status="ExitStatus { code: 1, signal: Some(\"Terminated: 15\") }"
2026-07-03T04:09:31.323158Z  INFO herdr::logging: pane child exited event="pane.exit" subsystem="pane" outcome="completed" pane_id=2 status="ExitStatus { code: 1, signal: Some(\"Terminated: 15\") }"
2026-07-03T04:09:31.355426Z  INFO herdr::pane: pane session terminated pane=3 pid=89737 signal=Hangup
2026-07-03T04:09:31.355688Z  INFO herdr::pane: pane session terminated pane=2 pid=68586 signal=Hangup
2026-07-04T14:10:22.068322Z  INFO herdr::platform::macos: raised server file descriptor soft limit previous=256 target=8192
2026-07-04T14:10:22.070325Z  INFO herdr::api::server: api server listening path=/Users/jason/.config/herdr/herdr.sock
2026-07-04T14:10:22.075655Z  INFO herdr::logging: spawning pane terminal event="pane.spawn.start" subsystem="pane" outcome="started" pane_id=1 rows=24 cols=80 scrollback_limit_bytes=10000000
2026-07-04T14:10:22.086128Z  INFO herdr::logging: pane child spawned event="pane.spawned" subsystem="pane" outcome="ok" pane_id=1 pid=96568
2026-07-04T14:10:22.087347Z  INFO herdr::logging: spawning pane terminal event="pane.spawn.start" subsystem="pane" outcome="started" pane_id=2 rows=24 cols=80 scrollback_limit_bytes=10000000
2026-07-04T14:10:22.091453Z  INFO herdr::logging: pane child spawned event="pane.spawned" subsystem="pane" outcome="ok" pane_id=2 pid=96572
2026-07-04T14:10:22.091656Z  INFO herdr::logging: spawning pane terminal event="pane.spawn.start" subsystem="pane" outcome="started" pane_id=3 rows=24 cols=80 scrollback_limit_bytes=10000000
2026-07-04T14:10:22.095257Z  INFO herdr::logging: pane child spawned event="pane.spawned" subsystem="pane" outcome="ok" pane_id=3 pid=96576
2026-07-04T14:10:22.097683Z  INFO herdr::logging: session restore evaluated event="persist.restore" subsystem="persist" outcome="ok" workspaces=2
2026-07-04T14:10:22.098018Z  INFO herdr::app: using pane scrollback configuration pane_scrollback_limit_bytes=10000000
2026-07-04T14:10:22.134722Z  INFO herdr::logging: checking for updates event="update.check.start" subsystem="update" outcome="started"
2026-07-04T14:10:22.134917Z  INFO herdr::server::headless: restored session already has workspaces; ignoring startup cwd cwd=/Users/jason/.dotfiles/tmux/plugins
2026-07-04T14:10:22.135285Z  INFO herdr::server::headless: client protocol socket listening path=/Users/jason/.config/herdr/herdr-client.sock
2026-07-04T14:10:22.135316Z  INFO herdr::server::headless: herdr server started api_socket=/Users/jason/.config/herdr/herdr.sock client_socket=/Users/jason/.config/herdr/herdr-client.sock
2026-07-04T14:10:22.135368Z  INFO herdr::logging: herdr starting event="app.startup" subsystem="server" outcome="started" pid=96535
2026-07-04T14:10:22.237671Z  INFO herdr::server::headless: client connected client_id=2 cols=135 rows=40 cell_width_px=0 cell_height_px=0 render_encoding=SemanticFrame
2026-07-04T14:11:17.237037Z  INFO herdr::logging: pane child exited event="pane.exit" subsystem="pane" outcome="completed" pane_id=1 status="ExitStatus { code: 0, signal: None }"
2026-07-04T14:11:17.237123Z  INFO herdr::pane: pane session terminated pane=1 pid=96568 signal=Hangup
2026-07-04T14:11:22.246262Z  INFO herdr::logging: session saved event="persist.save" subsystem="persist" outcome="ok" path=/Users/jason/.config/herdr/session.json workspaces=1
2026-07-04T14:13:49.461114Z  INFO herdr::logging: pane child exited event="pane.exit" subsystem="pane" outcome="completed" pane_id=2 status="ExitStatus { code: 127, signal: None }"
2026-07-04T14:13:49.461538Z  INFO herdr::pane: pane session terminated pane=2 pid=96572 signal=Hangup
2026-07-04T14:13:54.465394Z  INFO herdr::logging: session saved event="persist.save" subsystem="persist" outcome="ok" path=/Users/jason/.config/herdr/session.json workspaces=1
2026-07-04T14:14:07.552979Z  INFO herdr::logging: pane child exited event="pane.exit" subsystem="pane" outcome="completed" pane_id=3 status="ExitStatus { code: 127, signal: None }"
2026-07-04T14:14:07.553080Z  INFO herdr::pane: pane session terminated pane=3 pid=96576 signal=Hangup
2026-07-04T14:14:07.553773Z  INFO herdr::logging: spawning pane terminal event="pane.spawn.start" subsystem="pane" outcome="started" pane_id=4 rows=39 cols=109 scrollback_limit_bytes=10000000
2026-07-04T14:14:07.557856Z  INFO herdr::logging: pane child spawned event="pane.spawned" subsystem="pane" outcome="ok" pane_id=4 pid=7352
2026-07-04T14:14:07.558050Z  INFO herdr::logging: workspace created event="workspace.create" subsystem="workspace" outcome="ok" workspace_id="w6" pane_id=4
2026-07-04T14:14:07.558060Z  INFO herdr::logging: workspace focused event="workspace.focus" subsystem="workspace" outcome="ok" workspace_id="w6"
2026-07-04T14:14:07.558069Z  INFO herdr::logging: tab focused event="tab.focus" subsystem="tab" outcome="ok" workspace_id="w6" tab_id="w6:t1"
2026-07-04T14:14:12.572809Z  INFO herdr::logging: session saved event="persist.save" subsystem="persist" outcome="ok" path=/Users/jason/.config/herdr/session.json workspaces=1
2026-07-04T14:19:31.824976Z  INFO herdr::server::headless: client disconnected client_id=2
2026-07-04T14:40:22.146169Z  INFO herdr::logging: checking for updates event="update.check.start" subsystem="update" outcome="started"
2026-07-04T15:10:22.082317Z  INFO herdr::logging: checking for updates event="update.check.start" subsystem="update" outcome="started"
2026-07-04T15:40:22.067906Z  INFO herdr::logging: checking for updates event="update.check.start" subsystem="update" outcome="started"
2026-07-04T16:10:22.116382Z  INFO herdr::logging: checking for updates event="update.check.start" subsystem="update" outcome="started"
2026-07-04T16:40:22.128940Z  INFO herdr::logging: checking for updates event="update.check.start" subsystem="update" outcome="started"
2026-07-04T17:10:22.039329Z  INFO herdr::logging: checking for updates event="update.check.start" subsystem="update" outcome="started"
2026-07-04T17:45:23.536925Z  INFO herdr::logging: checking for updates event="update.check.start" subsystem="update" outcome="started"
2026-07-04T18:15:23.625455Z  INFO herdr::logging: checking for updates event="update.check.start" subsystem="update" outcome="started"
2026-07-04T18:45:23.644642Z  INFO herdr::logging: checking for updates event="update.check.start" subsystem="update" outcome="started"
2026-07-04T19:15:23.634689Z  INFO herdr::logging: checking for updates event="update.check.start" subsystem="update" outcome="started"
2026-07-04T19:45:23.701524Z  INFO herdr::logging: checking for updates event="update.check.start" subsystem="update" outcome="started"
2026-07-04T20:15:23.741643Z  INFO herdr::logging: checking for updates event="update.check.start" subsystem="update" outcome="started"
2026-07-04T20:45:23.757810Z  INFO herdr::logging: checking for updates event="update.check.start" subsystem="update" outcome="started"
2026-07-04T21:15:23.789464Z  INFO herdr::logging: checking for updates event="update.check.start" subsystem="update" outcome="started"
2026-07-04T21:45:23.800929Z  INFO herdr::logging: checking for updates event="update.check.start" subsystem="update" outcome="started"
2026-07-04T22:15:23.750453Z  INFO herdr::logging: checking for updates event="update.check.start" subsystem="update" outcome="started"
2026-07-04T22:45:23.790015Z  INFO herdr::logging: checking for updates event="update.check.start" subsystem="update" outcome="started"
2026-07-04T23:15:23.819764Z  INFO herdr::logging: checking for updates event="update.check.start" subsystem="update" outcome="started"
2026-07-04T23:45:23.801285Z  INFO herdr::logging: checking for updates event="update.check.start" subsystem="update" outcome="started"
2026-07-05T00:15:23.760971Z  INFO herdr::logging: checking for updates event="update.check.start" subsystem="update" outcome="started"
2026-07-05T00:45:23.767546Z  INFO herdr::logging: checking for updates event="update.check.start" subsystem="update" outcome="started"
2026-07-05T01:15:23.764161Z  INFO herdr::logging: checking for updates event="update.check.start" subsystem="update" outcome="started"
2026-07-05T01:45:23.739309Z  INFO herdr::logging: checking for updates event="update.check.start" subsystem="update" outcome="started"
2026-07-05T02:15:23.841198Z  INFO herdr::logging: checking for updates event="update.check.start" subsystem="update" outcome="started"
2026-07-05T02:45:23.860647Z  INFO herdr::logging: checking for updates event="update.check.start" subsystem="update" outcome="started"
2026-07-05T03:15:23.900886Z  INFO herdr::logging: checking for updates event="update.check.start" subsystem="update" outcome="started"
2026-07-05T03:45:23.864060Z  INFO herdr::logging: checking for updates event="update.check.start" subsystem="update" outcome="started"
2026-07-05T04:15:23.867706Z  INFO herdr::logging: checking for updates event="update.check.start" subsystem="update" outcome="started"
2026-07-05T04:45:23.915684Z  INFO herdr::logging: checking for updates event="update.check.start" subsystem="update" outcome="started"
2026-07-05T05:15:23.939597Z  INFO herdr::logging: checking for updates event="update.check.start" subsystem="update" outcome="started"
2026-07-05T05:45:23.966337Z  INFO herdr::logging: checking for updates event="update.check.start" subsystem="update" outcome="started"
2026-07-05T06:15:23.909408Z  INFO herdr::logging: checking for updates event="update.check.start" subsystem="update" outcome="started"
2026-07-05T06:45:23.920975Z  INFO herdr::logging: checking for updates event="update.check.start" subsystem="update" outcome="started"
2026-07-05T07:15:23.914957Z  INFO herdr::logging: checking for updates event="update.check.start" subsystem="update" outcome="started"
2026-07-05T07:45:23.946777Z  INFO herdr::logging: checking for updates event="update.check.start" subsystem="update" outcome="started"
2026-07-05T08:15:23.933904Z  INFO herdr::logging: checking for updates event="update.check.start" subsystem="update" outcome="started"
2026-07-05T08:45:23.994886Z  INFO herdr::logging: checking for updates event="update.check.start" subsystem="update" outcome="started"
2026-07-05T09:15:24.028949Z  INFO herdr::logging: checking for updates event="update.check.start" subsystem="update" outcome="started"
2026-07-05T09:45:24.047476Z  INFO herdr::logging: checking for updates event="update.check.start" subsystem="update" outcome="started"
2026-07-05T10:15:24.004710Z  INFO herdr::logging: checking for updates event="update.check.start" subsystem="update" outcome="started"
2026-07-05T10:45:24.014758Z  INFO herdr::logging: checking for updates event="update.check.start" subsystem="update" outcome="started"
2026-07-05T11:15:24.015603Z  INFO herdr::logging: checking for updates event="update.check.start" subsystem="update" outcome="started"
2026-07-05T11:45:23.996228Z  INFO herdr::logging: checking for updates event="update.check.start" subsystem="update" outcome="started"
2026-07-05T12:15:24.033126Z  INFO herdr::logging: checking for updates event="update.check.start" subsystem="update" outcome="started"
2026-07-05T12:45:24.054055Z  INFO herdr::logging: checking for updates event="update.check.start" subsystem="update" outcome="started"
2026-07-05T13:35:35.286904Z  INFO herdr::logging: checking for updates event="update.check.start" subsystem="update" outcome="started"
2026-07-05T14:05:35.328137Z  INFO herdr::logging: checking for updates event="update.check.start" subsystem="update" outcome="started"
2026-07-05T14:35:35.362573Z  INFO herdr::logging: checking for updates event="update.check.start" subsystem="update" outcome="started"
2026-07-05T15:05:35.322467Z  INFO herdr::logging: checking for updates event="update.check.start" subsystem="update" outcome="started"
2026-07-05T15:35:35.350708Z  INFO herdr::logging: checking for updates event="update.check.start" subsystem="update" outcome="started"
2026-07-05T16:05:35.287327Z  INFO herdr::logging: checking for updates event="update.check.start" subsystem="update" outcome="started"
2026-07-05T16:35:35.275655Z  INFO herdr::logging: checking for updates event="update.check.start" subsystem="update" outcome="started"
2026-07-05T17:05:35.315289Z  INFO herdr::logging: checking for updates event="update.check.start" subsystem="update" outcome="started"
2026-07-05T17:35:35.322656Z  INFO herdr::logging: checking for updates event="update.check.start" subsystem="update" outcome="started"
2026-07-05T18:05:35.394867Z  INFO herdr::logging: checking for updates event="update.check.start" subsystem="update" outcome="started"
2026-07-05T18:44:10.281947Z  INFO herdr::logging: checking for updates event="update.check.start" subsystem="update" outcome="started"
2026-07-05T19:14:10.299164Z  INFO herdr::logging: checking for updates event="update.check.start" subsystem="update" outcome="started"
2026-07-05T19:44:10.287903Z  INFO herdr::logging: checking for updates event="update.check.start" subsystem="update" outcome="started"
2026-07-05T20:14:10.295911Z  INFO herdr::logging: checking for updates event="update.check.start" subsystem="update" outcome="started"
2026-07-05T20:44:10.294460Z  INFO herdr::logging: checking for updates event="update.check.start" subsystem="update" outcome="started"
2026-07-05T21:30:06.914294Z  INFO herdr::logging: checking for updates event="update.check.start" subsystem="update" outcome="started"
2026-07-05T22:00:06.955119Z  INFO herdr::logging: checking for updates event="update.check.start" subsystem="update" outcome="started"
2026-07-05T23:19:33.366447Z  INFO herdr::logging: checking for updates event="update.check.start" subsystem="update" outcome="started"
2026-07-06T00:18:28.912887Z  INFO herdr::logging: checking for updates event="update.check.start" subsystem="update" outcome="started"
2026-07-06T00:48:28.987941Z  INFO herdr::logging: checking for updates event="update.check.start" subsystem="update" outcome="started"
2026-07-06T01:18:29.033946Z  INFO herdr::logging: checking for updates event="update.check.start" subsystem="update" outcome="started"
2026-07-06T01:48:28.989234Z  INFO herdr::logging: checking for updates event="update.check.start" subsystem="update" outcome="started"
2026-07-29T09:51:45.257346Z  INFO herdr::platform::macos: raised server file descriptor soft limit previous=256 target=8192
2026-07-29T09:51:45.258547Z  INFO herdr::api::server: api server listening path=/Users/jason/.config/herdr/herdr.sock
2026-07-29T09:51:45.262853Z  INFO herdr::logging: spawning pane terminal event="pane.spawn.start" subsystem="pane" outcome="started" pane_id=1 rows=24 cols=80 scrollback_limit_bytes=10000000
2026-07-29T09:51:45.272819Z  INFO herdr::logging: pane child spawned event="pane.spawned" subsystem="pane" outcome="ok" pane_id=1 pid=30702
2026-07-29T09:51:45.273830Z  INFO herdr::logging: session restore evaluated event="persist.restore" subsystem="persist" outcome="ok" workspaces=1
2026-07-29T09:51:45.273884Z  INFO herdr::app: using pane scrollback configuration pane_scrollback_limit_bytes=10000000
2026-07-29T09:51:45.304089Z  INFO herdr::logging: checking for updates event="update.check.start" subsystem="update" outcome="started"
2026-07-29T09:51:45.310353Z  INFO herdr::server::headless: restored session already has workspaces; ignoring startup cwd cwd=/Users/jason/.config
2026-07-29T09:51:45.310766Z  INFO herdr::server::headless: client protocol socket listening path=/Users/jason/.config/herdr/herdr-client.sock
2026-07-29T09:51:45.310809Z  INFO herdr::server::headless: herdr server started api_socket=/Users/jason/.config/herdr/herdr.sock client_socket=/Users/jason/.config/herdr/herdr-client.sock
2026-07-29T09:51:45.312099Z  INFO herdr::logging: herdr starting event="app.startup" subsystem="server" outcome="started" pid=30701
2026-07-29T09:51:45.395848Z  INFO herdr::server::headless: client connected client_id=2 cols=135 rows=41 cell_width_px=0 cell_height_px=0 render_encoding=SemanticFrame
2026-07-29T09:51:51.813574Z  INFO herdr::logging: tab focused event="tab.focus" subsystem="tab" outcome="ok" workspace_id="w6" tab_id="w6:t1"
2026-07-29T09:51:56.817374Z  INFO herdr::logging: session saved event="persist.save" subsystem="persist" outcome="ok" path=/Users/jason/.config/herdr/session.json workspaces=1
2026-07-29T09:53:07.702431Z  INFO herdr::logging: spawning pane terminal event="pane.spawn.start" subsystem="pane" outcome="started" pane_id=2 rows=40 cols=109 scrollback_limit_bytes=10000000
2026-07-29T09:53:07.706662Z  INFO herdr::logging: pane child spawned event="pane.spawned" subsystem="pane" outcome="ok" pane_id=2 pid=31114
2026-07-29T09:53:07.707028Z  INFO herdr::logging: workspace created event="workspace.create" subsystem="workspace" outcome="ok" workspace_id="w7" pane_id=2
2026-07-29T09:53:07.707060Z  INFO herdr::logging: workspace focused event="workspace.focus" subsystem="workspace" outcome="ok" workspace_id="w7"
2026-07-29T09:53:07.707233Z  INFO herdr::logging: tab focused event="tab.focus" subsystem="tab" outcome="ok" workspace_id="w7" tab_id="w7:t1"
2026-07-29T09:53:12.712290Z  INFO herdr::logging: session saved event="persist.save" subsystem="persist" outcome="ok" path=/Users/jason/.config/herdr/session.json workspaces=2
2026-07-29T09:54:25.461740Z  INFO herdr::logging: workspace renamed event="workspace.rename" subsystem="workspace" outcome="ok" workspace_id="w7"
2026-07-29T09:54:30.464113Z  INFO herdr::logging: session saved event="persist.save" subsystem="persist" outcome="ok" path=/Users/jason/.config/herdr/session.json workspaces=2
2026-07-29T09:54:48.703168Z  INFO herdr::logging: workspace focused event="workspace.focus" subsystem="workspace" outcome="ok" workspace_id="w6"
2026-07-29T09:54:48.703298Z  INFO herdr::logging: tab focused event="tab.focus" subsystem="tab" outcome="ok" workspace_id="w6" tab_id="w6:t1"
2026-07-29T09:54:53.707982Z  INFO herdr::logging: session saved event="persist.save" subsystem="persist" outcome="ok" path=/Users/jason/.config/herdr/session.json workspaces=2
2026-07-29T09:54:58.361488Z  INFO herdr::logging: workspace renamed event="workspace.rename" subsystem="workspace" outcome="ok" workspace_id="w6"
2026-07-29T09:55:03.368060Z  INFO herdr::logging: session saved event="persist.save" subsystem="persist" outcome="ok" path=/Users/jason/.config/herdr/session.json workspaces=2
2026-07-29T09:55:51.200424Z  INFO herdr::logging: spawning pane terminal event="pane.spawn.start" subsystem="pane" outcome="started" pane_id=3 rows=40 cols=109 scrollback_limit_bytes=10000000
2026-07-29T09:55:51.204680Z  INFO herdr::logging: pane child spawned event="pane.spawned" subsystem="pane" outcome="ok" pane_id=3 pid=31591
2026-07-29T09:55:51.204968Z  INFO herdr::logging: tab focused event="tab.focus" subsystem="tab" outcome="ok" workspace_id="w6" tab_id="w6:t1"
2026-07-29T09:55:56.208114Z  INFO herdr::logging: session saved event="persist.save" subsystem="persist" outcome="ok" path=/Users/jason/.config/herdr/session.json workspaces=2
2026-07-29T09:55:57.541423Z  INFO herdr::logging: pane child exited event="pane.exit" subsystem="pane" outcome="completed" pane_id=3 status="ExitStatus { code: 0, signal: None }"
2026-07-29T09:55:57.541556Z  INFO herdr::pane: pane session terminated pane=3 pid=31591 signal=Hangup
2026-07-29T09:56:02.543447Z  INFO herdr::logging: session saved event="persist.save" subsystem="persist" outcome="ok" path=/Users/jason/.config/herdr/session.json workspaces=2
2026-07-29T09:56:35.372348Z  INFO herdr::logging: tab focused event="tab.focus" subsystem="tab" outcome="ok" workspace_id="w6" tab_id="w6:t1"
2026-07-29T09:56:40.375323Z  INFO herdr::logging: session saved event="persist.save" subsystem="persist" outcome="ok" path=/Users/jason/.config/herdr/session.json workspaces=2
2026-07-29T09:58:55.794182Z  INFO herdr::logging: spawning pane terminal event="pane.spawn.start" subsystem="pane" outcome="started" pane_id=4 rows=40 cols=109 scrollback_limit_bytes=10000000
2026-07-29T09:58:55.799296Z  INFO herdr::logging: pane child spawned event="pane.spawned" subsystem="pane" outcome="ok" pane_id=4 pid=32125
2026-07-29T09:58:55.799631Z  INFO herdr::logging: tab focused event="tab.focus" subsystem="tab" outcome="ok" workspace_id="w6" tab_id="w6:t2"
2026-07-29T09:59:00.805713Z  INFO herdr::logging: session saved event="persist.save" subsystem="persist" outcome="ok" path=/Users/jason/.config/herdr/session.json workspaces=2
2026-07-29T09:59:08.180660Z  INFO herdr::logging: pane child exited event="pane.exit" subsystem="pane" outcome="completed" pane_id=4 status="ExitStatus { code: 0, signal: None }"
2026-07-29T09:59:08.180792Z  INFO herdr::pane: pane session terminated pane=4 pid=32125 signal=Hangup
2026-07-29T09:59:13.188195Z  INFO herdr::logging: session saved event="persist.save" subsystem="persist" outcome="ok" path=/Users/jason/.config/herdr/session.json workspaces=2
2026-07-29T10:01:50.599750Z  INFO herdr::logging: workspace focused event="workspace.focus" subsystem="workspace" outcome="ok" workspace_id="w7"
2026-07-29T10:01:50.599845Z  INFO herdr::logging: tab focused event="tab.focus" subsystem="tab" outcome="ok" workspace_id="w7" tab_id="w7:t1"
2026-07-29T10:01:55.605642Z  INFO herdr::logging: session saved event="persist.save" subsystem="persist" outcome="ok" path=/Users/jason/.config/herdr/session.json workspaces=2
2026-07-29T10:01:57.400162Z  INFO herdr::logging: workspace focused event="workspace.focus" subsystem="workspace" outcome="ok" workspace_id="w6"
2026-07-29T10:01:57.400213Z  INFO herdr::logging: tab focused event="tab.focus" subsystem="tab" outcome="ok" workspace_id="w6" tab_id="w6:t1"
2026-07-29T10:02:02.407399Z  INFO herdr::logging: session saved event="persist.save" subsystem="persist" outcome="ok" path=/Users/jason/.config/herdr/session.json workspaces=2
2026-07-29T10:02:04.308921Z  INFO herdr::logging: spawning pane terminal event="pane.spawn.start" subsystem="pane" outcome="started" pane_id=5 rows=40 cols=109 scrollback_limit_bytes=10000000
2026-07-29T10:02:04.313982Z  INFO herdr::logging: pane child spawned event="pane.spawned" subsystem="pane" outcome="ok" pane_id=5 pid=32693
2026-07-29T10:02:04.314207Z  INFO herdr::logging: tab focused event="tab.focus" subsystem="tab" outcome="ok" workspace_id="w6" tab_id="w6:t1"
2026-07-29T10:02:09.319878Z  INFO herdr::logging: session saved event="persist.save" subsystem="persist" outcome="ok" path=/Users/jason/.config/herdr/session.json workspaces=2
2026-07-29T10:03:17.094921Z  INFO herdr::logging: pane child exited event="pane.exit" subsystem="pane" outcome="completed" pane_id=5 status="ExitStatus { code: 0, signal: None }"
2026-07-29T10:03:17.095105Z  INFO herdr::pane: pane session terminated pane=5 pid=32693 signal=Hangup
2026-07-29T10:03:22.099985Z  INFO herdr::logging: session saved event="persist.save" subsystem="persist" outcome="ok" path=/Users/jason/.config/herdr/session.json workspaces=2
2026-07-29T10:21:45.254882Z  INFO herdr::logging: checking for updates event="update.check.start" subsystem="update" outcome="started"
2026-07-29T10:47:19.459916Z  INFO herdr::logging: api request completed event="api.request.complete" subsystem="api" outcome="error" request_id="cli:plugin" method="plugin.link"
2026-07-29T10:51:45.257401Z  INFO herdr::logging: checking for updates event="update.check.start" subsystem="update" outcome="started"
2026-07-29T10:56:46.318394Z  INFO herdr::logging: workspace focused event="workspace.focus" subsystem="workspace" outcome="ok" workspace_id="w7"
2026-07-29T10:56:46.319122Z  INFO herdr::logging: tab focused event="tab.focus" subsystem="tab" outcome="ok" workspace_id="w7" tab_id="w7:t1"
2026-07-29T10:56:51.331698Z  INFO herdr::logging: session saved event="persist.save" subsystem="persist" outcome="ok" path=/Users/jason/.config/herdr/session.json workspaces=2
2026-07-29T10:56:53.545981Z  INFO herdr::logging: workspace renamed event="workspace.rename" subsystem="workspace" outcome="ok" workspace_id="w7"
2026-07-29T10:56:58.569082Z  INFO herdr::logging: session saved event="persist.save" subsystem="persist" outcome="ok" path=/Users/jason/.config/herdr/session.json workspaces=2
2026-07-29T11:00:56.180523Z  INFO herdr::logging: spawning pane terminal event="pane.spawn.start" subsystem="pane" outcome="started" pane_id=6 rows=40 cols=109 scrollback_limit_bytes=10000000
2026-07-29T11:00:56.187469Z  INFO herdr::logging: pane child spawned event="pane.spawned" subsystem="pane" outcome="ok" pane_id=6 pid=51993
2026-07-29T11:00:56.187747Z  INFO herdr::logging: tab focused event="tab.focus" subsystem="tab" outcome="ok" workspace_id="w7" tab_id="w7:t2"
2026-07-29T11:01:01.196848Z  INFO herdr::logging: session saved event="persist.save" subsystem="persist" outcome="ok" path=/Users/jason/.config/herdr/session.json workspaces=2
2026-07-29T11:01:02.633115Z  INFO herdr::logging: tab focused event="tab.focus" subsystem="tab" outcome="ok" workspace_id="w7" tab_id="w7:t1"
2026-07-29T11:01:06.016248Z  INFO herdr::logging: tab focused event="tab.focus" subsystem="tab" outcome="ok" workspace_id="w7" tab_id="w7:t2"
2026-07-29T11:01:11.029125Z  INFO herdr::logging: session saved event="persist.save" subsystem="persist" outcome="ok" path=/Users/jason/.config/herdr/session.json workspaces=2
2026-07-29T11:07:30.579324Z  INFO herdr::logging: tab focused event="tab.focus" subsystem="tab" outcome="ok" workspace_id="w7" tab_id="w7:t1"
2026-07-29T11:07:35.588419Z  INFO herdr::logging: session saved event="persist.save" subsystem="persist" outcome="ok" path=/Users/jason/.config/herdr/session.json workspaces=2
2026-07-29T11:54:06.627155Z  INFO herdr::logging: checking for updates event="update.check.start" subsystem="update" outcome="started"
2026-07-29T11:54:09.686569Z  WARN herdr::detect::manifest_update: agent detection manifest update failed: failed to fetch https://herdr.dev/agent-detection/index.toml
2026-07-29T11:54:09.686577Z  WARN herdr::logging: update check failed event="update.check.complete" subsystem="update" outcome="error" err="failed to fetch Homebrew formula JSON"
2026-07-29T19:50:59.212470Z  INFO herdr::logging: checking for updates event="update.check.start" subsystem="update" outcome="started"
2026-07-29T23:31:04.658631Z  INFO herdr::logging: spawning pane terminal event="pane.spawn.start" subsystem="pane" outcome="started" pane_id=7 rows=40 cols=109 scrollback_limit_bytes=10000000
2026-07-29T23:31:04.666443Z  INFO herdr::logging: pane child spawned event="pane.spawned" subsystem="pane" outcome="ok" pane_id=7 pid=79090
2026-07-29T23:31:04.666922Z  INFO herdr::logging: tab focused event="tab.focus" subsystem="tab" outcome="ok" workspace_id="w7" tab_id="w7:t1"
2026-07-29T23:31:06.468390Z  INFO herdr::logging: api request received event="api.request.start" subsystem="api" outcome="started" request_id="cli:pane:focus" method="pane.focus_direction" changes_ui=true
2026-07-29T23:31:06.468489Z  INFO herdr::logging: tab focused event="tab.focus" subsystem="tab" outcome="ok" workspace_id="w7" tab_id="w7:t1"
2026-07-29T23:31:06.468508Z  INFO herdr::logging: tab focused event="tab.focus" subsystem="tab" outcome="ok" workspace_id="w7" tab_id="w7:t1"
2026-07-29T23:31:06.468946Z  INFO herdr::logging: api request completed event="api.request.complete" subsystem="api" outcome="ok" request_id="cli:pane:focus" method="pane.focus_direction"
2026-07-29T23:31:11.475002Z  INFO herdr::logging: session saved event="persist.save" subsystem="persist" outcome="ok" path=/Users/jason/.config/herdr/session.json workspaces=2
2026-07-29T23:32:25.518523Z  INFO herdr::logging: api request received event="api.request.start" subsystem="api" outcome="started" request_id="cli:pane:focus" method="pane.focus_direction" changes_ui=true
2026-07-29T23:32:25.518627Z  INFO herdr::logging: tab focused event="tab.focus" subsystem="tab" outcome="ok" workspace_id="w7" tab_id="w7:t1"
2026-07-29T23:32:25.518671Z  INFO herdr::logging: tab focused event="tab.focus" subsystem="tab" outcome="ok" workspace_id="w7" tab_id="w7:t1"
2026-07-29T23:32:25.518713Z  INFO herdr::logging: api request completed event="api.request.complete" subsystem="api" outcome="ok" request_id="cli:pane:focus" method="pane.focus_direction"
2026-07-29T23:32:26.373655Z  INFO herdr::logging: api request received event="api.request.start" subsystem="api" outcome="started" request_id="cli:pane:focus" method="pane.focus_direction" changes_ui=true
2026-07-29T23:32:26.373838Z  INFO herdr::logging: tab focused event="tab.focus" subsystem="tab" outcome="ok" workspace_id="w7" tab_id="w7:t1"
2026-07-29T23:32:26.373927Z  INFO herdr::logging: tab focused event="tab.focus" subsystem="tab" outcome="ok" workspace_id="w7" tab_id="w7:t1"
2026-07-29T23:32:26.373993Z  INFO herdr::logging: api request completed event="api.request.complete" subsystem="api" outcome="ok" request_id="cli:pane:focus" method="pane.focus_direction"
2026-07-29T23:32:31.378262Z  INFO herdr::logging: session saved event="persist.save" subsystem="persist" outcome="ok" path=/Users/jason/.config/herdr/session.json workspaces=2
2026-07-29T23:33:32.630685Z  INFO herdr::logging: api request received event="api.request.start" subsystem="api" outcome="started" request_id="cli:pane:focus" method="pane.focus_direction" changes_ui=true
2026-07-29T23:33:32.630804Z  INFO herdr::logging: tab focused event="tab.focus" subsystem="tab" outcome="ok" workspace_id="w7" tab_id="w7:t1"
2026-07-29T23:33:32.630825Z  INFO herdr::logging: tab focused event="tab.focus" subsystem="tab" outcome="ok" workspace_id="w7" tab_id="w7:t1"
2026-07-29T23:33:32.630860Z  INFO herdr::logging: api request completed event="api.request.complete" subsystem="api" outcome="ok" request_id="cli:pane:focus" method="pane.focus_direction"
2026-07-29T23:33:33.199889Z  INFO herdr::logging: api request received event="api.request.start" subsystem="api" outcome="started" request_id="cli:pane:focus" method="pane.focus_direction" changes_ui=true
2026-07-29T23:33:33.200170Z  INFO herdr::logging: tab focused event="tab.focus" subsystem="tab" outcome="ok" workspace_id="w7" tab_id="w7:t1"
2026-07-29T23:33:33.200210Z  INFO herdr::logging: tab focused event="tab.focus" subsystem="tab" outcome="ok" workspace_id="w7" tab_id="w7:t1"
2026-07-29T23:33:33.200280Z  INFO herdr::logging: api request completed event="api.request.complete" subsystem="api" outcome="ok" request_id="cli:pane:focus" method="pane.focus_direction"
2026-07-29T23:33:38.208022Z  INFO herdr::logging: session saved event="persist.save" subsystem="persist" outcome="ok" path=/Users/jason/.config/herdr/session.json workspaces=2
2026-07-29T23:36:08.218275Z  INFO herdr::logging: api request received event="api.request.start" subsystem="api" outcome="started" request_id="cli:pane:focus" method="pane.focus_direction" changes_ui=true
2026-07-29T23:36:08.218382Z  INFO herdr::logging: tab focused event="tab.focus" subsystem="tab" outcome="ok" workspace_id="w7" tab_id="w7:t1"
2026-07-29T23:36:08.218402Z  INFO herdr::logging: tab focused event="tab.focus" subsystem="tab" outcome="ok" workspace_id="w7" tab_id="w7:t1"
2026-07-29T23:36:08.218469Z  INFO herdr::logging: api request completed event="api.request.complete" subsystem="api" outcome="ok" request_id="cli:pane:focus" method="pane.focus_direction"
2026-07-29T23:36:08.890590Z  INFO herdr::logging: api request received event="api.request.start" subsystem="api" outcome="started" request_id="cli:pane:focus" method="pane.focus_direction" changes_ui=true
2026-07-29T23:36:08.890696Z  INFO herdr::logging: tab focused event="tab.focus" subsystem="tab" outcome="ok" workspace_id="w7" tab_id="w7:t1"
2026-07-29T23:36:08.890744Z  INFO herdr::logging: tab focused event="tab.focus" subsystem="tab" outcome="ok" workspace_id="w7" tab_id="w7:t1"
2026-07-29T23:36:08.890807Z  INFO herdr::logging: api request completed event="api.request.complete" subsystem="api" outcome="ok" request_id="cli:pane:focus" method="pane.focus_direction"
2026-07-29T23:36:13.897502Z  INFO herdr::logging: session saved event="persist.save" subsystem="persist" outcome="ok" path=/Users/jason/.config/herdr/session.json workspaces=2
2026-07-29T23:37:48.460667Z  INFO herdr::logging: tab focused event="tab.focus" subsystem="tab" outcome="ok" workspace_id="w7" tab_id="w7:t2"
2026-07-29T23:37:53.465044Z  INFO herdr::logging: session saved event="persist.save" subsystem="persist" outcome="ok" path=/Users/jason/.config/herdr/session.json workspaces=2
2026-07-29T23:39:13.346373Z  INFO herdr::app::actions: copied selection to clipboard
2026-07-29T23:39:17.714512Z  INFO herdr::logging: tab focused event="tab.focus" subsystem="tab" outcome="ok" workspace_id="w7" tab_id="w7:t1"
2026-07-29T23:39:22.720363Z  INFO herdr::logging: session saved event="persist.save" subsystem="persist" outcome="ok" path=/Users/jason/.config/herdr/session.json workspaces=2
2026-07-29T23:39:40.563010Z  INFO herdr::logging: tab focused event="tab.focus" subsystem="tab" outcome="ok" workspace_id="w7" tab_id="w7:t2"
2026-07-29T23:39:45.569869Z  INFO herdr::logging: session saved event="persist.save" subsystem="persist" outcome="ok" path=/Users/jason/.config/herdr/session.json workspaces=2
2026-07-29T23:39:46.729462Z  INFO herdr::logging: tab focused event="tab.focus" subsystem="tab" outcome="ok" workspace_id="w7" tab_id="w7:t1"
2026-07-29T23:39:51.734153Z  INFO herdr::logging: session saved event="persist.save" subsystem="persist" outcome="ok" path=/Users/jason/.config/herdr/session.json workspaces=2
2026-07-29T23:40:03.521944Z  INFO herdr::logging: api request received event="api.request.start" subsystem="api" outcome="started" request_id="cli:pane:focus" method="pane.focus_direction" changes_ui=true
2026-07-29T23:40:03.522080Z  INFO herdr::logging: tab focused event="tab.focus" subsystem="tab" outcome="ok" workspace_id="w7" tab_id="w7:t1"
2026-07-29T23:40:03.522101Z  INFO herdr::logging: tab focused event="tab.focus" subsystem="tab" outcome="ok" workspace_id="w7" tab_id="w7:t1"
2026-07-29T23:40:03.522153Z  INFO herdr::logging: api request completed event="api.request.complete" subsystem="api" outcome="ok" request_id="cli:pane:focus" method="pane.focus_direction"
2026-07-29T23:40:03.935489Z  INFO herdr::logging: api request received event="api.request.start" subsystem="api" outcome="started" request_id="cli:pane:focus" method="pane.focus_direction" changes_ui=true
2026-07-29T23:40:03.935603Z  INFO herdr::logging: tab focused event="tab.focus" subsystem="tab" outcome="ok" workspace_id="w7" tab_id="w7:t1"
2026-07-29T23:40:03.935640Z  INFO herdr::logging: tab focused event="tab.focus" subsystem="tab" outcome="ok" workspace_id="w7" tab_id="w7:t1"
2026-07-29T23:40:03.935717Z  INFO herdr::logging: api request completed event="api.request.complete" subsystem="api" outcome="ok" request_id="cli:pane:focus" method="pane.focus_direction"
2026-07-29T23:40:08.941317Z  INFO herdr::logging: session saved event="persist.save" subsystem="persist" outcome="ok" path=/Users/jason/.config/herdr/session.json workspaces=2
2026-07-29T23:59:39.318960Z  INFO herdr::logging: checking for updates event="update.check.start" subsystem="update" outcome="started"
2026-07-30T00:20:08.829059Z  INFO herdr::server::headless: client resize client_id=2 cols=230 rows=61 cell_width_px=0 cell_height_px=0
2026-07-30T00:29:39.335833Z  INFO herdr::logging: checking for updates event="update.check.start" subsystem="update" outcome="started"
2026-07-30T00:38:43.830111Z  INFO herdr::server::headless: client resize client_id=2 cols=232 rows=61 cell_width_px=0 cell_height_px=0
2026-07-30T00:59:39.344145Z  INFO herdr::logging: checking for updates event="update.check.start" subsystem="update" outcome="started"
2026-07-30T01:29:39.364227Z  INFO herdr::logging: checking for updates event="update.check.start" subsystem="update" outcome="started"
2026-07-30T01:59:39.380291Z  INFO herdr::logging: checking for updates event="update.check.start" subsystem="update" outcome="started"
2026-07-30T02:29:39.395230Z  INFO herdr::logging: checking for updates event="update.check.start" subsystem="update" outcome="started"
2026-07-30T02:45:35.151643Z  INFO herdr::logging: api request received event="api.request.start" subsystem="api" outcome="started" request_id="cli:pane:focus" method="pane.focus_direction" changes_ui=true
2026-07-30T02:45:35.152436Z  INFO herdr::logging: tab focused event="tab.focus" subsystem="tab" outcome="ok" workspace_id="w7" tab_id="w7:t1"
2026-07-30T02:45:35.152470Z  INFO herdr::logging: tab focused event="tab.focus" subsystem="tab" outcome="ok" workspace_id="w7" tab_id="w7:t1"
2026-07-30T02:45:35.152857Z  INFO herdr::logging: api request completed event="api.request.complete" subsystem="api" outcome="ok" request_id="cli:pane:focus" method="pane.focus_direction"
2026-07-30T02:45:36.031157Z  INFO herdr::logging: api request received event="api.request.start" subsystem="api" outcome="started" request_id="cli:pane:focus" method="pane.focus_direction" changes_ui=true
2026-07-30T02:45:36.031265Z  INFO herdr::logging: tab focused event="tab.focus" subsystem="tab" outcome="ok" workspace_id="w7" tab_id="w7:t1"
2026-07-30T02:45:36.031279Z  INFO herdr::logging: tab focused event="tab.focus" subsystem="tab" outcome="ok" workspace_id="w7" tab_id="w7:t1"
2026-07-30T02:45:36.031383Z  INFO herdr::logging: api request completed event="api.request.complete" subsystem="api" outcome="ok" request_id="cli:pane:focus" method="pane.focus_direction"
2026-07-30T02:45:36.662161Z  INFO herdr::logging: api request received event="api.request.start" subsystem="api" outcome="started" request_id="cli:pane:focus" method="pane.focus_direction" changes_ui=true
2026-07-30T02:45:36.662269Z  INFO herdr::logging: tab focused event="tab.focus" subsystem="tab" outcome="ok" workspace_id="w7" tab_id="w7:t1"
2026-07-30T02:45:36.662282Z  INFO herdr::logging: tab focused event="tab.focus" subsystem="tab" outcome="ok" workspace_id="w7" tab_id="w7:t1"
2026-07-30T02:45:36.662349Z  INFO herdr::logging: api request completed event="api.request.complete" subsystem="api" outcome="ok" request_id="cli:pane:focus" method="pane.focus_direction"
2026-07-30T02:45:37.654333Z  INFO herdr::logging: pane child exited event="pane.exit" subsystem="pane" outcome="completed" pane_id=7 status="ExitStatus { code: 0, signal: None }"
2026-07-30T02:45:37.654842Z  INFO herdr::pane: pane session terminated pane=7 pid=79090 signal=Hangup
2026-07-30T02:45:42.668602Z  INFO herdr::logging: session saved event="persist.save" subsystem="persist" outcome="ok" path=/Users/jason/.config/herdr/session.json workspaces=2
2026-07-30T02:59:39.411444Z  INFO herdr::logging: checking for updates event="update.check.start" subsystem="update" outcome="started"
2026-07-30T03:00:52.643066Z  INFO herdr::server::headless: client resize client_id=2 cols=135 rows=41 cell_width_px=0 cell_height_px=0
2026-07-30T03:29:39.431219Z  INFO herdr::logging: checking for updates event="update.check.start" subsystem="update" outcome="started"
2026-07-30T03:53:37.268898Z  INFO herdr::server::headless: client resize client_id=2 cols=232 rows=61 cell_width_px=0 cell_height_px=0
2026-07-30T03:59:39.445053Z  INFO herdr::logging: checking for updates event="update.check.start" subsystem="update" outcome="started"
2026-07-30T04:29:39.454597Z  INFO herdr::logging: checking for updates event="update.check.start" subsystem="update" outcome="started"
2026-07-30T04:31:29.335284Z  INFO herdr::server::headless: client resize client_id=2 cols=135 rows=41 cell_width_px=0 cell_height_px=0
2026-07-30T04:31:53.611571Z  INFO herdr::server::headless: client resize client_id=2 cols=232 rows=61 cell_width_px=0 cell_height_px=0
2026-07-30T04:54:56.206690Z  INFO herdr::server::headless: client resize client_id=2 cols=135 rows=41 cell_width_px=0 cell_height_px=0
2026-07-30T04:59:18.181209Z  INFO herdr::server::headless: client resize client_id=2 cols=232 rows=61 cell_width_px=0 cell_height_px=0
2026-07-30T04:59:39.459266Z  INFO herdr::logging: checking for updates event="update.check.start" subsystem="update" outcome="started"
2026-07-30T05:29:39.470925Z  INFO herdr::logging: checking for updates event="update.check.start" subsystem="update" outcome="started"
2026-07-30T05:59:39.484168Z  INFO herdr::logging: checking for updates event="update.check.start" subsystem="update" outcome="started"
2026-07-30T06:02:55.684460Z  INFO herdr::server::headless: client resize client_id=2 cols=135 rows=41 cell_width_px=0 cell_height_px=0
2026-07-30T12:10:51.742466Z  INFO herdr::logging: checking for updates event="update.check.start" subsystem="update" outcome="started"
2026-07-30T12:40:51.736212Z  INFO herdr::logging: checking for updates event="update.check.start" subsystem="update" outcome="started"
2026-07-30T13:10:51.747468Z  INFO herdr::logging: checking for updates event="update.check.start" subsystem="update" outcome="started"
2026-07-30T13:40:51.749870Z  INFO herdr::logging: checking for updates event="update.check.start" subsystem="update" outcome="started"
2026-07-30T14:10:51.754973Z  INFO herdr::logging: checking for updates event="update.check.start" subsystem="update" outcome="started"
2026-07-30T14:40:51.754904Z  INFO herdr::logging: checking for updates event="update.check.start" subsystem="update" outcome="started"
2026-07-30T15:10:51.758566Z  INFO herdr::logging: checking for updates event="update.check.start" subsystem="update" outcome="started"
2026-07-30T15:40:51.761578Z  INFO herdr::logging: checking for updates event="update.check.start" subsystem="update" outcome="started"
2026-07-30T16:10:51.767074Z  INFO herdr::logging: checking for updates event="update.check.start" subsystem="update" outcome="started"
2026-07-30T16:40:51.773031Z  INFO herdr::logging: checking for updates event="update.check.start" subsystem="update" outcome="started"
2026-07-30T17:10:51.782218Z  INFO herdr::logging: checking for updates event="update.check.start" subsystem="update" outcome="started"
2026-07-30T17:40:51.788957Z  INFO herdr::logging: checking for updates event="update.check.start" subsystem="update" outcome="started"
2026-07-30T18:10:51.786842Z  INFO herdr::logging: checking for updates event="update.check.start" subsystem="update" outcome="started"
2026-07-30T18:40:51.786426Z  INFO herdr::logging: checking for updates event="update.check.start" subsystem="update" outcome="started"
2026-07-30T19:10:51.786108Z  INFO herdr::logging: checking for updates event="update.check.start" subsystem="update" outcome="started"
2026-07-30T19:40:51.785824Z  INFO herdr::logging: checking for updates event="update.check.start" subsystem="update" outcome="started"
2026-07-30T20:10:51.785963Z  INFO herdr::logging: checking for updates event="update.check.start" subsystem="update" outcome="started"
2026-07-30T20:40:51.790569Z  INFO herdr::logging: checking for updates event="update.check.start" subsystem="update" outcome="started"
2026-07-30T21:10:51.795581Z  INFO herdr::logging: checking for updates event="update.check.start" subsystem="update" outcome="started"
2026-07-30T21:40:51.798581Z  INFO herdr::logging: checking for updates event="update.check.start" subsystem="update" outcome="started"
2026-07-30T22:10:51.800473Z  INFO herdr::logging: checking for updates event="update.check.start" subsystem="update" outcome="started"
2026-07-30T22:40:51.807202Z  INFO herdr::logging: checking for updates event="update.check.start" subsystem="update" outcome="started"
2026-07-30T23:10:51.809861Z  INFO herdr::logging: checking for updates event="update.check.start" subsystem="update" outcome="started"
2026-07-30T23:40:51.828446Z  INFO herdr::logging: checking for updates event="update.check.start" subsystem="update" outcome="started"
2026-07-31T00:10:51.828165Z  INFO herdr::logging: checking for updates event="update.check.start" subsystem="update" outcome="started"
2026-07-31T00:40:51.832221Z  INFO herdr::logging: checking for updates event="update.check.start" subsystem="update" outcome="started"
2026-07-31T01:10:51.836377Z  INFO herdr::logging: checking for updates event="update.check.start" subsystem="update" outcome="started"
2026-07-31T01:40:51.842257Z  INFO herdr::logging: checking for updates event="update.check.start" subsystem="update" outcome="started"
2026-07-31T02:10:51.841302Z  INFO herdr::logging: checking for updates event="update.check.start" subsystem="update" outcome="started"
2026-07-31T02:40:51.845628Z  INFO herdr::logging: checking for updates event="update.check.start" subsystem="update" outcome="started"
2026-07-31T03:10:51.857561Z  INFO herdr::logging: checking for updates event="update.check.start" subsystem="update" outcome="started"
2026-07-31T03:40:51.866589Z  INFO herdr::logging: checking for updates event="update.check.start" subsystem="update" outcome="started"
2026-07-31T04:10:51.862984Z  INFO herdr::logging: checking for updates event="update.check.start" subsystem="update" outcome="started"
2026-07-31T04:40:51.869623Z  INFO herdr::logging: checking for updates event="update.check.start" subsystem="update" outcome="started"
2026-07-31T04:45:35.911966Z  INFO herdr::server::headless: client connected client_id=4 cols=36 rows=13 cell_width_px=0 cell_height_px=0 render_encoding=SemanticFrame
2026-07-31T04:45:47.928811Z  INFO herdr::server::headless: client disconnected client_id=4
2026-07-31T05:10:51.876448Z  INFO herdr::logging: checking for updates event="update.check.start" subsystem="update" outcome="started"
2026-07-31T05:40:51.885043Z  INFO herdr::logging: checking for updates event="update.check.start" subsystem="update" outcome="started"
2026-07-31T06:10:51.900975Z  INFO herdr::logging: checking for updates event="update.check.start" subsystem="update" outcome="started"
2026-07-31T06:30:21.981234Z  INFO herdr::logging: spawning pane terminal event="pane.spawn.start" subsystem="pane" outcome="started" pane_id=8 rows=40 cols=109 scrollback_limit_bytes=10000000
2026-07-31T06:30:22.000291Z  INFO herdr::logging: pane child spawned event="pane.spawned" subsystem="pane" outcome="ok" pane_id=8 pid=10758
2026-07-31T06:30:22.000786Z  INFO herdr::logging: workspace created event="workspace.create" subsystem="workspace" outcome="ok" workspace_id="w8" pane_id=8
2026-07-31T06:30:22.000804Z  INFO herdr::logging: workspace focused event="workspace.focus" subsystem="workspace" outcome="ok" workspace_id="w8"
2026-07-31T06:30:22.000845Z  INFO herdr::logging: tab focused event="tab.focus" subsystem="tab" outcome="ok" workspace_id="w8" tab_id="w8:t1"
2026-07-31T06:30:27.011063Z  INFO herdr::logging: session saved event="persist.save" subsystem="persist" outcome="ok" path=/Users/jason/.config/herdr/session.json workspaces=3
2026-07-31T06:30:35.908363Z  INFO herdr::logging: workspace renamed event="workspace.rename" subsystem="workspace" outcome="ok" workspace_id="w8"
2026-07-31T06:30:40.912402Z  INFO herdr::logging: session saved event="persist.save" subsystem="persist" outcome="ok" path=/Users/jason/.config/herdr/session.json workspaces=3
2026-07-31T06:40:51.914348Z  INFO herdr::logging: checking for updates event="update.check.start" subsystem="update" outcome="started"
2026-07-31T06:44:21.870615Z  INFO herdr::logging: spawning pane terminal event="pane.spawn.start" subsystem="pane" outcome="started" pane_id=9 rows=40 cols=131 scrollback_limit_bytes=10000000
2026-07-31T06:44:21.885130Z  INFO herdr::logging: pane child spawned event="pane.spawned" subsystem="pane" outcome="ok" pane_id=9 pid=16139
2026-07-31T06:44:21.885594Z  INFO herdr::logging: tab focused event="tab.focus" subsystem="tab" outcome="ok" workspace_id="w8" tab_id="w8:t2"
2026-07-31T06:44:26.897508Z  INFO herdr::logging: session saved event="persist.save" subsystem="persist" outcome="ok" path=/Users/jason/.config/herdr/session.json workspaces=3
2026-07-31T06:46:04.997012Z  INFO herdr::logging: tab focused event="tab.focus" subsystem="tab" outcome="ok" workspace_id="w8" tab_id="w8:t1"
2026-07-31T06:46:10.004330Z  INFO herdr::logging: session saved event="persist.save" subsystem="persist" outcome="ok" path=/Users/jason/.config/herdr/session.json workspaces=3
2026-07-31T06:46:21.829777Z  INFO herdr::logging: tab focused event="tab.focus" subsystem="tab" outcome="ok" workspace_id="w8" tab_id="w8:t2"
2026-07-31T06:46:25.997241Z  INFO herdr::pane: agent changed pane=9 previous_agent=None agent=Some(OpenCode) process=opencode pgid=Some(16730)
2026-07-31T06:46:26.833424Z  INFO herdr::logging: session saved event="persist.save" subsystem="persist" outcome="ok" path=/Users/jason/.config/herdr/session.json workspaces=3
2026-07-31T06:49:10.968365Z  INFO herdr::pane: agent changed pane=9 previous_agent=None agent=Some(OpenCode) process=opencode pgid=Some(16730)
2026-07-31T06:49:15.937271Z  INFO herdr::logging: session saved event="persist.save" subsystem="persist" outcome="ok" path=/Users/jason/.config/herdr/session.json workspaces=3
2026-07-31T06:52:08.195141Z  INFO herdr::logging: tab focused event="tab.focus" subsystem="tab" outcome="ok" workspace_id="w8" tab_id="w8:t1"
2026-07-31T06:52:13.202160Z  INFO herdr::logging: session saved event="persist.save" subsystem="persist" outcome="ok" path=/Users/jason/.config/herdr/session.json workspaces=3
2026-07-31T07:10:51.932524Z  INFO herdr::logging: checking for updates event="update.check.start" subsystem="update" outcome="started"
2026-07-31T07:40:51.947063Z  INFO herdr::logging: checking for updates event="update.check.start" subsystem="update" outcome="started"
2026-07-31T08:10:51.960809Z  INFO herdr::logging: checking for updates event="update.check.start" subsystem="update" outcome="started"
2026-07-31T08:40:51.988051Z  INFO herdr::logging: checking for updates event="update.check.start" subsystem="update" outcome="started"
2026-07-31T09:18:59.608785Z  INFO herdr::logging: checking for updates event="update.check.start" subsystem="update" outcome="started"
2026-07-31T09:48:59.617751Z  INFO herdr::logging: checking for updates event="update.check.start" subsystem="update" outcome="started"
2026-07-31T10:18:59.634490Z  INFO herdr::logging: checking for updates event="update.check.start" subsystem="update" outcome="started"
2026-07-31T10:48:59.647924Z  INFO herdr::logging: checking for updates event="update.check.start" subsystem="update" outcome="started"
2026-07-31T11:18:59.668259Z  INFO herdr::logging: checking for updates event="update.check.start" subsystem="update" outcome="started"
2026-07-31T11:48:59.677116Z  INFO herdr::logging: checking for updates event="update.check.start" subsystem="update" outcome="started"
2026-07-31T12:18:59.689050Z  INFO herdr::logging: checking for updates event="update.check.start" subsystem="update" outcome="started"
2026-07-31T12:48:59.707898Z  INFO herdr::logging: checking for updates event="update.check.start" subsystem="update" outcome="started"
2026-07-31T13:18:59.724764Z  INFO herdr::logging: checking for updates event="update.check.start" subsystem="update" outcome="started"
2026-08-01T00:10:44.008675Z  INFO herdr::logging: checking for updates event="update.check.start" subsystem="update" outcome="started"
2026-08-01T01:02:16.521258Z  INFO herdr::logging: checking for updates event="update.check.start" subsystem="update" outcome="started"
2026-08-01T01:02:19.661306Z  WARN herdr::logging: update check failed event="update.check.complete" subsystem="update" outcome="error" err="failed to fetch Homebrew formula JSON"
2026-08-01T01:02:19.662077Z  WARN herdr::detect::manifest_update: agent detection manifest update failed: failed to fetch https://herdr.dev/agent-detection/index.toml
2026-08-01T08:18:13.203437Z  INFO herdr::logging: checking for updates event="update.check.start" subsystem="update" outcome="started"
2026-08-01T13:42:10.598816Z  INFO herdr::logging: checking for updates event="update.check.start" subsystem="update" outcome="started"
2026-08-01T17:24:43.979699Z  INFO herdr::logging: checking for updates event="update.check.start" subsystem="update" outcome="started"
2026-08-01T23:47:09.255411Z  INFO herdr::logging: checking for updates event="update.check.start" subsystem="update" outcome="started"
2026-08-02T00:17:09.266733Z  INFO herdr::logging: checking for updates event="update.check.start" subsystem="update" outcome="started"
2026-08-02T00:47:09.279456Z  INFO herdr::logging: checking for updates event="update.check.start" subsystem="update" outcome="started"
2026-08-02T01:17:09.300594Z  INFO herdr::logging: checking for updates event="update.check.start" subsystem="update" outcome="started"
2026-08-02T01:47:09.319595Z  INFO herdr::logging: checking for updates event="update.check.start" subsystem="update" outcome="started"
2026-08-02T02:17:09.339425Z  INFO herdr::logging: checking for updates event="update.check.start" subsystem="update" outcome="started"
2026-08-02T02:47:09.352653Z  INFO herdr::logging: checking for updates event="update.check.start" subsystem="update" outcome="started"
2026-08-02T03:17:09.368675Z  INFO herdr::logging: checking for updates event="update.check.start" subsystem="update" outcome="started"
2026-08-02T03:47:09.386425Z  INFO herdr::logging: checking for updates event="update.check.start" subsystem="update" outcome="started"
2026-08-02T04:17:09.399347Z  INFO herdr::logging: checking for updates event="update.check.start" subsystem="update" outcome="started"
2026-08-02T04:47:09.409422Z  INFO herdr::logging: checking for updates event="update.check.start" subsystem="update" outcome="started"
2026-08-02T05:17:09.438288Z  INFO herdr::logging: checking for updates event="update.check.start" subsystem="update" outcome="started"
2026-08-02T05:47:09.453571Z  INFO herdr::logging: checking for updates event="update.check.start" subsystem="update" outcome="started"
2026-08-02T06:17:09.463943Z  INFO herdr::logging: checking for updates event="update.check.start" subsystem="update" outcome="started"
2026-08-02T06:47:09.479960Z  INFO herdr::logging: checking for updates event="update.check.start" subsystem="update" outcome="started"
2026-08-02T14:47:55.029868Z  INFO herdr::logging: checking for updates event="update.check.start" subsystem="update" outcome="started"
2026-08-02T15:17:54.844675Z  INFO herdr::logging: checking for updates event="update.check.start" subsystem="update" outcome="started"
2026-08-02T15:47:54.857951Z  INFO herdr::logging: checking for updates event="update.check.start" subsystem="update" outcome="started"
2026-08-02T16:35:09.360591Z  INFO herdr::logging: checking for updates event="update.check.start" subsystem="update" outcome="started"
2026-08-02T21:11:35.047252Z  INFO herdr::logging: checking for updates event="update.check.start" subsystem="update" outcome="started"
2026-08-02T21:41:35.060198Z  INFO herdr::logging: checking for updates event="update.check.start" subsystem="update" outcome="started"
2026-08-02T21:52:56.939204Z  INFO herdr::logging: tab focused event="tab.focus" subsystem="tab" outcome="ok" workspace_id="w8" tab_id="w8:t2"
2026-08-02T21:53:01.963932Z  INFO herdr::logging: session saved event="persist.save" subsystem="persist" outcome="ok" path=/Users/jason/.config/herdr/session.json workspaces=3
2026-08-02T21:53:10.601795Z  INFO herdr::pane: agent changed pane=9 previous_agent=Some(OpenCode) agent=None pgid=Some(16139)
2026-08-02T21:53:11.914825Z  INFO herdr::logging: tab focused event="tab.focus" subsystem="tab" outcome="ok" workspace_id="w8" tab_id="w8:t1"
2026-08-02T21:53:12.723967Z  INFO herdr::logging: tab focused event="tab.focus" subsystem="tab" outcome="ok" workspace_id="w8" tab_id="w8:t2"
2026-08-02T21:53:16.059191Z  INFO herdr::logging: tab focused event="tab.focus" subsystem="tab" outcome="ok" workspace_id="w8" tab_id="w8:t1"
2026-08-02T21:53:21.102814Z  INFO herdr::logging: session saved event="persist.save" subsystem="persist" outcome="ok" path=/Users/jason/.config/herdr/session.json workspaces=3
2026-08-02T21:58:59.643168Z  INFO herdr::server::headless: client disconnected client_id=2
2026-08-03T04:25:52.141142Z  INFO herdr::platform::macos: raised server file descriptor soft limit previous=256 target=8192
2026-08-03T04:25:52.142953Z  INFO herdr::api::server: api server listening path=/Users/jason/.config/herdr/herdr.sock
2026-08-03T04:25:52.147270Z  INFO herdr::logging: spawning pane terminal event="pane.spawn.start" subsystem="pane" outcome="started" pane_id=1 rows=24 cols=80 scrollback_limit_bytes=10000000
2026-08-03T04:25:52.154157Z  INFO herdr::logging: pane child spawned event="pane.spawned" subsystem="pane" outcome="ok" pane_id=1 pid=22532
2026-08-03T04:25:52.154988Z  INFO herdr::logging: spawning pane terminal event="pane.spawn.start" subsystem="pane" outcome="started" pane_id=2 rows=24 cols=80 scrollback_limit_bytes=10000000
2026-08-03T04:25:52.158195Z  INFO herdr::logging: pane child spawned event="pane.spawned" subsystem="pane" outcome="ok" pane_id=2 pid=22533
2026-08-03T04:25:52.158887Z  INFO herdr::logging: spawning pane terminal event="pane.spawn.start" subsystem="pane" outcome="started" pane_id=3 rows=24 cols=80 scrollback_limit_bytes=10000000
2026-08-03T04:25:52.162998Z  INFO herdr::logging: pane child spawned event="pane.spawned" subsystem="pane" outcome="ok" pane_id=3 pid=22534
2026-08-03T04:25:52.165447Z  INFO herdr::logging: spawning pane terminal event="pane.spawn.start" subsystem="pane" outcome="started" pane_id=4 rows=24 cols=80 scrollback_limit_bytes=10000000
2026-08-03T04:25:52.169351Z  INFO herdr::logging: pane child spawned event="pane.spawned" subsystem="pane" outcome="ok" pane_id=4 pid=22535
2026-08-03T04:25:52.169547Z  INFO herdr::logging: spawning pane terminal event="pane.spawn.start" subsystem="pane" outcome="started" pane_id=5 rows=24 cols=80 scrollback_limit_bytes=10000000
2026-08-03T04:25:52.173750Z  INFO herdr::logging: pane child spawned event="pane.spawned" subsystem="pane" outcome="ok" pane_id=5 pid=22536
2026-08-03T04:25:52.176732Z  INFO herdr::logging: session restore evaluated event="persist.restore" subsystem="persist" outcome="ok" workspaces=3
2026-08-03T04:25:52.176811Z  INFO herdr::app: using pane scrollback configuration pane_scrollback_limit_bytes=10000000
2026-08-03T04:25:52.222532Z  INFO herdr::logging: checking for updates event="update.check.start" subsystem="update" outcome="started"
2026-08-03T04:25:52.231719Z  INFO herdr::server::headless: restored session already has workspaces; ignoring startup cwd cwd=/Users/jason
2026-08-03T04:25:52.232149Z  INFO herdr::server::headless: client protocol socket listening path=/Users/jason/.config/herdr/herdr-client.sock
2026-08-03T04:25:52.232242Z  INFO herdr::server::headless: herdr server started api_socket=/Users/jason/.config/herdr/herdr.sock client_socket=/Users/jason/.config/herdr/herdr-client.sock
2026-08-03T04:25:52.233640Z  INFO herdr::logging: herdr starting event="app.startup" subsystem="server" outcome="started" pid=22531
2026-08-03T04:25:52.252472Z  INFO herdr::server::headless: client connected client_id=2 cols=135 rows=41 cell_width_px=0 cell_height_px=0 render_encoding=SemanticFrame
2026-08-03T04:29:33.113199Z  INFO herdr::logging: spawning pane terminal event="pane.spawn.start" subsystem="pane" outcome="started" pane_id=6 rows=40 cols=109 scrollback_limit_bytes=10000000
2026-08-03T04:29:33.119255Z  INFO herdr::logging: pane child spawned event="pane.spawned" subsystem="pane" outcome="ok" pane_id=6 pid=23436
2026-08-03T04:29:33.119712Z  INFO herdr::logging: workspace created event="workspace.create" subsystem="workspace" outcome="ok" workspace_id="w9" pane_id=6
2026-08-03T04:29:33.119733Z  INFO herdr::logging: workspace focused event="workspace.focus" subsystem="workspace" outcome="ok" workspace_id="w9"
2026-08-03T04:29:33.119833Z  INFO herdr::logging: tab focused event="tab.focus" subsystem="tab" outcome="ok" workspace_id="w9" tab_id="w9:t1"
2026-08-03T04:29:38.130274Z  INFO herdr::logging: session saved event="persist.save" subsystem="persist" outcome="ok" path=/Users/jason/.config/herdr/session.json workspaces=4
2026-08-03T04:29:58.098378Z  INFO herdr::logging: workspace renamed event="workspace.rename" subsystem="workspace" outcome="ok" workspace_id="w9"
2026-08-03T04:30:03.106009Z  INFO herdr::logging: session saved event="persist.save" subsystem="persist" outcome="ok" path=/Users/jason/.config/herdr/session.json workspaces=4
2026-08-03T04:55:52.232645Z  INFO herdr::logging: checking for updates event="update.check.start" subsystem="update" outcome="started"
2026-08-03T04:56:04.522341Z  INFO herdr::logging: spawning pane terminal event="pane.spawn.start" subsystem="pane" outcome="started" pane_id=7 rows=40 cols=131 scrollback_limit_bytes=10000000
2026-08-03T04:56:04.528220Z  INFO herdr::logging: pane child spawned event="pane.spawned" subsystem="pane" outcome="ok" pane_id=7 pid=34253
2026-08-03T04:56:04.528538Z  INFO herdr::logging: workspace created event="workspace.create" subsystem="workspace" outcome="ok" workspace_id="wA" pane_id=7
2026-08-03T04:56:04.528569Z  INFO herdr::logging: workspace focused event="workspace.focus" subsystem="workspace" outcome="ok" workspace_id="wA"
2026-08-03T04:56:04.528578Z  INFO herdr::logging: tab focused event="tab.focus" subsystem="tab" outcome="ok" workspace_id="wA" tab_id="wA:t1"
2026-08-03T04:56:09.538720Z  INFO herdr::logging: session saved event="persist.save" subsystem="persist" outcome="ok" path=/Users/jason/.config/herdr/session.json workspaces=5
2026-08-03T04:56:26.588888Z  INFO herdr::logging: workspace renamed event="workspace.rename" subsystem="workspace" outcome="ok" workspace_id="wA"
2026-08-03T04:56:31.595539Z  INFO herdr::logging: session saved event="persist.save" subsystem="persist" outcome="ok" path=/Users/jason/.config/herdr/session.json workspaces=5
2026-08-03T05:25:52.246835Z  INFO herdr::logging: checking for updates event="update.check.start" subsystem="update" outcome="started"
2026-08-03T07:05:30.089710Z  INFO herdr::logging: checking for updates event="update.check.start" subsystem="update" outcome="started"
2026-08-03T10:04:05.075384Z  INFO herdr::logging: checking for updates event="update.check.start" subsystem="update" outcome="started"
2026-08-03T10:34:05.073780Z  INFO herdr::logging: checking for updates event="update.check.start" subsystem="update" outcome="started"
2026-08-03T11:04:05.079961Z  INFO herdr::logging: checking for updates event="update.check.start" subsystem="update" outcome="started"
2026-08-03T11:34:05.085467Z  INFO herdr::logging: checking for updates event="update.check.start" subsystem="update" outcome="started"
2026-08-03T12:04:05.095969Z  INFO herdr::logging: checking for updates event="update.check.start" subsystem="update" outcome="started"
2026-08-03T12:34:05.100716Z  INFO herdr::logging: checking for updates event="update.check.start" subsystem="update" outcome="started"
2026-08-03T13:04:05.102787Z  INFO herdr::logging: checking for updates event="update.check.start" subsystem="update" outcome="started"
2026-08-03T13:34:05.103960Z  INFO herdr::logging: checking for updates event="update.check.start" subsystem="update" outcome="started"
2026-08-03T14:04:05.105577Z  INFO herdr::logging: checking for updates event="update.check.start" subsystem="update" outcome="started"
2026-08-03T14:34:05.112134Z  INFO herdr::logging: checking for updates event="update.check.start" subsystem="update" outcome="started"
2026-08-03T15:04:05.119374Z  INFO herdr::logging: checking for updates event="update.check.start" subsystem="update" outcome="started"
2026-08-03T15:34:05.123649Z  INFO herdr::logging: checking for updates event="update.check.start" subsystem="update" outcome="started"
2026-08-03T16:04:05.133147Z  INFO herdr::logging: checking for updates event="update.check.start" subsystem="update" outcome="started"
2026-08-03T16:34:05.142640Z  INFO herdr::logging: checking for updates event="update.check.start" subsystem="update" outcome="started"
2026-08-03T22:57:41.783911Z  INFO herdr::logging: checking for updates event="update.check.start" subsystem="update" outcome="started"
2026-08-03T23:37:42.572363Z  INFO herdr::logging: checking for updates event="update.check.start" subsystem="update" outcome="started"
2026-08-04T00:07:42.578199Z  INFO herdr::logging: checking for updates event="update.check.start" subsystem="update" outcome="started"
2026-08-04T00:07:42.733610Z  INFO herdr::logging: update available event="update.available" subsystem="update" outcome="ok" version="0.8.0"
2026-08-04T00:07:42.874611Z  INFO herdr::update: auto-update check: v0.8.0 available through Homebrew, waiting for explicit install
2026-08-04T06:53:15.766425Z  INFO herdr::app::actions: copied selection to clipboard
2026-08-04T07:57:00.319752Z  INFO herdr::logging: tab focused event="tab.focus" subsystem="tab" outcome="ok" workspace_id="wA" tab_id="wA:t1"
2026-08-04T07:57:02.061101Z  INFO herdr::logging: tab focused event="tab.focus" subsystem="tab" outcome="ok" workspace_id="wA" tab_id="wA:t1"
2026-08-04T07:57:07.078449Z  INFO herdr::logging: session saved event="persist.save" subsystem="persist" outcome="ok" path=/Users/jason/.config/herdr/session.json workspaces=5
2026-08-04T07:57:13.207770Z  INFO herdr::logging: spawning pane terminal event="pane.spawn.start" subsystem="pane" outcome="started" pane_id=8 rows=40 cols=109 scrollback_limit_bytes=10000000
2026-08-04T07:57:13.213143Z  INFO herdr::logging: pane child spawned event="pane.spawned" subsystem="pane" outcome="ok" pane_id=8 pid=37607
2026-08-04T07:57:13.213620Z  INFO herdr::logging: tab focused event="tab.focus" subsystem="tab" outcome="ok" workspace_id="wA" tab_id="wA:t2"
2026-08-04T07:57:18.220119Z  INFO herdr::logging: session saved event="persist.save" subsystem="persist" outcome="ok" path=/Users/jason/.config/herdr/session.json workspaces=5
2026-08-04T07:59:06.392769Z  INFO herdr::logging: tab focused event="tab.focus" subsystem="tab" outcome="ok" workspace_id="wA" tab_id="wA:t1"
2026-08-04T07:59:11.399748Z  INFO herdr::logging: session saved event="persist.save" subsystem="persist" outcome="ok" path=/Users/jason/.config/herdr/session.json workspaces=5
2026-08-04T17:07:36.183201Z  INFO herdr::logging: tab focused event="tab.focus" subsystem="tab" outcome="ok" workspace_id="wA" tab_id="wA:t2"
2026-08-04T17:07:41.195776Z  INFO herdr::logging: session saved event="persist.save" subsystem="persist" outcome="ok" path=/Users/jason/.config/herdr/session.json workspaces=5
2026-08-04T17:09:30.532855Z  INFO herdr::app::actions: copied selection to clipboard
2026-08-04T17:15:10.235576Z  INFO herdr::logging: tab focused event="tab.focus" subsystem="tab" outcome="ok" workspace_id="wA" tab_id="wA:t1"
2026-08-04T17:15:15.244011Z  INFO herdr::logging: session saved event="persist.save" subsystem="persist" outcome="ok" path=/Users/jason/.config/herdr/session.json workspaces=5
2026-08-05T03:27:34.459935Z  INFO herdr::server::headless: client disconnected client_id=2
2026-08-05T14:22:19.245808Z  INFO herdr::platform::macos: raised server file descriptor soft limit previous=256 target=8192
2026-08-05T14:22:19.246843Z  INFO herdr::api::server: api server listening path=/Users/jason/.config/herdr/herdr.sock
2026-08-05T14:22:19.250266Z  INFO herdr::logging: spawning pane terminal event="pane.spawn.start" subsystem="pane" outcome="started" pane_id=1 rows=24 cols=80 scrollback_limit_bytes=10000000
2026-08-05T14:22:19.273891Z  INFO herdr::logging: pane child spawned event="pane.spawned" subsystem="pane" outcome="ok" pane_id=1 pid=142
2026-08-05T14:22:19.274247Z  INFO herdr::logging: spawning pane terminal event="pane.spawn.start" subsystem="pane" outcome="started" pane_id=2 rows=24 cols=80 scrollback_limit_bytes=10000000
2026-08-05T14:22:19.277896Z  INFO herdr::logging: pane child spawned event="pane.spawned" subsystem="pane" outcome="ok" pane_id=2 pid=143
2026-08-05T14:22:19.278614Z  INFO herdr::logging: spawning pane terminal event="pane.spawn.start" subsystem="pane" outcome="started" pane_id=3 rows=24 cols=80 scrollback_limit_bytes=10000000
2026-08-05T14:22:19.281781Z  INFO herdr::logging: pane child spawned event="pane.spawned" subsystem="pane" outcome="ok" pane_id=3 pid=144
2026-08-05T14:22:19.283937Z  INFO herdr::logging: spawning pane terminal event="pane.spawn.start" subsystem="pane" outcome="started" pane_id=4 rows=24 cols=80 scrollback_limit_bytes=10000000
2026-08-05T14:22:19.287268Z  INFO herdr::logging: pane child spawned event="pane.spawned" subsystem="pane" outcome="ok" pane_id=4 pid=145
2026-08-05T14:22:19.287504Z  INFO herdr::logging: spawning pane terminal event="pane.spawn.start" subsystem="pane" outcome="started" pane_id=5 rows=24 cols=80 scrollback_limit_bytes=10000000
2026-08-05T14:22:19.290947Z  INFO herdr::logging: pane child spawned event="pane.spawned" subsystem="pane" outcome="ok" pane_id=5 pid=146
2026-08-05T14:22:19.294001Z  INFO herdr::logging: spawning pane terminal event="pane.spawn.start" subsystem="pane" outcome="started" pane_id=6 rows=24 cols=80 scrollback_limit_bytes=10000000
2026-08-05T14:22:19.298682Z  INFO herdr::logging: pane child spawned event="pane.spawned" subsystem="pane" outcome="ok" pane_id=6 pid=147
2026-08-05T14:22:19.300538Z  INFO herdr::logging: spawning pane terminal event="pane.spawn.start" subsystem="pane" outcome="started" pane_id=7 rows=24 cols=80 scrollback_limit_bytes=10000000
2026-08-05T14:22:19.304579Z  INFO herdr::logging: pane child spawned event="pane.spawned" subsystem="pane" outcome="ok" pane_id=7 pid=148
2026-08-05T14:22:19.304931Z  INFO herdr::logging: spawning pane terminal event="pane.spawn.start" subsystem="pane" outcome="started" pane_id=8 rows=24 cols=80 scrollback_limit_bytes=10000000
2026-08-05T14:22:19.311238Z  INFO herdr::logging: pane child spawned event="pane.spawned" subsystem="pane" outcome="ok" pane_id=8 pid=149
2026-08-05T14:22:19.313614Z  INFO herdr::logging: session restore evaluated event="persist.restore" subsystem="persist" outcome="ok" workspaces=5
2026-08-05T14:22:19.313673Z  INFO herdr::app: using pane scrollback configuration pane_scrollback_limit_bytes=10000000
2026-08-05T14:22:19.360999Z  INFO herdr::logging: checking for updates event="update.check.start" subsystem="update" outcome="started"
2026-08-05T14:22:19.369613Z  INFO herdr::server::headless: restored session already has workspaces; ignoring startup cwd cwd=/Users/jason
2026-08-05T14:22:19.370022Z  INFO herdr::server::headless: client protocol socket listening path=/Users/jason/.config/herdr/herdr-client.sock
2026-08-05T14:22:19.370045Z  INFO herdr::server::headless: herdr server started api_socket=/Users/jason/.config/herdr/herdr.sock client_socket=/Users/jason/.config/herdr/herdr-client.sock
2026-08-05T14:22:19.371011Z  INFO herdr::logging: herdr starting event="app.startup" subsystem="server" outcome="started" pid=141
2026-08-05T14:22:19.438774Z  INFO herdr::server::headless: client connected client_id=2 cols=135 rows=41 cell_width_px=0 cell_height_px=0 render_encoding=SemanticFrame
2026-08-05T14:54:06.815860Z  INFO herdr::logging: checking for updates event="update.check.start" subsystem="update" outcome="started"
2026-08-05T15:23:36.964928Z  INFO herdr::logging: workspace focused event="workspace.focus" subsystem="workspace" outcome="ok" workspace_id="w8"
2026-08-05T15:23:36.965179Z  INFO herdr::logging: tab focused event="tab.focus" subsystem="tab" outcome="ok" workspace_id="w8" tab_id="w8:t1"
2026-08-05T15:23:41.984322Z  INFO herdr::logging: session saved event="persist.save" subsystem="persist" outcome="ok" path=/Users/jason/.config/herdr/session.json workspaces=5
2026-08-05T15:23:49.855288Z  INFO herdr::logging: spawning pane terminal event="pane.spawn.start" subsystem="pane" outcome="started" pane_id=9 rows=40 cols=109 scrollback_limit_bytes=10000000
2026-08-05T15:23:49.863723Z  INFO herdr::logging: pane child spawned event="pane.spawned" subsystem="pane" outcome="ok" pane_id=9 pid=28972
2026-08-05T15:23:49.865116Z  INFO herdr::logging: workspace created event="workspace.create" subsystem="workspace" outcome="ok" workspace_id="wB" pane_id=9
2026-08-05T15:23:49.865221Z  INFO herdr::logging: workspace focused event="workspace.focus" subsystem="workspace" outcome="ok" workspace_id="wB"
2026-08-05T15:23:49.865319Z  INFO herdr::logging: tab focused event="tab.focus" subsystem="tab" outcome="ok" workspace_id="wB" tab_id="wB:t1"
2026-08-05T15:23:54.872594Z  INFO herdr::logging: session saved event="persist.save" subsystem="persist" outcome="ok" path=/Users/jason/.config/herdr/session.json workspaces=6
2026-08-05T15:24:02.849820Z  INFO herdr::logging: workspace closed event="workspace.close" subsystem="workspace" outcome="ok" workspace_id="wB"
2026-08-05T15:24:02.851089Z  INFO herdr::logging: pane child exited event="pane.exit" subsystem="pane" outcome="completed" pane_id=9 status="ExitStatus { code: 1, signal: Some(\"Hangup: 1\") }"
2026-08-05T15:24:02.873765Z  INFO herdr::pane: pane session terminated pane=9 pid=28972 signal=Hangup
2026-08-05T15:24:02.878671Z  WARN herdr::app::actions: PaneDied for unknown pane pane=9
2026-08-05T15:24:06.828295Z  INFO herdr::logging: checking for updates event="update.check.start" subsystem="update" outcome="started"
2026-08-05T15:24:07.884832Z  INFO herdr::logging: session saved event="persist.save" subsystem="persist" outcome="ok" path=/Users/jason/.config/herdr/session.json workspaces=5
2026-08-05T15:24:20.998762Z  INFO herdr::logging: workspace focused event="workspace.focus" subsystem="workspace" outcome="ok" workspace_id="w8"
2026-08-05T15:24:20.998851Z  INFO herdr::logging: tab focused event="tab.focus" subsystem="tab" outcome="ok" workspace_id="w8" tab_id="w8:t1"
2026-08-05T15:24:26.006000Z  INFO herdr::logging: session saved event="persist.save" subsystem="persist" outcome="ok" path=/Users/jason/.config/herdr/session.json workspaces=5
2026-08-05T15:54:06.843703Z  INFO herdr::logging: checking for updates event="update.check.start" subsystem="update" outcome="started"
2026-08-05T16:24:06.859821Z  INFO herdr::logging: checking for updates event="update.check.start" subsystem="update" outcome="started"
2026-08-05T16:54:06.869542Z  INFO herdr::logging: checking for updates event="update.check.start" subsystem="update" outcome="started"
2026-08-05T17:24:06.880268Z  INFO herdr::logging: checking for updates event="update.check.start" subsystem="update" outcome="started"
2026-08-05T17:54:06.886267Z  INFO herdr::logging: checking for updates event="update.check.start" subsystem="update" outcome="started"
2026-08-05T18:24:06.886571Z  INFO herdr::logging: checking for updates event="update.check.start" subsystem="update" outcome="started"
2026-08-05T18:54:06.892109Z  INFO herdr::logging: checking for updates event="update.check.start" subsystem="update" outcome="started"
2026-08-05T19:24:06.899602Z  INFO herdr::logging: checking for updates event="update.check.start" subsystem="update" outcome="started"
2026-08-05T19:54:06.906781Z  INFO herdr::logging: checking for updates event="update.check.start" subsystem="update" outcome="started"
2026-08-05T20:24:06.907955Z  INFO herdr::logging: checking for updates event="update.check.start" subsystem="update" outcome="started"
2026-08-05T20:54:06.921790Z  INFO herdr::logging: checking for updates event="update.check.start" subsystem="update" outcome="started"
2026-08-05T21:24:06.925188Z  INFO herdr::logging: checking for updates event="update.check.start" subsystem="update" outcome="started"
2026-08-05T21:54:06.928099Z  INFO herdr::logging: checking for updates event="update.check.start" subsystem="update" outcome="started"
2026-08-05T22:24:06.927007Z  INFO herdr::logging: checking for updates event="update.check.start" subsystem="update" outcome="started"
2026-08-05T22:59:32.260490Z  INFO herdr::logging: checking for updates event="update.check.start" subsystem="update" outcome="started"
2026-08-05T22:59:39.485590Z  WARN herdr::logging: update check failed event="update.check.complete" subsystem="update" outcome="error" err="failed to fetch Homebrew formula JSON"
2026-08-05T22:59:39.486480Z  WARN herdr::detect::manifest_update: agent detection manifest update failed: failed to fetch https://herdr.dev/agent-detection/index.toml
2026-08-05T23:59:57.762814Z  INFO herdr::server::headless: client resize client_id=2 cols=232 rows=61 cell_width_px=0 cell_height_px=0
2026-08-05T23:59:57.858646Z  INFO herdr::server::headless: client resize client_id=2 cols=232 rows=61 cell_width_px=0 cell_height_px=0
2026-08-06T00:04:22.641651Z  INFO herdr::logging: checking for updates event="update.check.start" subsystem="update" outcome="started"
2026-08-06T00:34:22.665515Z  INFO herdr::logging: checking for updates event="update.check.start" subsystem="update" outcome="started"
2026-08-06T01:00:24.143964Z  INFO herdr::server::headless: client resize client_id=2 cols=135 rows=41 cell_width_px=0 cell_height_px=0
2026-08-06T01:01:58.670251Z  INFO herdr::server::headless: client resize client_id=2 cols=232 rows=61 cell_width_px=0 cell_height_px=0
2026-08-06T01:04:22.682269Z  INFO herdr::logging: checking for updates event="update.check.start" subsystem="update" outcome="started"
2026-08-06T01:34:22.696084Z  INFO herdr::logging: checking for updates event="update.check.start" subsystem="update" outcome="started"
2026-08-06T01:57:53.196940Z  INFO herdr::server::headless: client resize client_id=2 cols=135 rows=41 cell_width_px=0 cell_height_px=0
2026-08-06T02:04:22.707702Z  INFO herdr::logging: checking for updates event="update.check.start" subsystem="update" outcome="started"
2026-08-06T02:34:22.728942Z  INFO herdr::logging: checking for updates event="update.check.start" subsystem="update" outcome="started"
2026-08-06T03:04:22.737343Z  INFO herdr::logging: checking for updates event="update.check.start" subsystem="update" outcome="started"
2026-08-06T03:34:22.756289Z  INFO herdr::logging: checking for updates event="update.check.start" subsystem="update" outcome="started"
2026-08-06T04:04:22.768296Z  INFO herdr::logging: checking for updates event="update.check.start" subsystem="update" outcome="started"
2026-08-06T04:34:22.776516Z  INFO herdr::logging: checking for updates event="update.check.start" subsystem="update" outcome="started"
2026-08-06T04:38:10.794243Z  INFO herdr::server::headless: client resize client_id=2 cols=232 rows=61 cell_width_px=0 cell_height_px=0
2026-08-06T05:04:22.795654Z  INFO herdr::logging: checking for updates event="update.check.start" subsystem="update" outcome="started"
2026-08-06T05:34:22.814679Z  INFO herdr::logging: checking for updates event="update.check.start" subsystem="update" outcome="started"
2026-08-06T06:04:22.825241Z  INFO herdr::logging: checking for updates event="update.check.start" subsystem="update" outcome="started"
2026-08-06T06:34:22.843232Z  INFO herdr::logging: checking for updates event="update.check.start" subsystem="update" outcome="started"
2026-08-06T07:04:22.857098Z  INFO herdr::logging: checking for updates event="update.check.start" subsystem="update" outcome="started"
2026-08-06T07:07:16.950525Z  INFO herdr::server::headless: client resize client_id=2 cols=135 rows=41 cell_width_px=0 cell_height_px=0
2026-08-06T09:33:54.346652Z  INFO herdr::logging: checking for updates event="update.check.start" subsystem="update" outcome="started"
2026-08-06T12:06:38.467765Z  INFO herdr::logging: checking for updates event="update.check.start" subsystem="update" outcome="started"
2026-08-06T12:40:33.951286Z  INFO herdr::logging: checking for updates event="update.check.start" subsystem="update" outcome="started"
2026-08-06T14:50:24.760068Z  INFO herdr::logging: checking for updates event="update.check.start" subsystem="update" outcome="started"
2026-08-06T15:17:43.588320Z  INFO herdr::logging: workspace focused event="workspace.focus" subsystem="workspace" outcome="ok" workspace_id="wA"
2026-08-06T15:17:43.589036Z  INFO herdr::logging: tab focused event="tab.focus" subsystem="tab" outcome="ok" workspace_id="wA" tab_id="wA:t1"
2026-08-06T15:17:48.603660Z  INFO herdr::logging: session saved event="persist.save" subsystem="persist" outcome="ok" path=/Users/jason/.config/herdr/session.json workspaces=5
2026-08-06T15:20:24.766588Z  INFO herdr::logging: checking for updates event="update.check.start" subsystem="update" outcome="started"
2026-08-06T16:10:45.555677Z  INFO herdr::logging: checking for updates event="update.check.start" subsystem="update" outcome="started"
2026-08-06T16:42:17.251156Z  INFO herdr::logging: checking for updates event="update.check.start" subsystem="update" outcome="started"
2026-08-06T17:40:31.116337Z  INFO herdr::logging: checking for updates event="update.check.start" subsystem="update" outcome="started"
2026-08-06T18:10:31.116254Z  INFO herdr::logging: checking for updates event="update.check.start" subsystem="update" outcome="started"
2026-08-06T18:40:31.121934Z  INFO herdr::logging: checking for updates event="update.check.start" subsystem="update" outcome="started"
2026-08-06T19:10:31.128406Z  INFO herdr::logging: checking for updates event="update.check.start" subsystem="update" outcome="started"
2026-08-06T19:58:14.853469Z  INFO herdr::logging: checking for updates event="update.check.start" subsystem="update" outcome="started"
2026-08-06T20:28:14.862297Z  INFO herdr::logging: checking for updates event="update.check.start" subsystem="update" outcome="started"
2026-08-06T21:13:24.157291Z  INFO herdr::logging: checking for updates event="update.check.start" subsystem="update" outcome="started"
2026-08-06T22:03:49.078444Z  INFO herdr::logging: checking for updates event="update.check.start" subsystem="update" outcome="started"
2026-08-06T22:37:17.190445Z  INFO herdr::logging: checking for updates event="update.check.start" subsystem="update" outcome="started"
2026-08-06T23:33:23.625474Z  INFO herdr::logging: checking for updates event="update.check.start" subsystem="update" outcome="started"
2026-08-07T00:03:23.629208Z  INFO herdr::logging: checking for updates event="update.check.start" subsystem="update" outcome="started"
2026-08-07T00:31:00.573693Z  INFO herdr::server::headless: client resize client_id=2 cols=232 rows=61 cell_width_px=0 cell_height_px=0
2026-08-07T00:33:44.600093Z  INFO herdr::logging: checking for updates event="update.check.start" subsystem="update" outcome="started"
2026-08-07T00:54:20.696362Z  INFO herdr::logging: workspace focused event="workspace.focus" subsystem="workspace" outcome="ok" workspace_id="w9"
2026-08-07T00:54:20.696837Z  INFO herdr::logging: tab focused event="tab.focus" subsystem="tab" outcome="ok" workspace_id="w9" tab_id="w9:t1"
2026-08-07T00:54:25.707148Z  INFO herdr::logging: session saved event="persist.save" subsystem="persist" outcome="ok" path=/Users/jason/.config/herdr/session.json workspaces=5
2026-08-07T01:03:44.622126Z  INFO herdr::logging: checking for updates event="update.check.start" subsystem="update" outcome="started"
2026-08-07T01:33:44.630696Z  INFO herdr::logging: checking for updates event="update.check.start" subsystem="update" outcome="started"
2026-08-07T02:03:44.655536Z  INFO herdr::logging: checking for updates event="update.check.start" subsystem="update" outcome="started"
2026-08-07T02:33:44.682948Z  INFO herdr::logging: checking for updates event="update.check.start" subsystem="update" outcome="started"
2026-08-07T02:38:31.277108Z  INFO herdr::logging: workspace focused event="workspace.focus" subsystem="workspace" outcome="ok" workspace_id="wA"
2026-08-07T02:38:31.277839Z  INFO herdr::logging: tab focused event="tab.focus" subsystem="tab" outcome="ok" workspace_id="wA" tab_id="wA:t1"
2026-08-07T02:38:36.294778Z  INFO herdr::logging: session saved event="persist.save" subsystem="persist" outcome="ok" path=/Users/jason/.config/herdr/session.json workspaces=5
2026-08-07T03:03:44.704015Z  INFO herdr::logging: checking for updates event="update.check.start" subsystem="update" outcome="started"
2026-08-07T03:33:44.718696Z  INFO herdr::logging: checking for updates event="update.check.start" subsystem="update" outcome="started"
2026-08-07T04:03:44.726888Z  INFO herdr::logging: checking for updates event="update.check.start" subsystem="update" outcome="started"
2026-08-07T04:33:44.731293Z  INFO herdr::logging: checking for updates event="update.check.start" subsystem="update" outcome="started"
2026-08-07T05:03:44.738589Z  INFO herdr::logging: checking for updates event="update.check.start" subsystem="update" outcome="started"
2026-08-07T05:33:44.736799Z  INFO herdr::logging: checking for updates event="update.check.start" subsystem="update" outcome="started"
2026-08-07T06:03:44.757885Z  INFO herdr::logging: checking for updates event="update.check.start" subsystem="update" outcome="started"
2026-08-07T06:33:44.756562Z  INFO herdr::logging: checking for updates event="update.check.start" subsystem="update" outcome="started"
2026-08-07T07:03:44.762738Z  INFO herdr::logging: checking for updates event="update.check.start" subsystem="update" outcome="started"
2026-08-07T07:33:44.771458Z  INFO herdr::logging: checking for updates event="update.check.start" subsystem="update" outcome="started"
2026-08-07T08:03:44.777995Z  INFO herdr::logging: checking for updates event="update.check.start" subsystem="update" outcome="started"
2026-08-07T08:33:44.785033Z  INFO herdr::logging: checking for updates event="update.check.start" subsystem="update" outcome="started"
2026-08-07T09:03:44.800857Z  INFO herdr::logging: checking for updates event="update.check.start" subsystem="update" outcome="started"
2026-08-07T09:33:44.805547Z  INFO herdr::logging: checking for updates event="update.check.start" subsystem="update" outcome="started"
2026-08-07T10:03:44.818107Z  INFO herdr::logging: checking for updates event="update.check.start" subsystem="update" outcome="started"
2026-08-07T10:33:44.827494Z  INFO herdr::logging: checking for updates event="update.check.start" subsystem="update" outcome="started"
2026-08-07T11:03:44.837370Z  INFO herdr::logging: checking for updates event="update.check.start" subsystem="update" outcome="started"
2026-08-07T11:33:44.841335Z  INFO herdr::logging: checking for updates event="update.check.start" subsystem="update" outcome="started"
2026-08-07T12:03:44.850772Z  INFO herdr::logging: checking for updates event="update.check.start" subsystem="update" outcome="started"
2026-08-07T12:33:44.858099Z  INFO herdr::logging: checking for updates event="update.check.start" subsystem="update" outcome="started"
2026-08-07T13:03:44.859085Z  INFO herdr::logging: checking for updates event="update.check.start" subsystem="update" outcome="started"
2026-08-07T13:33:44.860772Z  INFO herdr::logging: checking for updates event="update.check.start" subsystem="update" outcome="started"
2026-08-07T14:03:44.863740Z  INFO herdr::logging: checking for updates event="update.check.start" subsystem="update" outcome="started"
2026-08-07T14:33:44.870045Z  INFO herdr::logging: checking for updates event="update.check.start" subsystem="update" outcome="started"
2026-08-07T15:03:44.880762Z  INFO herdr::logging: checking for updates event="update.check.start" subsystem="update" outcome="started"
2026-08-07T15:33:44.885296Z  INFO herdr::logging: checking for updates event="update.check.start" subsystem="update" outcome="started"
2026-08-07T16:03:44.895053Z  INFO herdr::logging: checking for updates event="update.check.start" subsystem="update" outcome="started"
2026-08-07T16:33:44.903065Z  INFO herdr::logging: checking for updates event="update.check.start" subsystem="update" outcome="started"
2026-08-07T17:03:44.909251Z  INFO herdr::logging: checking for updates event="update.check.start" subsystem="update" outcome="started"
2026-08-07T17:33:44.918009Z  INFO herdr::logging: checking for updates event="update.check.start" subsystem="update" outcome="started"
2026-08-07T18:03:44.919894Z  INFO herdr::logging: checking for updates event="update.check.start" subsystem="update" outcome="started"
2026-08-07T18:33:44.922327Z  INFO herdr::logging: checking for updates event="update.check.start" subsystem="update" outcome="started"
2026-08-07T19:03:44.923788Z  INFO herdr::logging: checking for updates event="update.check.start" subsystem="update" outcome="started"
2026-08-07T19:33:44.923120Z  INFO herdr::logging: checking for updates event="update.check.start" subsystem="update" outcome="started"
2026-08-07T20:03:44.926191Z  INFO herdr::logging: checking for updates event="update.check.start" subsystem="update" outcome="started"
2026-08-07T20:33:44.930984Z  INFO herdr::logging: checking for updates event="update.check.start" subsystem="update" outcome="started"
2026-08-07T21:03:44.928765Z  INFO herdr::logging: checking for updates event="update.check.start" subsystem="update" outcome="started"
2026-08-07T21:33:44.937684Z  INFO herdr::logging: checking for updates event="update.check.start" subsystem="update" outcome="started"
2026-08-07T22:03:44.939750Z  INFO herdr::logging: checking for updates event="update.check.start" subsystem="update" outcome="started"
2026-08-07T22:33:44.950329Z  INFO herdr::logging: checking for updates event="update.check.start" subsystem="update" outcome="started"
2026-08-07T23:03:44.957117Z  INFO herdr::logging: checking for updates event="update.check.start" subsystem="update" outcome="started"
2026-08-07T23:33:44.962013Z  INFO herdr::logging: checking for updates event="update.check.start" subsystem="update" outcome="started"
2026-08-08T00:03:44.974403Z  INFO herdr::logging: checking for updates event="update.check.start" subsystem="update" outcome="started"
2026-08-08T00:33:44.982712Z  INFO herdr::logging: checking for updates event="update.check.start" subsystem="update" outcome="started"
2026-08-08T01:03:44.985943Z  INFO herdr::logging: checking for updates event="update.check.start" subsystem="update" outcome="started"
2026-08-08T01:33:44.989433Z  INFO herdr::logging: checking for updates event="update.check.start" subsystem="update" outcome="started"
2026-08-08T02:03:44.992444Z  INFO herdr::logging: checking for updates event="update.check.start" subsystem="update" outcome="started"
2026-08-08T02:33:44.995923Z  INFO herdr::logging: checking for updates event="update.check.start" subsystem="update" outcome="started"
2026-08-08T03:03:44.999637Z  INFO herdr::logging: checking for updates event="update.check.start" subsystem="update" outcome="started"
2026-08-08T03:33:45.006319Z  INFO herdr::logging: checking for updates event="update.check.start" subsystem="update" outcome="started"
2026-08-08T04:03:45.022739Z  INFO herdr::logging: checking for updates event="update.check.start" subsystem="update" outcome="started"
2026-08-08T04:33:45.028531Z  INFO herdr::logging: checking for updates event="update.check.start" subsystem="update" outcome="started"
2026-08-08T05:03:45.039607Z  INFO herdr::logging: checking for updates event="update.check.start" subsystem="update" outcome="started"
2026-08-08T05:33:45.048798Z  INFO herdr::logging: checking for updates event="update.check.start" subsystem="update" outcome="started"
2026-08-08T06:03:45.051078Z  INFO herdr::logging: checking for updates event="update.check.start" subsystem="update" outcome="started"
2026-08-08T06:17:39.969501Z  INFO herdr::server::headless: client resize client_id=2 cols=135 rows=41 cell_width_px=0 cell_height_px=0
2026-08-08T06:31:28.086842Z  INFO herdr::server::headless: client resize client_id=2 cols=232 rows=61 cell_width_px=0 cell_height_px=0
2026-08-08T06:33:45.055654Z  INFO herdr::logging: checking for updates event="update.check.start" subsystem="update" outcome="started"
2026-08-08T07:03:45.062343Z  INFO herdr::logging: checking for updates event="update.check.start" subsystem="update" outcome="started"
2026-08-08T07:33:45.082111Z  INFO herdr::logging: checking for updates event="update.check.start" subsystem="update" outcome="started"
2026-08-08T08:03:45.100312Z  INFO herdr::logging: checking for updates event="update.check.start" subsystem="update" outcome="started"
2026-08-08T08:07:41.054772Z  INFO herdr::server::headless: client resize client_id=2 cols=135 rows=41 cell_width_px=0 cell_height_px=0
2026-08-08T08:33:45.122828Z  INFO herdr::logging: checking for updates event="update.check.start" subsystem="update" outcome="started"
2026-08-08T09:03:45.137808Z  INFO herdr::logging: checking for updates event="update.check.start" subsystem="update" outcome="started"
2026-08-08T09:33:45.153540Z  INFO herdr::logging: checking for updates event="update.check.start" subsystem="update" outcome="started"
2026-08-08T10:03:45.164657Z  INFO herdr::logging: checking for updates event="update.check.start" subsystem="update" outcome="started"
2026-08-08T10:33:45.163568Z  INFO herdr::logging: checking for updates event="update.check.start" subsystem="update" outcome="started"
2026-08-08T11:03:45.164601Z  INFO herdr::logging: checking for updates event="update.check.start" subsystem="update" outcome="started"
2026-08-08T11:33:45.170517Z  INFO herdr::logging: checking for updates event="update.check.start" subsystem="update" outcome="started"
2026-08-08T12:03:45.172340Z  INFO herdr::logging: checking for updates event="update.check.start" subsystem="update" outcome="started"
2026-08-08T12:33:45.179134Z  INFO herdr::logging: checking for updates event="update.check.start" subsystem="update" outcome="started"
2026-08-08T13:03:45.186309Z  INFO herdr::logging: checking for updates event="update.check.start" subsystem="update" outcome="started"
2026-08-08T13:33:45.195296Z  INFO herdr::logging: checking for updates event="update.check.start" subsystem="update" outcome="started"
2026-08-08T14:03:45.206239Z  INFO herdr::logging: checking for updates event="update.check.start" subsystem="update" outcome="started"
2026-08-08T14:33:45.212602Z  INFO herdr::logging: checking for updates event="update.check.start" subsystem="update" outcome="started"
2026-08-08T15:03:45.224184Z  INFO herdr::logging: checking for updates event="update.check.start" subsystem="update" outcome="started"
2026-08-08T15:33:45.229151Z  INFO herdr::logging: checking for updates event="update.check.start" subsystem="update" outcome="started"
2026-08-08T16:03:45.236442Z  INFO herdr::logging: checking for updates event="update.check.start" subsystem="update" outcome="started"
2026-08-08T16:33:45.243342Z  INFO herdr::logging: checking for updates event="update.check.start" subsystem="update" outcome="started"
2026-08-08T17:03:45.252111Z  INFO herdr::logging: checking for updates event="update.check.start" subsystem="update" outcome="started"
2026-08-08T17:33:45.257159Z  INFO herdr::logging: checking for updates event="update.check.start" subsystem="update" outcome="started"
2026-08-08T18:03:45.261706Z  INFO herdr::logging: checking for updates event="update.check.start" subsystem="update" outcome="started"
2026-08-08T18:33:45.270194Z  INFO herdr::logging: checking for updates event="update.check.start" subsystem="update" outcome="started"
2026-08-08T19:03:45.281064Z  INFO herdr::logging: checking for updates event="update.check.start" subsystem="update" outcome="started"
2026-08-08T19:33:45.288859Z  INFO herdr::logging: checking for updates event="update.check.start" subsystem="update" outcome="started"
2026-08-08T20:03:45.296316Z  INFO herdr::logging: checking for updates event="update.check.start" subsystem="update" outcome="started"
2026-08-08T20:33:45.302714Z  INFO herdr::logging: checking for updates event="update.check.start" subsystem="update" outcome="started"
2026-08-08T21:03:45.307326Z  INFO herdr::logging: checking for updates event="update.check.start" subsystem="update" outcome="started"
2026-08-08T21:33:45.310590Z  INFO herdr::logging: checking for updates event="update.check.start" subsystem="update" outcome="started"
2026-08-08T22:03:45.315064Z  INFO herdr::logging: checking for updates event="update.check.start" subsystem="update" outcome="started"
2026-08-08T22:33:45.321249Z  INFO herdr::logging: checking for updates event="update.check.start" subsystem="update" outcome="started"
2026-08-08T23:03:45.332012Z  INFO herdr::logging: checking for updates event="update.check.start" subsystem="update" outcome="started"
2026-08-08T23:33:45.345034Z  INFO herdr::logging: checking for updates event="update.check.start" subsystem="update" outcome="started"
2026-08-09T00:03:45.353263Z  INFO herdr::logging: checking for updates event="update.check.start" subsystem="update" outcome="started"
2026-08-09T00:33:45.360157Z  INFO herdr::logging: checking for updates event="update.check.start" subsystem="update" outcome="started"
2026-08-09T01:03:45.370659Z  INFO herdr::logging: checking for updates event="update.check.start" subsystem="update" outcome="started"
2026-08-09T01:33:45.371558Z  INFO herdr::logging: checking for updates event="update.check.start" subsystem="update" outcome="started"
2026-08-09T02:03:45.374980Z  INFO herdr::logging: checking for updates event="update.check.start" subsystem="update" outcome="started"
2026-08-09T02:33:45.377699Z  INFO herdr::logging: checking for updates event="update.check.start" subsystem="update" outcome="started"
2026-08-09T03:03:45.380741Z  INFO herdr::logging: checking for updates event="update.check.start" subsystem="update" outcome="started"
2026-08-09T03:33:45.386838Z  INFO herdr::logging: checking for updates event="update.check.start" subsystem="update" outcome="started"
2026-08-09T04:03:45.404291Z  INFO herdr::logging: checking for updates event="update.check.start" subsystem="update" outcome="started"
2026-08-09T04:33:45.411261Z  INFO herdr::logging: checking for updates event="update.check.start" subsystem="update" outcome="started"
2026-08-09T05:03:45.422955Z  INFO herdr::logging: checking for updates event="update.check.start" subsystem="update" outcome="started"
2026-08-09T05:33:45.428282Z  INFO herdr::logging: checking for updates event="update.check.start" subsystem="update" outcome="started"
2026-08-09T05:35:40.726850Z  INFO herdr::server::headless: client resize client_id=2 cols=232 rows=61 cell_width_px=0 cell_height_px=0
2026-08-09T06:03:45.432430Z  INFO herdr::logging: checking for updates event="update.check.start" subsystem="update" outcome="started"
2026-08-09T06:26:08.636621Z  INFO herdr::server::headless: client resize client_id=2 cols=135 rows=41 cell_width_px=0 cell_height_px=0
2026-08-09T06:33:45.445506Z  INFO herdr::logging: checking for updates event="update.check.start" subsystem="update" outcome="started"
2026-08-09T06:46:32.043448Z  INFO herdr::logging: spawning pane terminal event="pane.spawn.start" subsystem="pane" outcome="started" pane_id=10 rows=40 cols=109 scrollback_limit_bytes=10000000
2026-08-09T06:46:32.065622Z  INFO herdr::logging: pane child spawned event="pane.spawned" subsystem="pane" outcome="ok" pane_id=10 pid=22366
2026-08-09T06:46:32.066743Z  INFO herdr::logging: workspace created event="workspace.create" subsystem="workspace" outcome="ok" workspace_id="wC" pane_id=10
2026-08-09T06:46:32.066774Z  INFO herdr::logging: workspace focused event="workspace.focus" subsystem="workspace" outcome="ok" workspace_id="wC"
2026-08-09T06:46:32.066803Z  INFO herdr::logging: tab focused event="tab.focus" subsystem="tab" outcome="ok" workspace_id="wC" tab_id="wC:t1"
2026-08-09T06:46:37.083980Z  INFO herdr::logging: session saved event="persist.save" subsystem="persist" outcome="ok" path=/Users/jason/.config/herdr/session.json workspaces=6
2026-08-09T06:47:02.170843Z  INFO herdr::logging: workspace renamed event="workspace.rename" subsystem="workspace" outcome="ok" workspace_id="wC"
2026-08-09T06:47:07.176201Z  INFO herdr::logging: session saved event="persist.save" subsystem="persist" outcome="ok" path=/Users/jason/.config/herdr/session.json workspaces=6
2026-08-09T06:47:25.220559Z  INFO herdr::logging: spawning pane terminal event="pane.spawn.start" subsystem="pane" outcome="started" pane_id=11 rows=40 cols=109 scrollback_limit_bytes=10000000
2026-08-09T06:47:25.225270Z  INFO herdr::logging: pane child spawned event="pane.spawned" subsystem="pane" outcome="ok" pane_id=11 pid=22881
2026-08-09T06:47:25.225523Z  INFO herdr::logging: tab focused event="tab.focus" subsystem="tab" outcome="ok" workspace_id="wC" tab_id="wC:t2"
2026-08-09T06:47:30.230271Z  INFO herdr::logging: session saved event="persist.save" subsystem="persist" outcome="ok" path=/Users/jason/.config/herdr/session.json workspaces=6
2026-08-09T06:58:50.173810Z  INFO herdr::pane: agent changed pane=11 previous_agent=None agent=Some(OpenCode) process=opencode pgid=Some(35310)
2026-08-09T06:59:30.118361Z  INFO herdr::pane: agent changed pane=11 previous_agent=None agent=Some(OpenCode) process=opencode pgid=Some(35310)
2026-08-09T06:59:35.124196Z  INFO herdr::logging: session saved event="persist.save" subsystem="persist" outcome="ok" path=/Users/jason/.config/herdr/session.json workspaces=6
2026-08-09T07:01:00.908677Z  INFO herdr::pane: agent changed pane=11 previous_agent=Some(OpenCode) agent=None pgid=Some(22881)
2026-08-09T07:01:05.612419Z  INFO herdr::logging: session saved event="persist.save" subsystem="persist" outcome="ok" path=/Users/jason/.config/herdr/session.json workspaces=6
2026-08-09T07:01:08.998407Z  INFO herdr::pane: agent changed pane=11 previous_agent=None agent=Some(OpenCode) process=opencode pgid=Some(36821)
2026-08-09T07:01:37.019408Z  INFO herdr::logging: api request received event="api.request.start" subsystem="api" outcome="started" request_id="cli:pane:focus" method="pane.focus_direction" changes_ui=true
2026-08-09T07:01:37.019998Z  INFO herdr::logging: api request completed event="api.request.complete" subsystem="api" outcome="ok" request_id="cli:pane:focus" method="pane.focus_direction"
2026-08-09T07:01:47.235981Z  INFO herdr::logging: api request received event="api.request.start" subsystem="api" outcome="started" request_id="cli:pane:focus" method="pane.focus_direction" changes_ui=true
2026-08-09T07:01:47.236166Z  INFO herdr::logging: api request completed event="api.request.complete" subsystem="api" outcome="ok" request_id="cli:pane:focus" method="pane.focus_direction"
2026-08-09T07:02:19.163545Z  INFO herdr::pane: agent changed pane=11 previous_agent=Some(OpenCode) agent=None pgid=Some(22881)
2026-08-09T07:02:20.677476Z  INFO herdr::pane: agent changed pane=11 previous_agent=None agent=Some(OpenCode) process=opencode pgid=Some(22881)
2026-08-09T07:02:26.164469Z  INFO herdr::pane: agent changed pane=11 previous_agent=Some(OpenCode) agent=None pgid=Some(22881)
2026-08-09T07:02:32.223622Z  INFO herdr::pane: agent changed pane=11 previous_agent=None agent=Some(OpenCode) process=opencode pgid=Some(37662)
2026-08-09T07:02:38.301078Z  INFO herdr::pane: agent changed pane=11 previous_agent=Some(OpenCode) agent=None pgid=Some(22881)
2026-08-09T07:03:45.464378Z  INFO herdr::logging: checking for updates event="update.check.start" subsystem="update" outcome="started"
2026-08-09T07:03:59.283859Z  INFO herdr::app::actions: copied selection to clipboard
2026-08-09T07:10:59.115045Z  INFO herdr::logging: workspace focused event="workspace.focus" subsystem="workspace" outcome="ok" workspace_id="w7"
2026-08-09T07:10:59.115309Z  INFO herdr::logging: tab focused event="tab.focus" subsystem="tab" outcome="ok" workspace_id="w7" tab_id="w7:t1"
2026-08-09T07:11:04.121669Z  INFO herdr::logging: session saved event="persist.save" subsystem="persist" outcome="ok" path=/Users/jason/.config/herdr/session.json workspaces=6
2026-08-09T07:13:01.573979Z  INFO herdr::logging: workspace focused event="workspace.focus" subsystem="workspace" outcome="ok" workspace_id="wC"
2026-08-09T07:13:01.574045Z  INFO herdr::logging: tab focused event="tab.focus" subsystem="tab" outcome="ok" workspace_id="wC" tab_id="wC:t2"
2026-08-09T07:13:06.577256Z  INFO herdr::logging: session saved event="persist.save" subsystem="persist" outcome="ok" path=/Users/jason/.config/herdr/session.json workspaces=6
2026-08-09T07:13:11.654984Z  INFO herdr::pane: agent changed pane=11 previous_agent=None agent=Some(OpenCode) process=opencode pgid=Some(43994)
2026-08-09T07:13:14.388561Z  INFO herdr::pane: agent changed pane=11 previous_agent=Some(OpenCode) agent=None pgid=Some(22881)
2026-08-09T07:13:53.356264Z  INFO herdr::logging: workspace focused event="workspace.focus" subsystem="workspace" outcome="ok" workspace_id="w7"
2026-08-09T07:13:53.356349Z  INFO herdr::logging: tab focused event="tab.focus" subsystem="tab" outcome="ok" workspace_id="w7" tab_id="w7:t1"
2026-08-09T07:13:58.371671Z  INFO herdr::logging: session saved event="persist.save" subsystem="persist" outcome="ok" path=/Users/jason/.config/herdr/session.json workspaces=6
2026-08-09T07:14:09.565244Z  INFO herdr::logging: workspace focused event="workspace.focus" subsystem="workspace" outcome="ok" workspace_id="wC"
2026-08-09T07:14:09.565312Z  INFO herdr::logging: tab focused event="tab.focus" subsystem="tab" outcome="ok" workspace_id="wC" tab_id="wC:t2"
2026-08-09T07:14:14.577711Z  INFO herdr::logging: session saved event="persist.save" subsystem="persist" outcome="ok" path=/Users/jason/.config/herdr/session.json workspaces=6
2026-08-09T07:14:16.007608Z  INFO herdr::pane: agent changed pane=11 previous_agent=None agent=Some(OpenCode) process=opencode pgid=Some(44643)
2026-08-09T07:14:33.927588Z  INFO herdr::app::actions: copied selection to clipboard
2026-08-09T07:14:36.956972Z  INFO herdr::pane: agent changed pane=11 previous_agent=Some(OpenCode) agent=None pgid=Some(22881)
2026-08-09T07:14:44.027781Z  INFO herdr::pane: agent changed pane=11 previous_agent=None agent=Some(OpenCode) process=opencode pgid=Some(44932)
2026-08-09T07:16:39.408357Z  INFO herdr::logging: workspace focused event="workspace.focus" subsystem="workspace" outcome="ok" workspace_id="w7"
2026-08-09T07:16:39.408521Z  INFO herdr::logging: tab focused event="tab.focus" subsystem="tab" outcome="ok" workspace_id="w7" tab_id="w7:t1"
2026-08-09T07:16:44.415998Z  INFO herdr::logging: session saved event="persist.save" subsystem="persist" outcome="ok" path=/Users/jason/.config/herdr/session.json workspaces=6
2026-08-09T07:17:30.974397Z  INFO herdr::logging: workspace focused event="workspace.focus" subsystem="workspace" outcome="ok" workspace_id="wC"
2026-08-09T07:17:30.974465Z  INFO herdr::logging: tab focused event="tab.focus" subsystem="tab" outcome="ok" workspace_id="wC" tab_id="wC:t2"
2026-08-09T07:17:35.986945Z  INFO herdr::logging: session saved event="persist.save" subsystem="persist" outcome="ok" path=/Users/jason/.config/herdr/session.json workspaces=6
2026-08-09T07:18:16.418344Z  INFO herdr::pane: agent changed pane=11 previous_agent=Some(OpenCode) agent=None pgid=Some(22881)
2026-08-09T07:18:32.572037Z  INFO herdr::pane: agent changed pane=11 previous_agent=None agent=Some(OpenCode) process=opencode pgid=Some(47664)
2026-08-09T07:28:27.098205Z  INFO herdr::pane: agent changed pane=11 previous_agent=None agent=Some(OpenCode) process=opencode pgid=Some(47664)
2026-08-09T07:28:32.052861Z  INFO herdr::logging: session saved event="persist.save" subsystem="persist" outcome="ok" path=/Users/jason/.config/herdr/session.json workspaces=6
2026-08-09T07:33:45.478569Z  INFO herdr::logging: checking for updates event="update.check.start" subsystem="update" outcome="started"
2026-08-09T07:54:02.826816Z  INFO herdr::logging: workspace focused event="workspace.focus" subsystem="workspace" outcome="ok" workspace_id="w7"
2026-08-09T07:54:02.827260Z  INFO herdr::logging: tab focused event="tab.focus" subsystem="tab" outcome="ok" workspace_id="w7" tab_id="w7:t1"
2026-08-09T07:54:07.836255Z  INFO herdr::logging: session saved event="persist.save" subsystem="persist" outcome="ok" path=/Users/jason/.config/herdr/session.json workspaces=6
2026-08-09T07:54:48.604923Z  INFO herdr::pane: agent changed pane=2 previous_agent=None agent=Some(OpenCode) process=opencode pgid=Some(143)
2026-08-09T07:54:54.079863Z  INFO herdr::pane: agent changed pane=2 previous_agent=Some(OpenCode) agent=None pgid=Some(143)
2026-08-09T07:54:56.096804Z  INFO herdr::pane: agent changed pane=2 previous_agent=None agent=Some(OpenCode) process=opencode pgid=Some(72162)
2026-08-09T07:54:57.314545Z  INFO herdr::pane: agent changed pane=2 previous_agent=Some(OpenCode) agent=None pgid=Some(143)
2026-08-09T07:55:12.465725Z  INFO herdr::pane: agent changed pane=2 previous_agent=None agent=Some(OpenCode) process=opencode pgid=Some(72295)
2026-08-09T07:55:13.072985Z  INFO herdr::pane: agent changed pane=2 previous_agent=Some(OpenCode) agent=None pgid=Some(143)
2026-08-09T07:56:06.037210Z  INFO herdr::logging: workspace focused event="workspace.focus" subsystem="workspace" outcome="ok" workspace_id="wC"
2026-08-09T07:56:06.037426Z  INFO herdr::logging: tab focused event="tab.focus" subsystem="tab" outcome="ok" workspace_id="wC" tab_id="wC:t2"
2026-08-09T07:56:11.045662Z  INFO herdr::logging: session saved event="persist.save" subsystem="persist" outcome="ok" path=/Users/jason/.config/herdr/session.json workspaces=6
2026-08-09T07:59:09.344345Z  INFO herdr::logging: workspace focused event="workspace.focus" subsystem="workspace" outcome="ok" workspace_id="w7"
2026-08-09T07:59:09.344987Z  INFO herdr::logging: tab focused event="tab.focus" subsystem="tab" outcome="ok" workspace_id="w7" tab_id="w7:t1"
2026-08-09T07:59:14.349722Z  INFO herdr::logging: session saved event="persist.save" subsystem="persist" outcome="ok" path=/Users/jason/.config/herdr/session.json workspaces=6
2026-08-09T08:00:20.185236Z  INFO herdr::logging: workspace focused event="workspace.focus" subsystem="workspace" outcome="ok" workspace_id="wC"
2026-08-09T08:00:20.185776Z  INFO herdr::logging: tab focused event="tab.focus" subsystem="tab" outcome="ok" workspace_id="wC" tab_id="wC:t2"
2026-08-09T08:00:25.190187Z  INFO herdr::logging: session saved event="persist.save" subsystem="persist" outcome="ok" path=/Users/jason/.config/herdr/session.json workspaces=6
2026-08-09T08:00:58.141723Z  INFO herdr::logging: tab focused event="tab.focus" subsystem="tab" outcome="ok" workspace_id="wC" tab_id="wC:t1"
2026-08-09T08:01:03.147120Z  INFO herdr::logging: session saved event="persist.save" subsystem="persist" outcome="ok" path=/Users/jason/.config/herdr/session.json workspaces=6
2026-08-09T08:03:45.507011Z  INFO herdr::logging: checking for updates event="update.check.start" subsystem="update" outcome="started"
2026-08-09T08:08:03.175656Z  INFO herdr::app::actions: copied selection to clipboard
2026-08-09T08:10:00.090409Z  INFO herdr::logging: workspace focused event="workspace.focus" subsystem="workspace" outcome="ok" workspace_id="w7"
2026-08-09T08:10:00.091040Z  INFO herdr::logging: tab focused event="tab.focus" subsystem="tab" outcome="ok" workspace_id="w7" tab_id="w7:t1"
2026-08-09T08:10:05.102539Z  INFO herdr::logging: session saved event="persist.save" subsystem="persist" outcome="ok" path=/Users/jason/.config/herdr/session.json workspaces=6
2026-08-09T08:11:38.564731Z  INFO herdr::logging: workspace focused event="workspace.focus" subsystem="workspace" outcome="ok" workspace_id="wC"
2026-08-09T08:11:38.565392Z  INFO herdr::logging: tab focused event="tab.focus" subsystem="tab" outcome="ok" workspace_id="wC" tab_id="wC:t1"
2026-08-09T08:11:42.648538Z  INFO herdr::logging: workspace focused event="workspace.focus" subsystem="workspace" outcome="ok" workspace_id="w7"
2026-08-09T08:11:42.648605Z  INFO herdr::logging: tab focused event="tab.focus" subsystem="tab" outcome="ok" workspace_id="w7" tab_id="w7:t1"
2026-08-09T08:11:47.654972Z  INFO herdr::logging: session saved event="persist.save" subsystem="persist" outcome="ok" path=/Users/jason/.config/herdr/session.json workspaces=6
2026-08-09T08:11:52.365354Z  INFO herdr::logging: tab focused event="tab.focus" subsystem="tab" outcome="ok" workspace_id="w7" tab_id="w7:t2"
2026-08-09T08:11:57.374104Z  INFO herdr::logging: session saved event="persist.save" subsystem="persist" outcome="ok" path=/Users/jason/.config/herdr/session.json workspaces=6
2026-08-09T08:12:03.431626Z  INFO herdr::logging: tab focused event="tab.focus" subsystem="tab" outcome="ok" workspace_id="w7" tab_id="w7:t1"
2026-08-09T08:12:08.437293Z  INFO herdr::logging: session saved event="persist.save" subsystem="persist" outcome="ok" path=/Users/jason/.config/herdr/session.json workspaces=6
2026-08-09T08:15:53.272886Z  INFO herdr::pane: agent changed pane=2 previous_agent=None agent=Some(OpenCode) process=opencode pgid=Some(84477)
2026-08-09T08:15:54.186297Z  INFO herdr::pane: agent changed pane=2 previous_agent=Some(OpenCode) agent=None pgid=Some(143)
2026-08-09T08:16:04.778258Z  INFO herdr::pane: agent changed pane=2 previous_agent=None agent=Some(OpenCode) process=opencode pgid=Some(84562)
2026-08-09T08:16:07.202560Z  INFO herdr::pane: agent changed pane=2 previous_agent=Some(OpenCode) agent=None pgid=Some(143)
2026-08-09T08:17:06.330571Z  INFO herdr::app::actions: copied double-clicked token to clipboard
2026-08-09T08:17:28.870824Z  INFO herdr::app::actions: copied selection to clipboard
2026-08-09T08:25:30.133283Z  INFO herdr::logging: workspace focused event="workspace.focus" subsystem="workspace" outcome="ok" workspace_id="wC"
2026-08-09T08:25:30.134963Z  INFO herdr::logging: tab focused event="tab.focus" subsystem="tab" outcome="ok" workspace_id="wC" tab_id="wC:t1"
2026-08-09T08:25:32.226431Z  INFO herdr::logging: tab focused event="tab.focus" subsystem="tab" outcome="ok" workspace_id="wC" tab_id="wC:t2"
2026-08-09T08:25:37.230150Z  INFO herdr::logging: session saved event="persist.save" subsystem="persist" outcome="ok" path=/Users/jason/.config/herdr/session.json workspaces=6
2026-08-09T08:25:45.168561Z  INFO herdr::pane: agent changed pane=11 previous_agent=Some(OpenCode) agent=None pgid=Some(22881)
2026-08-09T08:25:49.862424Z  INFO herdr::logging: session saved event="persist.save" subsystem="persist" outcome="ok" path=/Users/jason/.config/herdr/session.json workspaces=6
2026-08-09T08:25:54.716469Z  INFO herdr::app::actions: copied selection to clipboard
2026-08-09T08:26:03.877779Z  INFO herdr::pane: agent changed pane=11 previous_agent=None agent=Some(OpenCode) process=opencode pgid=Some(90308)
2026-08-09T08:33:45.524689Z  INFO herdr::logging: checking for updates event="update.check.start" subsystem="update" outcome="started"
2026-08-09T09:03:45.542778Z  INFO herdr::logging: checking for updates event="update.check.start" subsystem="update" outcome="started"
2026-08-09T09:33:45.553564Z  INFO herdr::logging: checking for updates event="update.check.start" subsystem="update" outcome="started"
2026-08-09T10:03:45.572122Z  INFO herdr::logging: checking for updates event="update.check.start" subsystem="update" outcome="started"
2026-08-09T10:33:45.600010Z  INFO herdr::logging: checking for updates event="update.check.start" subsystem="update" outcome="started"
2026-08-09T11:03:45.614367Z  INFO herdr::logging: checking for updates event="update.check.start" subsystem="update" outcome="started"
2026-08-09T11:29:35.915284Z  INFO herdr::pane: agent changed pane=11 previous_agent=Some(OpenCode) agent=None pgid=Some(22881)
2026-08-09T11:29:54.638504Z  INFO herdr::pane: agent changed pane=11 previous_agent=None agent=Some(OpenCode) process=opencode pgid=Some(7416)
2026-08-09T11:31:14.932467Z  INFO herdr::pane: agent changed pane=11 previous_agent=None agent=Some(OpenCode) process=opencode pgid=Some(7416)
2026-08-09T11:31:19.945018Z  INFO herdr::logging: session saved event="persist.save" subsystem="persist" outcome="ok" path=/Users/jason/.config/herdr/session.json workspaces=6
2026-08-09T11:33:45.629735Z  INFO herdr::logging: checking for updates event="update.check.start" subsystem="update" outcome="started"
2026-08-09T12:03:45.640863Z  INFO herdr::logging: checking for updates event="update.check.start" subsystem="update" outcome="started"
2026-08-09T12:33:45.653571Z  INFO herdr::logging: checking for updates event="update.check.start" subsystem="update" outcome="started"
2026-08-09T13:02:11.724858Z  INFO herdr::server::headless: client resize client_id=2 cols=232 rows=61 cell_width_px=0 cell_height_px=0
2026-08-09T13:03:45.669397Z  INFO herdr::logging: checking for updates event="update.check.start" subsystem="update" outcome="started"
2026-08-09T13:06:20.379341Z  INFO herdr::server::headless: client resize client_id=2 cols=135 rows=41 cell_width_px=0 cell_height_px=0
2026-08-09T13:06:21.066880Z  INFO herdr::server::headless: client resize client_id=2 cols=135 rows=41 cell_width_px=0 cell_height_px=0
2026-08-09T13:33:45.684636Z  INFO herdr::logging: checking for updates event="update.check.start" subsystem="update" outcome="started"
2026-08-09T14:01:25.470279Z  INFO herdr::logging: api request received event="api.request.start" subsystem="api" outcome="started" request_id="cli:pane:focus" method="pane.focus_direction" changes_ui=true
2026-08-09T14:01:25.470746Z  INFO herdr::logging: api request completed event="api.request.complete" subsystem="api" outcome="ok" request_id="cli:pane:focus" method="pane.focus_direction"
2026-08-09T14:03:45.699011Z  INFO herdr::logging: checking for updates event="update.check.start" subsystem="update" outcome="started"
2026-08-09T14:33:45.713593Z  INFO herdr::logging: checking for updates event="update.check.start" subsystem="update" outcome="started"
2026-08-09T15:03:45.738651Z  INFO herdr::logging: checking for updates event="update.check.start" subsystem="update" outcome="started"
2026-08-09T15:33:45.753719Z  INFO herdr::logging: checking for updates event="update.check.start" subsystem="update" outcome="started"
2026-08-09T16:03:45.775927Z  INFO herdr::logging: checking for updates event="update.check.start" subsystem="update" outcome="started"
2026-08-09T16:33:45.788068Z  INFO herdr::logging: checking for updates event="update.check.start" subsystem="update" outcome="started"
2026-08-09T17:03:45.809765Z  INFO herdr::logging: checking for updates event="update.check.start" subsystem="update" outcome="started"
2026-08-09T17:33:45.823804Z  INFO herdr::logging: checking for updates event="update.check.start" subsystem="update" outcome="started"
2026-08-09T18:03:45.835675Z  INFO herdr::logging: checking for updates event="update.check.start" subsystem="update" outcome="started"
2026-08-09T18:33:45.845829Z  INFO herdr::logging: checking for updates event="update.check.start" subsystem="update" outcome="started"
2026-08-09T19:03:45.860136Z  INFO herdr::logging: checking for updates event="update.check.start" subsystem="update" outcome="started"
2026-08-09T19:33:45.879807Z  INFO herdr::logging: checking for updates event="update.check.start" subsystem="update" outcome="started"
2026-08-09T20:03:45.899225Z  INFO herdr::logging: checking for updates event="update.check.start" subsystem="update" outcome="started"
2026-08-09T20:33:45.920808Z  INFO herdr::logging: checking for updates event="update.check.start" subsystem="update" outcome="started"
2026-08-09T21:03:45.941789Z  INFO herdr::logging: checking for updates event="update.check.start" subsystem="update" outcome="started"
2026-08-09T21:33:45.955060Z  INFO herdr::logging: checking for updates event="update.check.start" subsystem="update" outcome="started"
2026-08-09T22:03:45.963822Z  INFO herdr::logging: checking for updates event="update.check.start" subsystem="update" outcome="started"
2026-08-09T22:33:45.979223Z  INFO herdr::logging: checking for updates event="update.check.start" subsystem="update" outcome="started"
2026-08-09T22:54:20.555401Z  INFO herdr::logging: tab focused event="tab.focus" subsystem="tab" outcome="ok" workspace_id="wC" tab_id="wC:t1"
2026-08-09T22:54:25.566791Z  INFO herdr::logging: session saved event="persist.save" subsystem="persist" outcome="ok" path=/Users/jason/.config/herdr/session.json workspaces=6
2026-08-09T23:13:19.162027Z  INFO herdr::logging: checking for updates event="update.check.start" subsystem="update" outcome="started"
2026-08-10T00:00:38.596302Z  INFO herdr::logging: checking for updates event="update.check.start" subsystem="update" outcome="started"
2026-08-10T00:06:41.290592Z  INFO herdr::server::headless: client resize client_id=2 cols=232 rows=61 cell_width_px=0 cell_height_px=0
2026-08-10T00:06:42.598810Z  INFO herdr::server::headless: client resize client_id=2 cols=232 rows=61 cell_width_px=0 cell_height_px=0
2026-08-10T00:30:38.601314Z  INFO herdr::logging: checking for updates event="update.check.start" subsystem="update" outcome="started"
2026-08-10T00:41:31.051115Z  INFO herdr::logging: tab focused event="tab.focus" subsystem="tab" outcome="ok" workspace_id="wC" tab_id="wC:t2"
2026-08-10T00:41:36.072840Z  INFO herdr::logging: session saved event="persist.save" subsystem="persist" outcome="ok" path=/Users/jason/.config/herdr/session.json workspaces=6
2026-08-10T00:45:19.282883Z  INFO herdr::logging: tab focused event="tab.focus" subsystem="tab" outcome="ok" workspace_id="wC" tab_id="wC:t1"
2026-08-10T00:45:24.291375Z  INFO herdr::logging: session saved event="persist.save" subsystem="persist" outcome="ok" path=/Users/jason/.config/herdr/session.json workspaces=6
2026-08-10T01:00:38.621507Z  INFO herdr::logging: checking for updates event="update.check.start" subsystem="update" outcome="started"
2026-08-10T01:07:34.555567Z  INFO herdr::logging: tab focused event="tab.focus" subsystem="tab" outcome="ok" workspace_id="wC" tab_id="wC:t2"
2026-08-10T01:07:39.566604Z  INFO herdr::logging: session saved event="persist.save" subsystem="persist" outcome="ok" path=/Users/jason/.config/herdr/session.json workspaces=6
2026-08-10T01:09:49.777102Z  INFO herdr::server::headless: client resize client_id=2 cols=135 rows=41 cell_width_px=0 cell_height_px=0
2026-08-10T01:09:51.070164Z  INFO herdr::server::headless: client resize client_id=2 cols=135 rows=41 cell_width_px=0 cell_height_px=0
2026-08-10T01:14:56.058533Z  INFO herdr::server::headless: client resize client_id=2 cols=232 rows=61 cell_width_px=0 cell_height_px=0
2026-08-10T01:30:38.645435Z  INFO herdr::logging: checking for updates event="update.check.start" subsystem="update" outcome="started"
2026-08-10T01:35:10.018555Z  INFO herdr::server::headless: client resize client_id=2 cols=135 rows=41 cell_width_px=0 cell_height_px=0
2026-08-10T01:35:15.640515Z  INFO herdr::server::headless: client resize client_id=2 cols=232 rows=61 cell_width_px=0 cell_height_px=0
2026-08-10T01:50:28.253560Z  INFO herdr::logging: tab focused event="tab.focus" subsystem="tab" outcome="ok" workspace_id="wC" tab_id="wC:t1"
2026-08-10T01:50:33.471981Z  INFO herdr::logging: session saved event="persist.save" subsystem="persist" outcome="ok" path=/Users/jason/.config/herdr/session.json workspaces=6
2026-08-10T01:50:49.353974Z  INFO herdr::logging: tab focused event="tab.focus" subsystem="tab" outcome="ok" workspace_id="wC" tab_id="wC:t2"
2026-08-10T01:50:54.357187Z  INFO herdr::logging: session saved event="persist.save" subsystem="persist" outcome="ok" path=/Users/jason/.config/herdr/session.json workspaces=6
2026-08-10T02:00:38.670229Z  INFO herdr::logging: checking for updates event="update.check.start" subsystem="update" outcome="started"
2026-08-10T02:03:20.025422Z  INFO herdr::logging: tab focused event="tab.focus" subsystem="tab" outcome="ok" workspace_id="wC" tab_id="wC:t1"
2026-08-10T02:03:25.034102Z  INFO herdr::logging: session saved event="persist.save" subsystem="persist" outcome="ok" path=/Users/jason/.config/herdr/session.json workspaces=6
2026-08-10T02:03:33.972748Z  INFO herdr::logging: tab focused event="tab.focus" subsystem="tab" outcome="ok" workspace_id="wC" tab_id="wC:t2"
2026-08-10T02:03:38.977151Z  INFO herdr::logging: session saved event="persist.save" subsystem="persist" outcome="ok" path=/Users/jason/.config/herdr/session.json workspaces=6
2026-08-10T02:04:50.776638Z  INFO herdr::logging: api request received event="api.request.start" subsystem="api" outcome="started" request_id="cli:pane:focus" method="pane.focus_direction" changes_ui=true
2026-08-10T02:04:50.777201Z  INFO herdr::logging: api request completed event="api.request.complete" subsystem="api" outcome="ok" request_id="cli:pane:focus" method="pane.focus_direction"
2026-08-10T02:30:38.680837Z  INFO herdr::logging: checking for updates event="update.check.start" subsystem="update" outcome="started"
2026-08-10T02:47:07.597335Z  INFO herdr::logging: tab focused event="tab.focus" subsystem="tab" outcome="ok" workspace_id="wC" tab_id="wC:t1"
2026-08-10T02:47:12.696627Z  INFO herdr::logging: session saved event="persist.save" subsystem="persist" outcome="ok" path=/Users/jason/.config/herdr/session.json workspaces=6
2026-08-10T02:47:38.597158Z  INFO herdr::server::headless: client resize client_id=2 cols=135 rows=41 cell_width_px=0 cell_height_px=0
2026-08-10T02:47:41.807612Z  INFO herdr::server::headless: client resize client_id=2 cols=135 rows=41 cell_width_px=0 cell_height_px=0
2026-08-10T03:00:38.702074Z  INFO herdr::logging: checking for updates event="update.check.start" subsystem="update" outcome="started"
2026-08-10T03:16:29.295766Z  INFO herdr::logging: workspace focused event="workspace.focus" subsystem="workspace" outcome="ok" workspace_id="w7"
2026-08-10T03:16:29.296790Z  INFO herdr::logging: tab focused event="tab.focus" subsystem="tab" outcome="ok" workspace_id="w7" tab_id="w7:t1"
2026-08-10T03:16:34.327610Z  INFO herdr::logging: session saved event="persist.save" subsystem="persist" outcome="ok" path=/Users/jason/.config/herdr/session.json workspaces=6
2026-08-10T03:17:54.543745Z  INFO herdr::logging: workspace focused event="workspace.focus" subsystem="workspace" outcome="ok" workspace_id="wC"
2026-08-10T03:17:54.543847Z  INFO herdr::logging: tab focused event="tab.focus" subsystem="tab" outcome="ok" workspace_id="wC" tab_id="wC:t1"
2026-08-10T03:17:59.548095Z  INFO herdr::logging: session saved event="persist.save" subsystem="persist" outcome="ok" path=/Users/jason/.config/herdr/session.json workspaces=6
2026-08-10T03:17:59.881876Z  INFO herdr::logging: tab focused event="tab.focus" subsystem="tab" outcome="ok" workspace_id="wC" tab_id="wC:t2"
2026-08-10T03:18:04.888080Z  INFO herdr::logging: session saved event="persist.save" subsystem="persist" outcome="ok" path=/Users/jason/.config/herdr/session.json workspaces=6
2026-08-10T03:18:38.888387Z  INFO herdr::pane: agent changed pane=11 previous_agent=Some(OpenCode) agent=None pgid=Some(22881)
2026-08-10T03:18:43.591971Z  INFO herdr::logging: session saved event="persist.save" subsystem="persist" outcome="ok" path=/Users/jason/.config/herdr/session.json workspaces=6
2026-08-10T03:18:43.815951Z  INFO herdr::app::actions: copied selection to clipboard
2026-08-10T03:27:37.273374Z  INFO herdr::server::headless: client resize client_id=2 cols=232 rows=61 cell_width_px=0 cell_height_px=0
2026-08-10T03:28:40.457548Z  INFO herdr::pane: agent changed pane=11 previous_agent=None agent=Some(OpenCode) process=opencode pgid=Some(47795)
2026-08-10T03:30:38.716022Z  INFO herdr::logging: checking for updates event="update.check.start" subsystem="update" outcome="started"
2026-08-10T03:33:54.359454Z  INFO herdr::server::headless: client resize client_id=2 cols=135 rows=41 cell_width_px=0 cell_height_px=0
2026-08-10T03:33:54.943324Z  INFO herdr::server::headless: client resize client_id=2 cols=135 rows=41 cell_width_px=0 cell_height_px=0
2026-08-10T03:37:12.130280Z  INFO herdr::server::headless: client resize client_id=2 cols=232 rows=61 cell_width_px=0 cell_height_px=0
2026-08-10T03:40:50.179637Z  INFO herdr::pane: agent changed pane=11 previous_agent=Some(OpenCode) agent=None pgid=Some(22881)
2026-08-10T03:40:58.363314Z  INFO herdr::app::actions: copied selection to clipboard
2026-08-10T03:41:06.347287Z  INFO herdr::pane: agent changed pane=11 previous_agent=None agent=Some(OpenCode) process=opencode pgid=Some(56353)
2026-08-10T03:41:39.494944Z  INFO herdr::pane: agent changed pane=11 previous_agent=Some(OpenCode) agent=None pgid=Some(22881)
2026-08-10T03:42:28.998727Z  INFO herdr::server::headless: client resize client_id=2 cols=80 rows=24 cell_width_px=0 cell_height_px=0
2026-08-10T03:42:29.008702Z  INFO herdr::server::headless: client detached client_id=2
2026-08-10T03:42:29.008928Z  INFO herdr::server::headless: client disconnected client_id=2
2026-08-10T03:44:22.900875Z  INFO herdr::server::headless: client connected client_id=4 cols=232 rows=61 cell_width_px=0 cell_height_px=0 render_encoding=SemanticFrame
2026-08-10T03:44:34.773228Z  INFO herdr::pane: agent changed pane=11 previous_agent=None agent=Some(OpenCode) process=opencode pgid=Some(58465)
2026-08-10T03:46:29.108230Z  INFO herdr::pane: agent changed pane=11 previous_agent=Some(OpenCode) agent=None pgid=Some(22881)
2026-08-10T03:46:35.685044Z  INFO herdr::pane: agent changed pane=11 previous_agent=None agent=Some(OpenCode) process=opencode pgid=Some(59602)
2026-08-10T03:54:38.686385Z  INFO herdr::pane: agent changed pane=11 previous_agent=None agent=Some(OpenCode) process=opencode pgid=Some(59602)
2026-08-10T03:54:43.661418Z  INFO herdr::logging: session saved event="persist.save" subsystem="persist" outcome="ok" path=/Users/jason/.config/herdr/session.json workspaces=6
2026-08-10T03:56:34.216172Z  INFO herdr::pane: agent changed pane=11 previous_agent=Some(OpenCode) agent=None pgid=Some(22881)
2026-08-10T03:56:38.931308Z  INFO herdr::logging: session saved event="persist.save" subsystem="persist" outcome="ok" path=/Users/jason/.config/herdr/session.json workspaces=6
2026-08-10T03:56:42.803724Z  INFO herdr::pane: agent changed pane=11 previous_agent=None agent=Some(OpenCode) process=opencode pgid=Some(64795)
2026-08-10T03:57:10.466387Z  INFO herdr::pane: agent changed pane=11 previous_agent=Some(OpenCode) agent=None pgid=Some(22881)
2026-08-10T03:57:18.233373Z  INFO herdr::app::actions: copied selection to clipboard
2026-08-10T03:57:20.605624Z  INFO herdr::pane: agent changed pane=11 previous_agent=None agent=Some(OpenCode) process=opencode pgid=Some(65298)
2026-08-10T04:00:38.725727Z  INFO herdr::logging: checking for updates event="update.check.start" subsystem="update" outcome="started"
2026-08-10T04:03:28.139238Z  INFO herdr::logging: tab focused event="tab.focus" subsystem="tab" outcome="ok" workspace_id="wC" tab_id="wC:t1"
2026-08-10T04:03:33.152251Z  INFO herdr::logging: session saved event="persist.save" subsystem="persist" outcome="ok" path=/Users/jason/.config/herdr/session.json workspaces=6
2026-08-10T04:05:22.286388Z  INFO herdr::logging: tab focused event="tab.focus" subsystem="tab" outcome="ok" workspace_id="wC" tab_id="wC:t2"
2026-08-10T04:05:27.297767Z  INFO herdr::logging: session saved event="persist.save" subsystem="persist" outcome="ok" path=/Users/jason/.config/herdr/session.json workspaces=6
2026-08-10T04:17:08.917307Z  INFO herdr::pane: agent changed pane=11 previous_agent=Some(OpenCode) agent=None pgid=Some(22881)
2026-08-10T04:17:41.259239Z  INFO herdr::app::actions: copied selection to clipboard
2026-08-10T04:18:02.738013Z  INFO herdr::logging: tab focused event="tab.focus" subsystem="tab" outcome="ok" workspace_id="wC" tab_id="wC:t1"
2026-08-10T04:18:07.748742Z  INFO herdr::logging: session saved event="persist.save" subsystem="persist" outcome="ok" path=/Users/jason/.config/herdr/session.json workspaces=6
2026-08-10T04:18:30.219166Z  INFO herdr::logging: tab focused event="tab.focus" subsystem="tab" outcome="ok" workspace_id="wC" tab_id="wC:t2"
2026-08-10T04:18:35.225942Z  INFO herdr::logging: session saved event="persist.save" subsystem="persist" outcome="ok" path=/Users/jason/.config/herdr/session.json workspaces=6
2026-08-10T04:18:40.955581Z  INFO herdr::pane: agent changed pane=11 previous_agent=None agent=Some(OpenCode) process=opencode pgid=Some(77298)
2026-08-10T04:20:54.819425Z  INFO herdr::pane: agent changed pane=11 previous_agent=Some(OpenCode) agent=None pgid=Some(22881)
2026-08-10T04:21:01.384099Z  INFO herdr::pane: agent changed pane=11 previous_agent=None agent=Some(OpenCode) process=opencode pgid=Some(78825)
2026-08-10T04:21:20.246445Z  INFO herdr::logging: tab focused event="tab.focus" subsystem="tab" outcome="ok" workspace_id="wC" tab_id="wC:t1"
2026-08-10T04:21:25.259704Z  INFO herdr::logging: session saved event="persist.save" subsystem="persist" outcome="ok" path=/Users/jason/.config/herdr/session.json workspaces=6
2026-08-10T04:23:44.828091Z  INFO herdr::logging: tab focused event="tab.focus" subsystem="tab" outcome="ok" workspace_id="wC" tab_id="wC:t2"
2026-08-10T04:23:49.836476Z  INFO herdr::logging: session saved event="persist.save" subsystem="persist" outcome="ok" path=/Users/jason/.config/herdr/session.json workspaces=6
2026-08-10T04:30:38.742513Z  INFO herdr::logging: checking for updates event="update.check.start" subsystem="update" outcome="started"
2026-08-10T04:32:54.364834Z  INFO herdr::logging: tab focused event="tab.focus" subsystem="tab" outcome="ok" workspace_id="wC" tab_id="wC:t1"
2026-08-10T04:32:59.369077Z  INFO herdr::logging: session saved event="persist.save" subsystem="persist" outcome="ok" path=/Users/jason/.config/herdr/session.json workspaces=6
2026-08-10T04:33:44.215882Z  INFO herdr::logging: tab focused event="tab.focus" subsystem="tab" outcome="ok" workspace_id="wC" tab_id="wC:t2"
2026-08-10T04:33:49.220424Z  INFO herdr::logging: session saved event="persist.save" subsystem="persist" outcome="ok" path=/Users/jason/.config/herdr/session.json workspaces=6
2026-08-10T04:52:54.705671Z  INFO herdr::logging: tab focused event="tab.focus" subsystem="tab" outcome="ok" workspace_id="wC" tab_id="wC:t1"
2026-08-10T04:52:59.720629Z  INFO herdr::logging: session saved event="persist.save" subsystem="persist" outcome="ok" path=/Users/jason/.config/herdr/session.json workspaces=6
2026-08-10T04:55:34.069658Z  INFO herdr::logging: tab focused event="tab.focus" subsystem="tab" outcome="ok" workspace_id="wC" tab_id="wC:t2"
2026-08-10T04:55:39.081319Z  INFO herdr::logging: session saved event="persist.save" subsystem="persist" outcome="ok" path=/Users/jason/.config/herdr/session.json workspaces=6
2026-08-10T05:00:38.758117Z  INFO herdr::logging: checking for updates event="update.check.start" subsystem="update" outcome="started"
2026-08-10T05:15:52.847686Z  INFO herdr::logging: tab focused event="tab.focus" subsystem="tab" outcome="ok" workspace_id="wC" tab_id="wC:t1"
2026-08-10T05:15:57.861655Z  INFO herdr::logging: session saved event="persist.save" subsystem="persist" outcome="ok" path=/Users/jason/.config/herdr/session.json workspaces=6
2026-08-10T05:25:17.720861Z  INFO herdr::server::headless: client resize client_id=4 cols=135 rows=41 cell_width_px=0 cell_height_px=0
2026-08-10T05:30:38.774315Z  INFO herdr::logging: checking for updates event="update.check.start" subsystem="update" outcome="started"
2026-08-10T06:00:38.798609Z  INFO herdr::logging: checking for updates event="update.check.start" subsystem="update" outcome="started"
2026-08-10T06:51:02.415483Z  INFO herdr::logging: checking for updates event="update.check.start" subsystem="update" outcome="started"
2026-08-10T08:11:20.619503Z  INFO herdr::logging: tab focused event="tab.focus" subsystem="tab" outcome="ok" workspace_id="wC" tab_id="wC:t2"
2026-08-10T08:11:22.709997Z  INFO herdr::logging: tab focused event="tab.focus" subsystem="tab" outcome="ok" workspace_id="wC" tab_id="wC:t1"
2026-08-10T08:11:27.720502Z  INFO herdr::logging: session saved event="persist.save" subsystem="persist" outcome="ok" path=/Users/jason/.config/herdr/session.json workspaces=6
2026-08-10T08:17:39.988135Z  INFO herdr::logging: checking for updates event="update.check.start" subsystem="update" outcome="started"
2026-08-10T08:20:21.782772Z  INFO herdr::logging: tab focused event="tab.focus" subsystem="tab" outcome="ok" workspace_id="wC" tab_id="wC:t2"
2026-08-10T08:20:26.797528Z  INFO herdr::logging: session saved event="persist.save" subsystem="persist" outcome="ok" path=/Users/jason/.config/herdr/session.json workspaces=6
2026-08-10T08:32:12.174975Z  INFO herdr::logging: tab focused event="tab.focus" subsystem="tab" outcome="ok" workspace_id="wC" tab_id="wC:t1"
2026-08-10T08:32:19.050597Z  INFO herdr::logging: session saved event="persist.save" subsystem="persist" outcome="ok" path=/Users/jason/.config/herdr/session.json workspaces=6
2026-08-10T08:38:59.227759Z  INFO herdr::logging: tab focused event="tab.focus" subsystem="tab" outcome="ok" workspace_id="wC" tab_id="wC:t2"
2026-08-10T08:39:04.240135Z  INFO herdr::logging: session saved event="persist.save" subsystem="persist" outcome="ok" path=/Users/jason/.config/herdr/session.json workspaces=6
2026-08-10T08:47:39.999530Z  INFO herdr::logging: checking for updates event="update.check.start" subsystem="update" outcome="started"
2026-08-10T09:04:58.911525Z  INFO herdr::server::headless: server shutdown initiated
2026-08-10T09:04:58.961663Z  INFO herdr::logging: pane child exited event="pane.exit" subsystem="pane" outcome="completed" pane_id=5 status="ExitStatus { code: 1, signal: Some(\"Terminated: 15\") }"
2026-08-10T09:04:58.961701Z  INFO herdr::logging: pane child exited event="pane.exit" subsystem="pane" outcome="completed" pane_id=3 status="ExitStatus { code: 1, signal: Some(\"Terminated: 15\") }"
2026-08-10T09:04:58.961739Z  INFO herdr::logging: pane child exited event="pane.exit" subsystem="pane" outcome="completed" pane_id=8 status="ExitStatus { code: 1, signal: Some(\"Terminated: 15\") }"
2026-08-10T09:04:58.961686Z  INFO herdr::logging: pane child exited event="pane.exit" subsystem="pane" outcome="completed" pane_id=6 status="ExitStatus { code: 1, signal: Some(\"Terminated: 15\") }"
2026-08-10T09:04:58.961828Z  INFO herdr::logging: pane child exited event="pane.exit" subsystem="pane" outcome="completed" pane_id=4 status="ExitStatus { code: 1, signal: Some(\"Terminated: 15\") }"
2026-08-10T09:04:58.961869Z  INFO herdr::logging: pane child exited event="pane.exit" subsystem="pane" outcome="completed" pane_id=10 status="ExitStatus { code: 1, signal: Some(\"Terminated: 15\") }"
2026-08-10T09:04:58.961761Z  INFO herdr::logging: pane child exited event="pane.exit" subsystem="pane" outcome="completed" pane_id=1 status="ExitStatus { code: 1, signal: Some(\"Terminated: 15\") }"
2026-08-10T09:04:58.961770Z  INFO herdr::logging: pane child exited event="pane.exit" subsystem="pane" outcome="completed" pane_id=2 status="ExitStatus { code: 1, signal: Some(\"Terminated: 15\") }"
2026-08-10T09:04:58.961911Z  INFO herdr::logging: pane child exited event="pane.exit" subsystem="pane" outcome="completed" pane_id=7 status="ExitStatus { code: 1, signal: Some(\"Terminated: 15\") }"
2026-08-10T09:04:58.961922Z  INFO herdr::logging: pane child exited event="pane.exit" subsystem="pane" outcome="completed" pane_id=11 status="ExitStatus { code: 1, signal: Some(\"Terminated: 15\") }"
2026-08-10T09:04:58.965039Z  INFO herdr::server::headless: completing server shutdown
2026-08-10T09:04:59.021988Z  INFO herdr::logging: session saved event="persist.save" subsystem="persist" outcome="ok" path=/Users/jason/.config/herdr/session.json workspaces=6
2026-08-10T09:04:59.022018Z  INFO herdr::server::headless: headless server exiting
2026-08-10T09:04:59.022589Z  INFO herdr::pane: pane session terminated pane=3 pid=144 signal=Hangup
2026-08-10T09:04:59.025421Z  INFO herdr::pane: pane session terminated pane=2 pid=143 signal=Hangup
2026-08-10T09:04:59.026145Z  INFO herdr::pane: pane session terminated pane=5 pid=146 signal=Hangup
2026-08-10T09:04:59.026594Z  INFO herdr::pane: pane session terminated pane=1 pid=142 signal=Hangup
2026-08-10T09:04:59.026616Z  INFO herdr::pane: pane session terminated pane=8 pid=149 signal=Hangup
2026-08-10T09:04:59.026630Z  INFO herdr::pane: pane session terminated pane=7 pid=148 signal=Hangup
2026-08-10T09:04:59.026644Z  INFO herdr::pane: pane session terminated pane=6 pid=147 signal=Hangup
2026-08-10T09:04:59.026654Z  INFO herdr::pane: pane session terminated pane=10 pid=22366 signal=Hangup
2026-08-10T09:04:59.026663Z  INFO herdr::pane: pane session terminated pane=11 pid=22881 signal=Hangup
2026-08-10T09:04:59.026671Z  INFO herdr::pane: pane session terminated pane=4 pid=145 signal=Hangup
2026-08-10T09:04:59.031494Z  INFO herdr::logging: herdr exiting event="app.shutdown" subsystem="server" outcome="completed" pid=141
2026-08-10T09:13:48.625258Z  INFO herdr::platform::macos: raised server file descriptor soft limit previous=256 target=8192
2026-08-10T09:13:48.626076Z  INFO herdr::api::server: api server listening path=/Users/jason/.config/herdr/herdr.sock
2026-08-10T09:13:48.629259Z  INFO herdr::logging: spawning pane terminal event="pane.spawn.start" subsystem="pane" outcome="started" pane_id=1 rows=24 cols=80 scrollback_limit_bytes=10000000
2026-08-10T09:13:48.634558Z  INFO herdr::logging: pane child spawned event="pane.spawned" subsystem="pane" outcome="ok" pane_id=1 pid=4593
2026-08-10T09:13:48.635148Z  INFO herdr::logging: spawning pane terminal event="pane.spawn.start" subsystem="pane" outcome="started" pane_id=2 rows=24 cols=80 scrollback_limit_bytes=10000000
2026-08-10T09:13:48.637809Z  INFO herdr::logging: pane child spawned event="pane.spawned" subsystem="pane" outcome="ok" pane_id=2 pid=4594
2026-08-10T09:13:48.638367Z  INFO herdr::logging: spawning pane terminal event="pane.spawn.start" subsystem="pane" outcome="started" pane_id=3 rows=24 cols=80 scrollback_limit_bytes=10000000
2026-08-10T09:13:48.641460Z  INFO herdr::logging: pane child spawned event="pane.spawned" subsystem="pane" outcome="ok" pane_id=3 pid=4595
2026-08-10T09:13:48.642921Z  INFO herdr::logging: spawning pane terminal event="pane.spawn.start" subsystem="pane" outcome="started" pane_id=4 rows=24 cols=80 scrollback_limit_bytes=10000000
2026-08-10T09:13:48.646245Z  INFO herdr::logging: pane child spawned event="pane.spawned" subsystem="pane" outcome="ok" pane_id=4 pid=4596
2026-08-10T09:13:48.646460Z  INFO herdr::logging: spawning pane terminal event="pane.spawn.start" subsystem="pane" outcome="started" pane_id=5 rows=24 cols=80 scrollback_limit_bytes=10000000
2026-08-10T09:13:48.649532Z  INFO herdr::logging: pane child spawned event="pane.spawned" subsystem="pane" outcome="ok" pane_id=5 pid=4597
2026-08-10T09:13:48.650972Z  INFO herdr::logging: spawning pane terminal event="pane.spawn.start" subsystem="pane" outcome="started" pane_id=6 rows=24 cols=80 scrollback_limit_bytes=10000000
2026-08-10T09:13:48.654191Z  INFO herdr::logging: pane child spawned event="pane.spawned" subsystem="pane" outcome="ok" pane_id=6 pid=4598
2026-08-10T09:13:48.655640Z  INFO herdr::logging: spawning pane terminal event="pane.spawn.start" subsystem="pane" outcome="started" pane_id=7 rows=24 cols=80 scrollback_limit_bytes=10000000
2026-08-10T09:13:48.659241Z  INFO herdr::logging: pane child spawned event="pane.spawned" subsystem="pane" outcome="ok" pane_id=7 pid=4599
2026-08-10T09:13:48.659411Z  INFO herdr::logging: spawning pane terminal event="pane.spawn.start" subsystem="pane" outcome="started" pane_id=8 rows=24 cols=80 scrollback_limit_bytes=10000000
2026-08-10T09:13:48.663068Z  INFO herdr::logging: pane child spawned event="pane.spawned" subsystem="pane" outcome="ok" pane_id=8 pid=4600
2026-08-10T09:13:48.664133Z  INFO herdr::logging: spawning pane terminal event="pane.spawn.start" subsystem="pane" outcome="started" pane_id=9 rows=24 cols=80 scrollback_limit_bytes=10000000
2026-08-10T09:13:48.667579Z  INFO herdr::logging: pane child spawned event="pane.spawned" subsystem="pane" outcome="ok" pane_id=9 pid=4601
2026-08-10T09:13:48.667779Z  INFO herdr::logging: spawning pane terminal event="pane.spawn.start" subsystem="pane" outcome="started" pane_id=10 rows=24 cols=80 scrollback_limit_bytes=10000000
2026-08-10T09:13:48.671670Z  INFO herdr::logging: pane child spawned event="pane.spawned" subsystem="pane" outcome="ok" pane_id=10 pid=4602
2026-08-10T09:13:48.673126Z  INFO herdr::logging: session restore evaluated event="persist.restore" subsystem="persist" outcome="ok" workspaces=6
2026-08-10T09:13:48.673210Z  INFO herdr::app: using pane scrollback configuration pane_scrollback_limit_bytes=10000000
2026-08-10T09:13:48.712550Z  INFO herdr::logging: checking for updates event="update.check.start" subsystem="update" outcome="started"
2026-08-10T09:13:48.734322Z  INFO herdr::server::headless: restored session already has workspaces; ignoring startup cwd cwd=/Users/jason
2026-08-10T09:13:48.734807Z  INFO herdr::server::headless: client protocol socket listening path=/Users/jason/.config/herdr/herdr-client.sock
2026-08-10T09:13:48.734849Z  INFO herdr::server::headless: herdr server started api_socket=/Users/jason/.config/herdr/herdr.sock client_socket=/Users/jason/.config/herdr/herdr-client.sock
2026-08-10T09:13:48.735981Z  INFO herdr::logging: herdr starting event="app.startup" subsystem="server" outcome="started" pid=4592
2026-08-10T09:13:48.778004Z  INFO herdr::server::headless: client connected client_id=2 cols=135 rows=41 cell_width_px=0 cell_height_px=0 render_encoding=SemanticFrame
2026-08-10T09:14:06.844727Z  INFO herdr::pane: agent changed pane=10 previous_agent=None agent=Some(OpenCode) process=opencode pgid=Some(5164)
2026-08-10T09:43:48.726068Z  INFO herdr::logging: checking for updates event="update.check.start" subsystem="update" outcome="started"
2026-08-10T09:48:24.164159Z  INFO herdr::logging: tab focused event="tab.focus" subsystem="tab" outcome="ok" workspace_id="wC" tab_id="wC:t1"
2026-08-10T09:48:29.170595Z  INFO herdr::logging: session saved event="persist.save" subsystem="persist" outcome="ok" path=/Users/jason/.config/herdr/session.json workspaces=6
2026-08-10T09:51:08.309052Z  INFO herdr::logging: tab focused event="tab.focus" subsystem="tab" outcome="ok" workspace_id="wC" tab_id="wC:t2"
2026-08-10T09:51:13.314228Z  INFO herdr::logging: session saved event="persist.save" subsystem="persist" outcome="ok" path=/Users/jason/.config/herdr/session.json workspaces=6
2026-08-10T10:13:48.744562Z  INFO herdr::logging: checking for updates event="update.check.start" subsystem="update" outcome="started"
2026-08-10T10:43:48.763964Z  INFO herdr::logging: checking for updates event="update.check.start" subsystem="update" outcome="started"
2026-08-10T11:01:06.556155Z  INFO herdr::pane: agent changed pane=10 previous_agent=None agent=Some(OpenCode) process=opencode pgid=Some(5164)
2026-08-10T11:01:06.987226Z  INFO herdr::pane: agent changed pane=10 previous_agent=None agent=Some(OpenCode) process=opencode pgid=Some(5164)
2026-08-10T11:01:07.068331Z  INFO herdr::pane: agent changed pane=10 previous_agent=None agent=Some(OpenCode) process=opencode pgid=Some(5164)
2026-08-10T11:01:12.065913Z  INFO herdr::logging: session saved event="persist.save" subsystem="persist" outcome="ok" path=/Users/jason/.config/herdr/session.json workspaces=6
2026-08-10T11:04:55.866733Z  INFO herdr::pane: agent changed pane=10 previous_agent=None agent=Some(OpenCode) process=opencode pgid=Some(5164)
2026-08-10T11:05:00.865835Z  INFO herdr::logging: session saved event="persist.save" subsystem="persist" outcome="ok" path=/Users/jason/.config/herdr/session.json workspaces=6
2026-08-10T11:06:40.632619Z  INFO herdr::pane: agent changed pane=10 previous_agent=None agent=Some(OpenCode) process=opencode pgid=Some(5164)
2026-08-10T11:06:41.622452Z  INFO herdr::pane: agent changed pane=10 previous_agent=None agent=Some(OpenCode) process=opencode pgid=Some(5164)
2026-08-10T11:06:42.471496Z  INFO herdr::pane: agent changed pane=10 previous_agent=None agent=Some(OpenCode) process=opencode pgid=Some(5164)
2026-08-10T11:06:44.448148Z  INFO herdr::pane: agent changed pane=10 previous_agent=None agent=Some(OpenCode) process=opencode pgid=Some(5164)
2026-08-10T11:06:44.770636Z  INFO herdr::pane: agent changed pane=10 previous_agent=None agent=Some(OpenCode) process=opencode pgid=Some(5164)
2026-08-10T11:06:45.072346Z  INFO herdr::pane: agent changed pane=10 previous_agent=None agent=Some(OpenCode) process=opencode pgid=Some(5164)
2026-08-10T11:06:50.067356Z  INFO herdr::logging: session saved event="persist.save" subsystem="persist" outcome="ok" path=/Users/jason/.config/herdr/session.json workspaces=6
2026-08-10T11:09:20.224632Z  INFO herdr::logging: tab focused event="tab.focus" subsystem="tab" outcome="ok" workspace_id="wC" tab_id="wC:t1"
2026-08-10T11:09:25.232649Z  INFO herdr::logging: session saved event="persist.save" subsystem="persist" outcome="ok" path=/Users/jason/.config/herdr/session.json workspaces=6
2026-08-10T11:13:41.359101Z  INFO herdr::logging: tab focused event="tab.focus" subsystem="tab" outcome="ok" workspace_id="wC" tab_id="wC:t2"
2026-08-10T11:13:46.364128Z  INFO herdr::logging: session saved event="persist.save" subsystem="persist" outcome="ok" path=/Users/jason/.config/herdr/session.json workspaces=6
2026-08-10T11:13:48.777299Z  INFO herdr::logging: checking for updates event="update.check.start" subsystem="update" outcome="started"
2026-08-10T11:40:16.895689Z  INFO herdr::logging: tab focused event="tab.focus" subsystem="tab" outcome="ok" workspace_id="wC" tab_id="wC:t1"
2026-08-10T11:40:21.903595Z  INFO herdr::logging: session saved event="persist.save" subsystem="persist" outcome="ok" path=/Users/jason/.config/herdr/session.json workspaces=6
2026-08-10T11:43:48.793095Z  INFO herdr::logging: checking for updates event="update.check.start" subsystem="update" outcome="started"
2026-08-10T12:13:48.811629Z  INFO herdr::logging: checking for updates event="update.check.start" subsystem="update" outcome="started"
2026-08-10T12:43:48.830420Z  INFO herdr::logging: checking for updates event="update.check.start" subsystem="update" outcome="started"
2026-08-10T13:13:48.845406Z  INFO herdr::logging: checking for updates event="update.check.start" subsystem="update" outcome="started"
2026-08-10T13:43:48.863619Z  INFO herdr::logging: checking for updates event="update.check.start" subsystem="update" outcome="started"
2026-08-10T14:13:48.878683Z  INFO herdr::logging: checking for updates event="update.check.start" subsystem="update" outcome="started"
2026-08-10T14:43:48.892698Z  INFO herdr::logging: checking for updates event="update.check.start" subsystem="update" outcome="started"
2026-08-10T15:13:48.906856Z  INFO herdr::logging: checking for updates event="update.check.start" subsystem="update" outcome="started"
2026-08-10T15:43:48.919766Z  INFO herdr::logging: checking for updates event="update.check.start" subsystem="update" outcome="started"
2026-08-10T16:13:48.937308Z  INFO herdr::logging: checking for updates event="update.check.start" subsystem="update" outcome="started"
2026-08-10T16:32:15.966054Z  INFO herdr::logging: tab focused event="tab.focus" subsystem="tab" outcome="ok" workspace_id="wC" tab_id="wC:t2"
2026-08-10T16:32:20.978681Z  INFO herdr::logging: session saved event="persist.save" subsystem="persist" outcome="ok" path=/Users/jason/.config/herdr/session.json workspaces=6
2026-08-10T16:43:48.948944Z  INFO herdr::logging: checking for updates event="update.check.start" subsystem="update" outcome="started"
2026-08-10T17:11:27.490903Z  INFO herdr::server::headless: client connected client_id=4 cols=135 rows=41 cell_width_px=0 cell_height_px=0 render_encoding=SemanticFrame
2026-08-10T17:11:27.607276Z  INFO herdr::server::headless: client resize client_id=4 cols=80 rows=24 cell_width_px=0 cell_height_px=0
2026-08-10T17:11:27.614772Z  INFO herdr::server::headless: client detached client_id=4
2026-08-10T17:11:27.618020Z  INFO herdr::server::headless: client disconnected client_id=4
2026-08-10T17:11:27.624304Z  INFO herdr::server::headless: client detached client_id=2
2026-08-10T17:11:27.624447Z  INFO herdr::server::headless: client disconnected client_id=2
2026-08-10T17:11:50.124437Z  INFO herdr::server::headless: client connected client_id=6 cols=135 rows=41 cell_width_px=0 cell_height_px=0 render_encoding=SemanticFrame
2026-08-10T17:12:15.743278Z  INFO herdr::logging: tab focused event="tab.focus" subsystem="tab" outcome="ok" workspace_id="wC" tab_id="wC:t1"
2026-08-10T17:12:20.748987Z  INFO herdr::logging: session saved event="persist.save" subsystem="persist" outcome="ok" path=/Users/jason/.config/herdr/session.json workspaces=6
2026-08-10T17:13:33.986693Z  INFO herdr::logging: tab focused event="tab.focus" subsystem="tab" outcome="ok" workspace_id="wC" tab_id="wC:t2"
2026-08-10T17:13:38.995327Z  INFO herdr::logging: session saved event="persist.save" subsystem="persist" outcome="ok" path=/Users/jason/.config/herdr/session.json workspaces=6
2026-08-10T17:13:48.965774Z  INFO herdr::logging: checking for updates event="update.check.start" subsystem="update" outcome="started"
2026-08-10T17:43:48.979170Z  INFO herdr::logging: checking for updates event="update.check.start" subsystem="update" outcome="started"
2026-08-10T18:13:49.001095Z  INFO herdr::logging: checking for updates event="update.check.start" subsystem="update" outcome="started"
2026-08-10T18:43:49.018733Z  INFO herdr::logging: checking for updates event="update.check.start" subsystem="update" outcome="started"
2026-08-10T19:13:49.037479Z  INFO herdr::logging: checking for updates event="update.check.start" subsystem="update" outcome="started"
2026-08-10T19:43:49.047460Z  INFO herdr::logging: checking for updates event="update.check.start" subsystem="update" outcome="started"
2026-08-10T20:13:49.060862Z  INFO herdr::logging: checking for updates event="update.check.start" subsystem="update" outcome="started"
2026-08-10T20:43:49.067652Z  INFO herdr::logging: checking for updates event="update.check.start" subsystem="update" outcome="started"
2026-08-10T21:13:49.077896Z  INFO herdr::logging: checking for updates event="update.check.start" subsystem="update" outcome="started"
2026-08-10T21:43:49.097609Z  INFO herdr::logging: checking for updates event="update.check.start" subsystem="update" outcome="started"
2026-08-10T23:04:07.598322Z  INFO herdr::logging: checking for updates event="update.check.start" subsystem="update" outcome="started"
2026-08-11T00:01:31.487394Z  INFO herdr::logging: checking for updates event="update.check.start" subsystem="update" outcome="started"
2026-08-11T00:12:15.557335Z  INFO herdr::logging: tab focused event="tab.focus" subsystem="tab" outcome="ok" workspace_id="wC" tab_id="wC:t1"
2026-08-11T00:12:20.568593Z  INFO herdr::logging: session saved event="persist.save" subsystem="persist" outcome="ok" path=/Users/jason/.config/herdr/session.json workspaces=6
2026-08-11T00:31:31.503905Z  INFO herdr::logging: checking for updates event="update.check.start" subsystem="update" outcome="started"
2026-08-11T00:41:05.678260Z  INFO herdr::logging: tab focused event="tab.focus" subsystem="tab" outcome="ok" workspace_id="wC" tab_id="wC:t2"
2026-08-11T00:41:10.682311Z  INFO herdr::logging: session saved event="persist.save" subsystem="persist" outcome="ok" path=/Users/jason/.config/herdr/session.json workspaces=6
2026-08-11T00:49:01.697296Z  INFO herdr::logging: tab focused event="tab.focus" subsystem="tab" outcome="ok" workspace_id="wC" tab_id="wC:t1"
2026-08-11T00:49:06.704078Z  INFO herdr::logging: session saved event="persist.save" subsystem="persist" outcome="ok" path=/Users/jason/.config/herdr/session.json workspaces=6
2026-08-11T01:01:31.517260Z  INFO herdr::logging: checking for updates event="update.check.start" subsystem="update" outcome="started"
2026-08-11T01:31:46.522001Z  INFO herdr::logging: checking for updates event="update.check.start" subsystem="update" outcome="started"
2026-08-11T01:31:49.565618Z  WARN herdr::detect::manifest_update: agent detection manifest update failed: failed to fetch https://herdr.dev/agent-detection/index.toml
2026-08-11T01:31:49.565639Z  WARN herdr::logging: update check failed event="update.check.complete" subsystem="update" outcome="error" err="failed to fetch Homebrew formula JSON"
2026-08-11T02:01:46.542269Z  INFO herdr::logging: checking for updates event="update.check.start" subsystem="update" outcome="started"
2026-08-11T02:01:49.586745Z  WARN herdr::detect::manifest_update: agent detection manifest update failed: failed to fetch https://herdr.dev/agent-detection/index.toml
2026-08-11T02:01:49.586745Z  WARN herdr::logging: update check failed event="update.check.complete" subsystem="update" outcome="error" err="failed to fetch Homebrew formula JSON"
2026-08-11T02:27:49.020971Z  INFO herdr::logging: tab focused event="tab.focus" subsystem="tab" outcome="ok" workspace_id="wC" tab_id="wC:t2"
2026-08-11T02:27:54.034315Z  INFO herdr::logging: session saved event="persist.save" subsystem="persist" outcome="ok" path=/Users/jason/.config/herdr/session.json workspaces=6
2026-08-11T02:31:46.548876Z  INFO herdr::logging: checking for updates event="update.check.start" subsystem="update" outcome="started"
2026-08-11T02:36:46.543393Z  INFO herdr::logging: tab focused event="tab.focus" subsystem="tab" outcome="ok" workspace_id="wC" tab_id="wC:t1"
2026-08-11T02:36:51.553418Z  INFO herdr::logging: session saved event="persist.save" subsystem="persist" outcome="ok" path=/Users/jason/.config/herdr/session.json workspaces=6
2026-08-11T03:01:46.567871Z  INFO herdr::logging: checking for updates event="update.check.start" subsystem="update" outcome="started"
2026-08-11T03:18:36.737130Z  INFO herdr::logging: spawning pane terminal event="pane.spawn.start" subsystem="pane" outcome="started" pane_id=11 rows=40 cols=131 scrollback_limit_bytes=10000000
2026-08-11T03:18:36.756862Z  INFO herdr::logging: pane child spawned event="pane.spawned" subsystem="pane" outcome="ok" pane_id=11 pid=8865
2026-08-11T03:18:36.757911Z  INFO herdr::logging: workspace created event="workspace.create" subsystem="workspace" outcome="ok" workspace_id="wD" pane_id=11
2026-08-11T03:18:36.757930Z  INFO herdr::logging: workspace focused event="workspace.focus" subsystem="workspace" outcome="ok" workspace_id="wD"
2026-08-11T03:18:36.757939Z  INFO herdr::logging: tab focused event="tab.focus" subsystem="tab" outcome="ok" workspace_id="wD" tab_id="wD:t1"
2026-08-11T03:18:41.772383Z  INFO herdr::logging: session saved event="persist.save" subsystem="persist" outcome="ok" path=/Users/jason/.config/herdr/session.json workspaces=7
2026-08-11T03:24:03.572498Z  INFO herdr::logging: workspace focused event="workspace.focus" subsystem="workspace" outcome="ok" workspace_id="wC"
2026-08-11T03:24:03.572588Z  INFO herdr::logging: tab focused event="tab.focus" subsystem="tab" outcome="ok" workspace_id="wC" tab_id="wC:t1"
2026-08-11T03:24:08.580096Z  INFO herdr::logging: session saved event="persist.save" subsystem="persist" outcome="ok" path=/Users/jason/.config/herdr/session.json workspaces=7
2026-08-11T03:26:48.372605Z  INFO herdr::logging: tab focused event="tab.focus" subsystem="tab" outcome="ok" workspace_id="wC" tab_id="wC:t2"
2026-08-11T03:26:53.393811Z  INFO herdr::logging: session saved event="persist.save" subsystem="persist" outcome="ok" path=/Users/jason/.config/herdr/session.json workspaces=7
2026-08-11T03:31:46.582911Z  INFO herdr::logging: checking for updates event="update.check.start" subsystem="update" outcome="started"
2026-08-11T03:32:37.914745Z  INFO herdr::logging: workspace focused event="workspace.focus" subsystem="workspace" outcome="ok" workspace_id="wD"
2026-08-11T03:32:37.914840Z  INFO herdr::logging: tab focused event="tab.focus" subsystem="tab" outcome="ok" workspace_id="wD" tab_id="wD:t1"
2026-08-11T03:32:42.920723Z  INFO herdr::logging: session saved event="persist.save" subsystem="persist" outcome="ok" path=/Users/jason/.config/herdr/session.json workspaces=7
2026-08-11T03:32:59.912321Z  INFO herdr::logging: workspace focused event="workspace.focus" subsystem="workspace" outcome="ok" workspace_id="wC"
2026-08-11T03:32:59.912436Z  INFO herdr::logging: tab focused event="tab.focus" subsystem="tab" outcome="ok" workspace_id="wC" tab_id="wC:t2"
2026-08-11T03:33:04.918981Z  INFO herdr::logging: session saved event="persist.save" subsystem="persist" outcome="ok" path=/Users/jason/.config/herdr/session.json workspaces=7
2026-08-11T03:39:05.679915Z  INFO herdr::logging: tab focused event="tab.focus" subsystem="tab" outcome="ok" workspace_id="wC" tab_id="wC:t1"
2026-08-11T03:39:10.687952Z  INFO herdr::logging: session saved event="persist.save" subsystem="persist" outcome="ok" path=/Users/jason/.config/herdr/session.json workspaces=7
2026-08-11T04:01:46.590999Z  INFO herdr::logging: checking for updates event="update.check.start" subsystem="update" outcome="started"
2026-08-11T04:28:54.650026Z  INFO herdr::server::headless: client resize client_id=6 cols=232 rows=61 cell_width_px=0 cell_height_px=0
2026-08-11T04:31:46.605549Z  INFO herdr::logging: checking for updates event="update.check.start" subsystem="update" outcome="started"
2026-08-11T05:01:46.619628Z  INFO herdr::logging: checking for updates event="update.check.start" subsystem="update" outcome="started"
2026-08-11T05:11:52.189999Z  INFO herdr::logging: workspace focused event="workspace.focus" subsystem="workspace" outcome="ok" workspace_id="w8"
2026-08-11T05:11:52.190297Z  INFO herdr::logging: tab focused event="tab.focus" subsystem="tab" outcome="ok" workspace_id="w8" tab_id="w8:t1"
2026-08-11T05:11:57.203276Z  INFO herdr::logging: session saved event="persist.save" subsystem="persist" outcome="ok" path=/Users/jason/.config/herdr/session.json workspaces=7
2026-08-11T05:12:08.952765Z  INFO herdr::logging: workspace focused event="workspace.focus" subsystem="workspace" outcome="ok" workspace_id="wC"
2026-08-11T05:12:08.952843Z  INFO herdr::logging: tab focused event="tab.focus" subsystem="tab" outcome="ok" workspace_id="wC" tab_id="wC:t1"
2026-08-11T05:12:10.291398Z  INFO herdr::logging: tab focused event="tab.focus" subsystem="tab" outcome="ok" workspace_id="wC" tab_id="wC:t2"
2026-08-11T05:12:14.883277Z  INFO herdr::pane: agent changed pane=10 previous_agent=Some(OpenCode) agent=None pgid=Some(4602)
2026-08-11T05:12:19.590244Z  INFO herdr::logging: session saved event="persist.save" subsystem="persist" outcome="ok" path=/Users/jason/.config/herdr/session.json workspaces=7
2026-08-11T05:12:20.437079Z  INFO herdr::logging: workspace focused event="workspace.focus" subsystem="workspace" outcome="ok" workspace_id="w8"
2026-08-11T05:12:20.437214Z  INFO herdr::logging: tab focused event="tab.focus" subsystem="tab" outcome="ok" workspace_id="w8" tab_id="w8:t1"
2026-08-11T05:12:25.463237Z  INFO herdr::logging: session saved event="persist.save" subsystem="persist" outcome="ok" path=/Users/jason/.config/herdr/session.json workspaces=7
2026-08-11T05:31:46.635304Z  INFO herdr::logging: checking for updates event="update.check.start" subsystem="update" outcome="started"
2026-08-11T06:01:46.650318Z  INFO herdr::logging: checking for updates event="update.check.start" subsystem="update" outcome="started"
2026-08-11T06:31:46.662155Z  INFO herdr::logging: checking for updates event="update.check.start" subsystem="update" outcome="started"
2026-08-11T07:01:46.677934Z  INFO herdr::logging: checking for updates event="update.check.start" subsystem="update" outcome="started"
2026-08-11T07:11:06.849691Z  INFO herdr::server::headless: client resize client_id=6 cols=135 rows=41 cell_width_px=0 cell_height_px=0
2026-08-11T07:31:46.701716Z  INFO herdr::logging: checking for updates event="update.check.start" subsystem="update" outcome="started"
2026-08-11T08:01:46.719020Z  INFO herdr::logging: checking for updates event="update.check.start" subsystem="update" outcome="started"
2026-08-11T08:31:46.737679Z  INFO herdr::logging: checking for updates event="update.check.start" subsystem="update" outcome="started"
2026-08-11T09:01:46.740763Z  INFO herdr::logging: checking for updates event="update.check.start" subsystem="update" outcome="started"
2026-08-11T09:31:46.739573Z  INFO herdr::logging: checking for updates event="update.check.start" subsystem="update" outcome="started"
2026-08-11T10:01:46.740368Z  INFO herdr::logging: checking for updates event="update.check.start" subsystem="update" outcome="started"
2026-08-11T10:31:46.746089Z  INFO herdr::logging: checking for updates event="update.check.start" subsystem="update" outcome="started"
2026-08-11T11:01:46.753107Z  INFO herdr::logging: checking for updates event="update.check.start" subsystem="update" outcome="started"
2026-08-11T11:31:46.756727Z  INFO herdr::logging: checking for updates event="update.check.start" subsystem="update" outcome="started"
2026-08-11T12:01:46.766820Z  INFO herdr::logging: checking for updates event="update.check.start" subsystem="update" outcome="started"
2026-08-11T12:31:46.774587Z  INFO herdr::logging: checking for updates event="update.check.start" subsystem="update" outcome="started"
2026-08-11T13:01:46.774468Z  INFO herdr::logging: checking for updates event="update.check.start" subsystem="update" outcome="started"
2026-08-11T13:31:46.785242Z  INFO herdr::logging: checking for updates event="update.check.start" subsystem="update" outcome="started"
2026-08-11T14:01:46.794429Z  INFO herdr::logging: checking for updates event="update.check.start" subsystem="update" outcome="started"
2026-08-11T14:45:47.159789Z  INFO herdr::logging: checking for updates event="update.check.start" subsystem="update" outcome="started"
2026-08-11T15:15:47.167743Z  INFO herdr::logging: checking for updates event="update.check.start" subsystem="update" outcome="started"
2026-08-11T15:45:47.170319Z  INFO herdr::logging: checking for updates event="update.check.start" subsystem="update" outcome="started"
2026-08-11T16:15:47.166942Z  INFO herdr::logging: checking for updates event="update.check.start" subsystem="update" outcome="started"
2026-08-11T16:45:47.169243Z  INFO herdr::logging: checking for updates event="update.check.start" subsystem="update" outcome="started"
2026-08-11T17:15:47.171403Z  INFO herdr::logging: checking for updates event="update.check.start" subsystem="update" outcome="started"
2026-08-11T17:45:47.178479Z  INFO herdr::logging: checking for updates event="update.check.start" subsystem="update" outcome="started"
2026-08-11T18:15:47.183600Z  INFO herdr::logging: checking for updates event="update.check.start" subsystem="update" outcome="started"
2026-08-11T18:45:47.189610Z  INFO herdr::logging: checking for updates event="update.check.start" subsystem="update" outcome="started"
2026-08-11T19:15:47.200869Z  INFO herdr::logging: checking for updates event="update.check.start" subsystem="update" outcome="started"
2026-08-11T19:45:47.201057Z  INFO herdr::logging: checking for updates event="update.check.start" subsystem="update" outcome="started"
2026-08-11T20:15:47.203927Z  INFO herdr::logging: checking for updates event="update.check.start" subsystem="update" outcome="started"
2026-08-11T20:45:47.206248Z  INFO herdr::logging: checking for updates event="update.check.start" subsystem="update" outcome="started"
2026-08-11T21:15:47.202890Z  INFO herdr::logging: checking for updates event="update.check.start" subsystem="update" outcome="started"
2026-08-11T21:45:47.208855Z  INFO herdr::logging: checking for updates event="update.check.start" subsystem="update" outcome="started"
2026-08-12T00:31:56.494106Z  INFO herdr::logging: checking for updates event="update.check.start" subsystem="update" outcome="started"
2026-08-12T00:33:48.116659Z  INFO herdr::server::headless: client resize client_id=6 cols=232 rows=61 cell_width_px=0 cell_height_px=0
2026-08-12T00:58:33.784480Z  INFO herdr::server::headless: client resize client_id=6 cols=80 rows=24 cell_width_px=0 cell_height_px=0
2026-08-12T00:58:33.789796Z  INFO herdr::server::headless: client detached client_id=6
2026-08-12T00:58:33.790073Z  INFO herdr::server::headless: client disconnected client_id=6
2026-08-12T01:00:11.428530Z  INFO herdr::server::headless: server shutdown initiated
2026-08-12T01:00:11.435625Z  INFO herdr::logging: pane child exited event="pane.exit" subsystem="pane" outcome="completed" pane_id=4 status="ExitStatus { code: 1, signal: Some(\"Terminated: 15\") }"
2026-08-12T01:00:11.436687Z  INFO herdr::logging: pane child exited event="pane.exit" subsystem="pane" outcome="completed" pane_id=7 status="ExitStatus { code: 1, signal: Some(\"Terminated: 15\") }"
2026-08-12T01:00:11.436808Z  INFO herdr::logging: pane child exited event="pane.exit" subsystem="pane" outcome="completed" pane_id=9 status="ExitStatus { code: 1, signal: Some(\"Terminated: 15\") }"
2026-08-12T01:00:11.431840Z  INFO herdr::logging: pane child exited event="pane.exit" subsystem="pane" outcome="completed" pane_id=11 status="ExitStatus { code: 1, signal: Some(\"Terminated: 15\") }"
2026-08-12T01:00:11.431840Z  INFO herdr::logging: pane child exited event="pane.exit" subsystem="pane" outcome="completed" pane_id=8 status="ExitStatus { code: 1, signal: Some(\"Terminated: 15\") }"
2026-08-12T01:00:11.440288Z  INFO herdr::logging: pane child exited event="pane.exit" subsystem="pane" outcome="completed" pane_id=2 status="ExitStatus { code: 1, signal: Some(\"Terminated: 15\") }"
2026-08-12T01:00:11.441749Z  INFO herdr::logging: pane child exited event="pane.exit" subsystem="pane" outcome="completed" pane_id=3 status="ExitStatus { code: 1, signal: Some(\"Terminated: 15\") }"
2026-08-12T01:00:11.441840Z  INFO herdr::logging: pane child exited event="pane.exit" subsystem="pane" outcome="completed" pane_id=5 status="ExitStatus { code: 1, signal: Some(\"Terminated: 15\") }"
2026-08-12T01:00:11.441910Z  INFO herdr::logging: pane child exited event="pane.exit" subsystem="pane" outcome="completed" pane_id=6 status="ExitStatus { code: 1, signal: Some(\"Terminated: 15\") }"
2026-08-12T01:00:11.441994Z  INFO herdr::logging: pane child exited event="pane.exit" subsystem="pane" outcome="completed" pane_id=10 status="ExitStatus { code: 1, signal: Some(\"Terminated: 15\") }"
2026-08-12T01:00:11.440413Z  INFO herdr::logging: pane child exited event="pane.exit" subsystem="pane" outcome="completed" pane_id=1 status="ExitStatus { code: 1, signal: Some(\"Terminated: 15\") }"
2026-08-12T01:00:11.486838Z  INFO herdr::server::headless: completing server shutdown
2026-08-12T01:00:11.489514Z  INFO herdr::logging: session saved event="persist.save" subsystem="persist" outcome="ok" path=/Users/jason/.config/herdr/session.json workspaces=7
2026-08-12T01:00:11.489540Z  INFO herdr::server::headless: headless server exiting
2026-08-12T01:00:11.489834Z  INFO herdr::pane: pane session terminated pane=8 pid=4600 signal=Hangup
2026-08-12T01:00:11.489934Z  INFO herdr::pane: pane session terminated pane=10 pid=4602 signal=Hangup
2026-08-12T01:00:11.489948Z  INFO herdr::pane: pane session terminated pane=11 pid=8865 signal=Hangup
2026-08-12T01:00:11.489958Z  INFO herdr::pane: pane session terminated pane=7 pid=4599 signal=Hangup
2026-08-12T01:00:11.489967Z  INFO herdr::pane: pane session terminated pane=3 pid=4595 signal=Hangup
2026-08-12T01:00:11.489976Z  INFO herdr::pane: pane session terminated pane=2 pid=4594 signal=Hangup
2026-08-12T01:00:11.489987Z  INFO herdr::pane: pane session terminated pane=9 pid=4601 signal=Hangup
2026-08-12T01:00:11.489996Z  INFO herdr::pane: pane session terminated pane=5 pid=4597 signal=Hangup
2026-08-12T01:00:11.490008Z  INFO herdr::pane: pane session terminated pane=4 pid=4596 signal=Hangup
2026-08-12T01:00:11.490016Z  INFO herdr::pane: pane session terminated pane=6 pid=4598 signal=Hangup
2026-08-12T01:00:11.490024Z  INFO herdr::pane: pane session terminated pane=1 pid=4593 signal=Hangup
2026-08-12T01:00:11.494226Z  INFO herdr::logging: herdr exiting event="app.shutdown" subsystem="server" outcome="completed" pid=4592
2026-08-12T01:50:18.569477Z  INFO herdr::platform::macos: raised server file descriptor soft limit previous=256 target=8192
2026-08-12T01:50:18.570610Z  INFO herdr::api::server: api server listening path=/Users/jason/.config/herdr/herdr.sock
2026-08-12T01:50:18.575700Z  INFO herdr::logging: spawning pane terminal event="pane.spawn.start" subsystem="pane" outcome="started" pane_id=1 rows=24 cols=80 scrollback_limit_bytes=10000000
2026-08-12T01:50:18.583600Z  INFO herdr::logging: pane child spawned event="pane.spawned" subsystem="pane" outcome="ok" pane_id=1 pid=17595
2026-08-12T01:50:18.584169Z  INFO herdr::logging: spawning pane terminal event="pane.spawn.start" subsystem="pane" outcome="started" pane_id=2 rows=24 cols=80 scrollback_limit_bytes=10000000
2026-08-12T01:50:18.587442Z  INFO herdr::logging: pane child spawned event="pane.spawned" subsystem="pane" outcome="ok" pane_id=2 pid=17596
2026-08-12T01:50:18.588141Z  INFO herdr::logging: spawning pane terminal event="pane.spawn.start" subsystem="pane" outcome="started" pane_id=3 rows=24 cols=80 scrollback_limit_bytes=10000000
2026-08-12T01:50:18.592872Z  INFO herdr::logging: pane child spawned event="pane.spawned" subsystem="pane" outcome="ok" pane_id=3 pid=17597
2026-08-12T01:50:18.594504Z  INFO herdr::logging: spawning pane terminal event="pane.spawn.start" subsystem="pane" outcome="started" pane_id=4 rows=24 cols=80 scrollback_limit_bytes=10000000
2026-08-12T01:50:18.598448Z  INFO herdr::logging: pane child spawned event="pane.spawned" subsystem="pane" outcome="ok" pane_id=4 pid=17598
2026-08-12T01:50:18.599074Z  INFO herdr::logging: spawning pane terminal event="pane.spawn.start" subsystem="pane" outcome="started" pane_id=5 rows=24 cols=80 scrollback_limit_bytes=10000000
2026-08-12T01:50:18.602290Z  INFO herdr::logging: pane child spawned event="pane.spawned" subsystem="pane" outcome="ok" pane_id=5 pid=17599
2026-08-12T01:50:18.604114Z  INFO herdr::logging: spawning pane terminal event="pane.spawn.start" subsystem="pane" outcome="started" pane_id=6 rows=24 cols=80 scrollback_limit_bytes=10000000
2026-08-12T01:50:18.609395Z  INFO herdr::logging: pane child spawned event="pane.spawned" subsystem="pane" outcome="ok" pane_id=6 pid=17600
2026-08-12T01:50:18.612015Z  INFO herdr::logging: spawning pane terminal event="pane.spawn.start" subsystem="pane" outcome="started" pane_id=7 rows=24 cols=80 scrollback_limit_bytes=10000000
2026-08-12T01:50:18.626920Z  INFO herdr::logging: pane child spawned event="pane.spawned" subsystem="pane" outcome="ok" pane_id=7 pid=17601
2026-08-12T01:50:18.627096Z  INFO herdr::logging: spawning pane terminal event="pane.spawn.start" subsystem="pane" outcome="started" pane_id=8 rows=24 cols=80 scrollback_limit_bytes=10000000
2026-08-12T01:50:18.641335Z  INFO herdr::logging: pane child spawned event="pane.spawned" subsystem="pane" outcome="ok" pane_id=8 pid=17602
2026-08-12T01:50:18.642439Z  INFO herdr::logging: spawning pane terminal event="pane.spawn.start" subsystem="pane" outcome="started" pane_id=9 rows=24 cols=80 scrollback_limit_bytes=10000000
2026-08-12T01:50:18.649864Z  INFO herdr::logging: pane child spawned event="pane.spawned" subsystem="pane" outcome="ok" pane_id=9 pid=17603
2026-08-12T01:50:18.650645Z  WARN herdr::persist::restore: saved pane cwd does not exist, falling back to HOME cwd=/Users/jason/Sites/Wellmark/tryngolza-esc-fcs
2026-08-12T01:50:18.650798Z  INFO herdr::logging: spawning pane terminal event="pane.spawn.start" subsystem="pane" outcome="started" pane_id=10 rows=24 cols=80 scrollback_limit_bytes=10000000
2026-08-12T01:50:18.658608Z  INFO herdr::logging: pane child spawned event="pane.spawned" subsystem="pane" outcome="ok" pane_id=10 pid=17604
2026-08-12T01:50:18.659052Z  INFO herdr::logging: spawning pane terminal event="pane.spawn.start" subsystem="pane" outcome="started" pane_id=11 rows=24 cols=80 scrollback_limit_bytes=10000000
2026-08-12T01:50:18.668247Z  INFO herdr::logging: pane child spawned event="pane.spawned" subsystem="pane" outcome="ok" pane_id=11 pid=17605
2026-08-12T01:50:18.670042Z  INFO herdr::logging: session restore evaluated event="persist.restore" subsystem="persist" outcome="ok" workspaces=7
2026-08-12T01:50:18.670114Z  INFO herdr::app: using pane scrollback configuration pane_scrollback_limit_bytes=10000000
2026-08-12T01:50:18.743866Z  INFO herdr::logging: checking for updates event="update.check.start" subsystem="update" outcome="started"
2026-08-12T01:50:18.767216Z  INFO herdr::server::headless: restored session already has workspaces; ignoring startup cwd cwd=/Users/jason
2026-08-12T01:50:18.767684Z  INFO herdr::server::headless: client protocol socket listening path=/Users/jason/.config/herdr/herdr-client.sock
2026-08-12T01:50:18.767734Z  INFO herdr::server::headless: herdr server started api_socket=/Users/jason/.config/herdr/herdr.sock client_socket=/Users/jason/.config/herdr/herdr-client.sock
2026-08-12T01:50:18.771469Z  INFO herdr::logging: herdr starting event="app.startup" subsystem="server" outcome="started" pid=17594
2026-08-12T01:50:18.784801Z  INFO herdr::server::headless: client connected client_id=2 cols=68 rows=41 cell_width_px=0 cell_height_px=0 render_encoding=SemanticFrame
2026-08-12T01:51:04.950912Z  INFO herdr::server::headless: client resize client_id=2 cols=232 rows=61 cell_width_px=0 cell_height_px=0
2026-08-12T01:59:37.171819Z  INFO herdr::server::headless: client resize client_id=2 cols=231 rows=61 cell_width_px=0 cell_height_px=0
2026-08-12T02:00:44.725929Z  INFO herdr::server::headless: client resize client_id=2 cols=223 rows=61 cell_width_px=0 cell_height_px=0
2026-08-12T02:01:46.996295Z  INFO herdr::server::headless: client resize client_id=2 cols=222 rows=61 cell_width_px=0 cell_height_px=0
2026-08-12T02:02:23.337427Z  INFO herdr::server::headless: client resize client_id=2 cols=220 rows=60 cell_width_px=0 cell_height_px=0
2026-08-12T02:03:33.389199Z  INFO herdr::server::headless: client resize client_id=2 cols=230 rows=61 cell_width_px=0 cell_height_px=0
2026-08-12T02:20:18.772628Z  INFO herdr::logging: checking for updates event="update.check.start" subsystem="update" outcome="started"
2026-08-12T02:44:21.540509Z  INFO herdr::server::headless: client resize client_id=2 cols=68 rows=41 cell_width_px=0 cell_height_px=0
2026-08-12T02:50:53.726213Z  INFO herdr::logging: checking for updates event="update.check.start" subsystem="update" outcome="started"
2026-08-12T02:54:03.461696Z  INFO herdr::server::headless: client resize client_id=2 cols=230 rows=61 cell_width_px=0 cell_height_px=0
2026-08-12T02:54:03.943915Z  INFO herdr::server::headless: client resize client_id=2 cols=230 rows=61 cell_width_px=0 cell_height_px=0
2026-08-12T03:20:53.744276Z  INFO herdr::logging: checking for updates event="update.check.start" subsystem="update" outcome="started"
2026-08-12T03:50:53.754140Z  INFO herdr::logging: checking for updates event="update.check.start" subsystem="update" outcome="started"
2026-08-12T04:20:53.762351Z  INFO herdr::logging: checking for updates event="update.check.start" subsystem="update" outcome="started"
2026-08-12T04:42:32.300676Z  INFO herdr::server::headless: client resize client_id=2 cols=68 rows=41 cell_width_px=0 cell_height_px=0
2026-08-12T04:50:53.769764Z  INFO herdr::logging: checking for updates event="update.check.start" subsystem="update" outcome="started"
2026-08-12T04:58:00.356946Z  INFO herdr::server::headless: client resize client_id=2 cols=230 rows=61 cell_width_px=0 cell_height_px=0
2026-08-12T05:16:57.918615Z  INFO herdr::logging: spawning pane terminal event="pane.spawn.start" subsystem="pane" outcome="started" pane_id=12 rows=60 cols=204 scrollback_limit_bytes=10000000
2026-08-12T05:16:57.939212Z  INFO herdr::logging: pane child spawned event="pane.spawned" subsystem="pane" outcome="ok" pane_id=12 pid=99816
2026-08-12T05:16:57.943908Z  INFO herdr::logging: workspace created event="workspace.create" subsystem="workspace" outcome="ok" workspace_id="wE" pane_id=12
2026-08-12T05:16:57.943947Z  INFO herdr::logging: workspace focused event="workspace.focus" subsystem="workspace" outcome="ok" workspace_id="wE"
2026-08-12T05:16:57.943983Z  INFO herdr::logging: tab focused event="tab.focus" subsystem="tab" outcome="ok" workspace_id="wE" tab_id="wE:t1"
2026-08-12T05:17:02.964882Z  INFO herdr::logging: session saved event="persist.save" subsystem="persist" outcome="ok" path=/Users/jason/.config/herdr/session.json workspaces=8
2026-08-12T05:17:16.937498Z  INFO herdr::logging: workspace renamed event="workspace.rename" subsystem="workspace" outcome="ok" workspace_id="wE"
2026-08-12T05:17:21.951145Z  INFO herdr::logging: session saved event="persist.save" subsystem="persist" outcome="ok" path=/Users/jason/.config/herdr/session.json workspaces=8
2026-08-12T05:17:34.288873Z  INFO herdr::logging: session saved event="persist.save" subsystem="persist" outcome="ok" path=/Users/jason/.config/herdr/session.json workspaces=8
2026-08-12T05:17:37.787369Z  INFO herdr::logging: workspace focused event="workspace.focus" subsystem="workspace" outcome="ok" workspace_id="wC"
2026-08-12T05:17:37.787437Z  INFO herdr::logging: tab focused event="tab.focus" subsystem="tab" outcome="ok" workspace_id="wC" tab_id="wC:t2"
2026-08-12T05:17:42.789921Z  INFO herdr::logging: session saved event="persist.save" subsystem="persist" outcome="ok" path=/Users/jason/.config/herdr/session.json workspaces=8
2026-08-12T05:17:48.672747Z  INFO herdr::logging: workspace closed event="workspace.close" subsystem="workspace" outcome="ok" workspace_id="wC"
2026-08-12T05:17:48.676952Z  INFO herdr::logging: pane child exited event="pane.exit" subsystem="pane" outcome="completed" pane_id=9 status="ExitStatus { code: 1, signal: Some(\"Hangup: 1\") }"
2026-08-12T05:17:48.697585Z  INFO herdr::pane: pane session terminated pane=9 pid=17603 signal=Hangup
2026-08-12T05:17:48.703325Z  INFO herdr::logging: pane child exited event="pane.exit" subsystem="pane" outcome="completed" pane_id=10 status="ExitStatus { code: 1, signal: Some(\"Hangup: 1\") }"
2026-08-12T05:17:48.723066Z  INFO herdr::pane: pane session terminated pane=10 pid=17604 signal=Hangup
2026-08-12T05:17:48.728255Z  WARN herdr::app::actions: PaneDied for unknown pane pane=9
2026-08-12T05:17:48.728883Z  WARN herdr::app::actions: PaneDied for unknown pane pane=10
2026-08-12T05:17:50.722438Z  INFO herdr::logging: workspace focused event="workspace.focus" subsystem="workspace" outcome="ok" workspace_id="wD"
2026-08-12T05:17:50.722628Z  INFO herdr::logging: tab focused event="tab.focus" subsystem="tab" outcome="ok" workspace_id="wD" tab_id="wD:t1"
2026-08-12T05:17:51.819365Z  INFO herdr::logging: workspace focused event="workspace.focus" subsystem="workspace" outcome="ok" workspace_id="wD"
2026-08-12T05:17:51.819429Z  INFO herdr::logging: tab focused event="tab.focus" subsystem="tab" outcome="ok" workspace_id="wD" tab_id="wD:t1"
2026-08-12T05:17:53.186225Z  INFO herdr::logging: workspace focused event="workspace.focus" subsystem="workspace" outcome="ok" workspace_id="wE"
2026-08-12T05:17:53.186402Z  INFO herdr::logging: tab focused event="tab.focus" subsystem="tab" outcome="ok" workspace_id="wE" tab_id="wE:t1"
2026-08-12T05:17:58.196516Z  INFO herdr::logging: session saved event="persist.save" subsystem="persist" outcome="ok" path=/Users/jason/.config/herdr/session.json workspaces=7
2026-08-12T05:20:53.780488Z  INFO herdr::logging: checking for updates event="update.check.start" subsystem="update" outcome="started"
2026-08-12T05:22:17.143060Z  INFO herdr::server::headless: client resize client_id=2 cols=68 rows=41 cell_width_px=0 cell_height_px=0
2026-08-12T05:22:17.207656Z  INFO herdr::server::headless: client resize client_id=2 cols=68 rows=41 cell_width_px=0 cell_height_px=0
2026-08-12T05:39:02.992487Z  INFO herdr::server::headless: client resize client_id=2 cols=134 rows=40 cell_width_px=0 cell_height_px=0
2026-08-12T06:05:58.823726Z  INFO herdr::logging: checking for updates event="update.check.start" subsystem="update" outcome="started"
2026-08-12T06:44:02.647841Z  INFO herdr::logging: checking for updates event="update.check.start" subsystem="update" outcome="started"
2026-08-12T09:22:35.708637Z  INFO herdr::logging: checking for updates event="update.check.start" subsystem="update" outcome="started"
2026-08-12T09:52:35.684019Z  INFO herdr::logging: checking for updates event="update.check.start" subsystem="update" outcome="started"
2026-08-12T10:00:03.000484Z  INFO herdr::server::headless: client resize client_id=2 cols=230 rows=61 cell_width_px=0 cell_height_px=0
2026-08-12T10:00:03.771115Z  INFO herdr::server::headless: client resize client_id=2 cols=230 rows=61 cell_width_px=0 cell_height_px=0
2026-08-12T10:22:35.721735Z  INFO herdr::logging: checking for updates event="update.check.start" subsystem="update" outcome="started"
2026-08-12T10:45:55.052387Z  INFO herdr::server::headless: client resize client_id=2 cols=134 rows=40 cell_width_px=0 cell_height_px=0
2026-08-12T11:11:45.449052Z  INFO herdr::logging: checking for updates event="update.check.start" subsystem="update" outcome="started"
2026-08-12T11:11:48.529644Z  WARN herdr::detect::manifest_update: agent detection manifest update failed: failed to fetch https://herdr.dev/agent-detection/index.toml
2026-08-12T11:11:48.530871Z  WARN herdr::logging: update check failed event="update.check.complete" subsystem="update" outcome="error" err="failed to fetch Homebrew formula JSON"
2026-08-12T14:55:56.657993Z  INFO herdr::logging: checking for updates event="update.check.start" subsystem="update" outcome="started"
2026-08-12T15:46:30.982798Z  INFO herdr::logging: checking for updates event="update.check.start" subsystem="update" outcome="started"
2026-08-12T16:16:30.992479Z  INFO herdr::logging: checking for updates event="update.check.start" subsystem="update" outcome="started"
2026-08-12T17:27:04.850746Z  INFO herdr::logging: checking for updates event="update.check.start" subsystem="update" outcome="started"
2026-08-12T17:57:04.849355Z  INFO herdr::logging: checking for updates event="update.check.start" subsystem="update" outcome="started"
2026-08-12T18:27:04.849091Z  INFO herdr::logging: checking for updates event="update.check.start" subsystem="update" outcome="started"
2026-08-12T20:41:00.713620Z  INFO herdr::logging: checking for updates event="update.check.start" subsystem="update" outcome="started"
2026-08-12T22:27:19.828264Z  INFO herdr::server::headless: client resize client_id=2 cols=230 rows=61 cell_width_px=0 cell_height_px=0
2026-08-12T22:31:28.496708Z  INFO herdr::server::headless: client resize client_id=2 cols=134 rows=40 cell_width_px=0 cell_height_px=0
2026-08-12T22:32:04.934405Z  INFO herdr::server::headless: client resize client_id=2 cols=230 rows=61 cell_width_px=0 cell_height_px=0
2026-08-12T22:42:50.679762Z  INFO herdr::logging: checking for updates event="update.check.start" subsystem="update" outcome="started"
2026-08-12T22:42:53.715011Z  WARN herdr::detect::manifest_update: agent detection manifest update failed: failed to fetch https://herdr.dev/agent-detection/index.toml
2026-08-12T22:42:53.720876Z  WARN herdr::logging: update check failed event="update.check.complete" subsystem="update" outcome="error" err="failed to fetch Homebrew formula JSON"
2026-08-12T23:36:41.387245Z  INFO herdr::server::headless: client resize client_id=2 cols=134 rows=40 cell_width_px=0 cell_height_px=0
2026-08-12T23:36:41.766892Z  INFO herdr::server::headless: client resize client_id=2 cols=134 rows=40 cell_width_px=0 cell_height_px=0
2026-08-12T23:52:34.000878Z  INFO herdr::logging: checking for updates event="update.check.start" subsystem="update" outcome="started"
2026-08-13T00:14:29.013283Z  INFO herdr::logging: spawning pane terminal event="pane.spawn.start" subsystem="pane" outcome="started" pane_id=13 rows=39 cols=130 scrollback_limit_bytes=10000000
2026-08-13T00:14:29.022635Z  INFO herdr::logging: pane child spawned event="pane.spawned" subsystem="pane" outcome="ok" pane_id=13 pid=95449
2026-08-13T00:14:29.023247Z  INFO herdr::logging: tab focused event="tab.focus" subsystem="tab" outcome="ok" workspace_id="wE" tab_id="wE:t2"
2026-08-13T00:14:34.038792Z  INFO herdr::logging: session saved event="persist.save" subsystem="persist" outcome="ok" path=/Users/jason/.config/herdr/session.json workspaces=7
2026-08-13T00:14:37.676337Z  INFO herdr::pane: agent changed pane=13 previous_agent=None agent=Some(OpenCode) process=opencode pgid=Some(95547)
2026-08-13T00:15:30.515153Z  INFO herdr::logging: workspace focused event="workspace.focus" subsystem="workspace" outcome="ok" workspace_id="w9"
2026-08-13T00:15:30.515254Z  INFO herdr::logging: tab focused event="tab.focus" subsystem="tab" outcome="ok" workspace_id="w9" tab_id="w9:t1"
2026-08-13T00:15:35.520833Z  INFO herdr::logging: session saved event="persist.save" subsystem="persist" outcome="ok" path=/Users/jason/.config/herdr/session.json workspaces=7
2026-08-13T00:15:40.948290Z  INFO herdr::app::actions: copied double-clicked token to clipboard
2026-08-13T00:15:49.772902Z  INFO herdr::logging: workspace focused event="workspace.focus" subsystem="workspace" outcome="ok" workspace_id="wE"
2026-08-13T00:15:49.772973Z  INFO herdr::logging: tab focused event="tab.focus" subsystem="tab" outcome="ok" workspace_id="wE" tab_id="wE:t2"
2026-08-13T00:15:54.777045Z  INFO herdr::logging: session saved event="persist.save" subsystem="persist" outcome="ok" path=/Users/jason/.config/herdr/session.json workspaces=7
2026-08-13T00:17:07.697697Z  INFO herdr::logging: tab focused event="tab.focus" subsystem="tab" outcome="ok" workspace_id="wE" tab_id="wE:t1"
2026-08-13T00:17:12.708723Z  INFO herdr::logging: session saved event="persist.save" subsystem="persist" outcome="ok" path=/Users/jason/.config/herdr/session.json workspaces=7
2026-08-13T00:18:00.812455Z  INFO herdr::logging: tab focused event="tab.focus" subsystem="tab" outcome="ok" workspace_id="wE" tab_id="wE:t2"
2026-08-13T00:18:05.815831Z  INFO herdr::logging: session saved event="persist.save" subsystem="persist" outcome="ok" path=/Users/jason/.config/herdr/session.json workspaces=7
2026-08-13T00:18:13.121584Z  INFO herdr::logging: tab focused event="tab.focus" subsystem="tab" outcome="ok" workspace_id="wE" tab_id="wE:t1"
2026-08-13T00:18:18.130896Z  INFO herdr::logging: session saved event="persist.save" subsystem="persist" outcome="ok" path=/Users/jason/.config/herdr/session.json workspaces=7
2026-08-13T00:19:55.377413Z  INFO herdr::logging: tab focused event="tab.focus" subsystem="tab" outcome="ok" workspace_id="wE" tab_id="wE:t2"
2026-08-13T00:20:00.386291Z  INFO herdr::logging: session saved event="persist.save" subsystem="persist" outcome="ok" path=/Users/jason/.config/herdr/session.json workspaces=7
2026-08-13T00:20:21.511019Z  INFO herdr::logging: tab focused event="tab.focus" subsystem="tab" outcome="ok" workspace_id="wE" tab_id="wE:t1"
2026-08-13T00:20:22.526866Z  INFO herdr::logging: tab focused event="tab.focus" subsystem="tab" outcome="ok" workspace_id="wE" tab_id="wE:t2"
2026-08-13T00:20:27.160608Z  INFO herdr::logging: tab focused event="tab.focus" subsystem="tab" outcome="ok" workspace_id="wE" tab_id="wE:t1"
2026-08-13T00:20:32.170387Z  INFO herdr::logging: session saved event="persist.save" subsystem="persist" outcome="ok" path=/Users/jason/.config/herdr/session.json workspaces=7
2026-08-13T00:20:32.569289Z  INFO herdr::logging: tab focused event="tab.focus" subsystem="tab" outcome="ok" workspace_id="wE" tab_id="wE:t2"
2026-08-13T00:20:37.577529Z  INFO herdr::logging: session saved event="persist.save" subsystem="persist" outcome="ok" path=/Users/jason/.config/herdr/session.json workspaces=7
2026-08-13T00:20:44.635571Z  INFO herdr::logging: tab focused event="tab.focus" subsystem="tab" outcome="ok" workspace_id="wE" tab_id="wE:t1"
2026-08-13T00:20:45.576807Z  INFO herdr::logging: tab focused event="tab.focus" subsystem="tab" outcome="ok" workspace_id="wE" tab_id="wE:t2"
2026-08-13T00:20:48.268494Z  INFO herdr::logging: tab focused event="tab.focus" subsystem="tab" outcome="ok" workspace_id="wE" tab_id="wE:t1"
2026-08-13T00:20:53.271716Z  INFO herdr::logging: session saved event="persist.save" subsystem="persist" outcome="ok" path=/Users/jason/.config/herdr/session.json workspaces=7
2026-08-13T00:21:03.065432Z  INFO herdr::logging: tab focused event="tab.focus" subsystem="tab" outcome="ok" workspace_id="wE" tab_id="wE:t2"
2026-08-13T00:21:08.072614Z  INFO herdr::logging: session saved event="persist.save" subsystem="persist" outcome="ok" path=/Users/jason/.config/herdr/session.json workspaces=7
2026-08-13T00:22:34.033715Z  INFO herdr::logging: checking for updates event="update.check.start" subsystem="update" outcome="started"
2026-08-13T00:22:34.303453Z  WARN herdr::detect::manifest_update: skipping unknown remote manifest agent agent="qwen"
2026-08-13T00:24:58.337033Z  INFO herdr::pane: agent changed pane=13 previous_agent=None agent=Some(OpenCode) process=opencode pgid=Some(95547)
2026-08-13T00:25:03.342601Z  INFO herdr::logging: session saved event="persist.save" subsystem="persist" outcome="ok" path=/Users/jason/.config/herdr/session.json workspaces=7
2026-08-13T01:07:29.595314Z  INFO herdr::server::headless: client resize client_id=2 cols=230 rows=61 cell_width_px=0 cell_height_px=0
2026-08-13T01:07:30.729200Z  INFO herdr::server::headless: client resize client_id=2 cols=230 rows=61 cell_width_px=0 cell_height_px=0
2026-08-13T01:08:13.126660Z  INFO herdr::server::headless: client resize client_id=2 cols=134 rows=40 cell_width_px=0 cell_height_px=0
2026-08-13T01:08:27.421046Z  INFO herdr::server::headless: client resize client_id=2 cols=230 rows=61 cell_width_px=0 cell_height_px=0
2026-08-13T01:08:28.165011Z  INFO herdr::server::headless: client resize client_id=2 cols=230 rows=61 cell_width_px=0 cell_height_px=0
2026-08-13T01:14:45.978797Z  INFO herdr::logging: tab focused event="tab.focus" subsystem="tab" outcome="ok" workspace_id="wE" tab_id="wE:t1"
2026-08-13T01:14:50.988994Z  INFO herdr::logging: session saved event="persist.save" subsystem="persist" outcome="ok" path=/Users/jason/.config/herdr/session.json workspaces=7
2026-08-13T01:15:16.768001Z  INFO herdr::logging: checking for updates event="update.check.start" subsystem="update" outcome="started"
2026-08-13T01:15:19.396971Z  WARN herdr::detect::manifest_update: skipping unknown remote manifest agent agent="qwen"
2026-08-13T01:15:22.790614Z  INFO herdr::logging: tab focused event="tab.focus" subsystem="tab" outcome="ok" workspace_id="wE" tab_id="wE:t2"
2026-08-13T01:15:27.799052Z  INFO herdr::logging: session saved event="persist.save" subsystem="persist" outcome="ok" path=/Users/jason/.config/herdr/session.json workspaces=7
2026-08-13T02:01:14.880461Z  INFO herdr::logging: checking for updates event="update.check.start" subsystem="update" outcome="started"
2026-08-13T02:01:18.000964Z  WARN herdr::logging: update check failed event="update.check.complete" subsystem="update" outcome="error" err="failed to fetch Homebrew formula JSON"
2026-08-13T02:01:18.001036Z  WARN herdr::detect::manifest_update: agent detection manifest update failed: failed to fetch https://herdr.dev/agent-detection/index.toml
2026-08-13T02:13:20.462403Z  INFO herdr::server::headless: client resize client_id=2 cols=134 rows=40 cell_width_px=0 cell_height_px=0
2026-08-13T02:37:05.060720Z  INFO herdr::logging: tab focused event="tab.focus" subsystem="tab" outcome="ok" workspace_id="wE" tab_id="wE:t1"
2026-08-13T02:37:10.101106Z  INFO herdr::logging: session saved event="persist.save" subsystem="persist" outcome="ok" path=/Users/jason/.config/herdr/session.json workspaces=7
2026-08-13T02:39:28.489795Z  INFO herdr::logging: tab focused event="tab.focus" subsystem="tab" outcome="ok" workspace_id="wE" tab_id="wE:t2"
2026-08-13T02:39:33.521169Z  INFO herdr::logging: session saved event="persist.save" subsystem="persist" outcome="ok" path=/Users/jason/.config/herdr/session.json workspaces=7
2026-08-13T02:39:41.861976Z  INFO herdr::logging: tab focused event="tab.focus" subsystem="tab" outcome="ok" workspace_id="wE" tab_id="wE:t1"
2026-08-13T02:39:46.872919Z  INFO herdr::logging: session saved event="persist.save" subsystem="persist" outcome="ok" path=/Users/jason/.config/herdr/session.json workspaces=7
2026-08-13T02:40:38.193786Z  INFO herdr::logging: tab focused event="tab.focus" subsystem="tab" outcome="ok" workspace_id="wE" tab_id="wE:t2"
2026-08-13T02:40:43.207983Z  INFO herdr::logging: session saved event="persist.save" subsystem="persist" outcome="ok" path=/Users/jason/.config/herdr/session.json workspaces=7
2026-08-13T02:42:01.139773Z  INFO herdr::logging: tab focused event="tab.focus" subsystem="tab" outcome="ok" workspace_id="wE" tab_id="wE:t1"
2026-08-13T02:42:06.147436Z  INFO herdr::logging: session saved event="persist.save" subsystem="persist" outcome="ok" path=/Users/jason/.config/herdr/session.json workspaces=7
2026-08-13T02:42:13.046388Z  INFO herdr::logging: tab focused event="tab.focus" subsystem="tab" outcome="ok" workspace_id="wE" tab_id="wE:t2"
2026-08-13T02:42:18.069407Z  INFO herdr::logging: session saved event="persist.save" subsystem="persist" outcome="ok" path=/Users/jason/.config/herdr/session.json workspaces=7
2026-08-13T02:43:09.421495Z  INFO herdr::logging: checking for updates event="update.check.start" subsystem="update" outcome="started"
2026-08-13T02:43:13.039024Z  WARN herdr::logging: update check failed event="update.check.complete" subsystem="update" outcome="error" err="failed to fetch Homebrew formula JSON"
2026-08-13T02:43:13.039084Z  WARN herdr::detect::manifest_update: agent detection manifest update failed: failed to fetch https://herdr.dev/agent-detection/index.toml
2026-08-13T02:51:51.044694Z  INFO herdr::logging: tab focused event="tab.focus" subsystem="tab" outcome="ok" workspace_id="wE" tab_id="wE:t1"
2026-08-13T02:51:56.058297Z  INFO herdr::logging: session saved event="persist.save" subsystem="persist" outcome="ok" path=/Users/jason/.config/herdr/session.json workspaces=7
2026-08-13T02:52:21.434182Z  INFO herdr::logging: tab focused event="tab.focus" subsystem="tab" outcome="ok" workspace_id="wE" tab_id="wE:t2"
2026-08-13T02:52:26.438931Z  INFO herdr::logging: session saved event="persist.save" subsystem="persist" outcome="ok" path=/Users/jason/.config/herdr/session.json workspaces=7
2026-08-13T02:52:36.791497Z  INFO herdr::logging: tab focused event="tab.focus" subsystem="tab" outcome="ok" workspace_id="wE" tab_id="wE:t1"
2026-08-13T02:52:41.796960Z  INFO herdr::logging: session saved event="persist.save" subsystem="persist" outcome="ok" path=/Users/jason/.config/herdr/session.json workspaces=7
2026-08-13T02:52:45.542007Z  INFO herdr::logging: tab focused event="tab.focus" subsystem="tab" outcome="ok" workspace_id="wE" tab_id="wE:t2"
2026-08-13T02:52:50.558045Z  INFO herdr::logging: session saved event="persist.save" subsystem="persist" outcome="ok" path=/Users/jason/.config/herdr/session.json workspaces=7
2026-08-13T03:15:33.160741Z  INFO herdr::logging: tab focused event="tab.focus" subsystem="tab" outcome="ok" workspace_id="wE" tab_id="wE:t1"
2026-08-13T03:15:38.171098Z  INFO herdr::logging: session saved event="persist.save" subsystem="persist" outcome="ok" path=/Users/jason/.config/herdr/session.json workspaces=7
2026-08-13T03:44:15.480241Z  INFO herdr::logging: checking for updates event="update.check.start" subsystem="update" outcome="started"
2026-08-13T03:44:18.344370Z  WARN herdr::detect::manifest_update: skipping unknown remote manifest agent agent="qwen"
2026-08-13T03:44:55.291372Z  WARN herdr::detect::manifest_update: agent detection manifest update failed for agent agent="grok" error=fetch failed: failed to fetch https://herdr.dev/agent-detection/grok.toml
2026-08-13T03:45:13.345700Z  WARN herdr::detect::manifest_update: agent detection manifest update failed for agent agent="hermes" error=fetch failed: failed to fetch https://herdr.dev/agent-detection/hermes.toml
2026-08-13T03:45:31.404364Z  WARN herdr::detect::manifest_update: agent detection manifest update failed for agent agent="kilo" error=fetch failed: failed to fetch https://herdr.dev/agent-detection/kilo.toml
2026-08-13T03:45:49.458443Z  WARN herdr::detect::manifest_update: agent detection manifest update failed for agent agent="kimi" error=fetch failed: failed to fetch https://herdr.dev/agent-detection/kimi.toml
2026-08-13T03:46:07.532620Z  WARN herdr::detect::manifest_update: agent detection manifest update failed for agent agent="kiro" error=fetch failed: failed to fetch https://herdr.dev/agent-detection/kiro.toml
2026-08-13T03:46:25.583059Z  WARN herdr::detect::manifest_update: agent detection manifest update failed for agent agent="maki" error=fetch failed: failed to fetch https://herdr.dev/agent-detection/maki.toml
2026-08-13T03:57:35.290559Z  INFO herdr::logging: tab focused event="tab.focus" subsystem="tab" outcome="ok" workspace_id="wE" tab_id="wE:t2"
2026-08-13T03:57:40.321071Z  INFO herdr::logging: session saved event="persist.save" subsystem="persist" outcome="ok" path=/Users/jason/.config/herdr/session.json workspaces=7
2026-08-13T04:26:38.141511Z  INFO herdr::logging: checking for updates event="update.check.start" subsystem="update" outcome="started"
2026-08-13T04:26:42.052113Z  WARN herdr::detect::manifest_update: skipping unknown remote manifest agent agent="qwen"
2026-08-13T04:56:38.150959Z  INFO herdr::logging: checking for updates event="update.check.start" subsystem="update" outcome="started"
2026-08-13T04:56:38.387915Z  WARN herdr::detect::manifest_update: skipping unknown remote manifest agent agent="qwen"
2026-08-13T05:06:43.409146Z  INFO herdr::logging: tab focused event="tab.focus" subsystem="tab" outcome="ok" workspace_id="wE" tab_id="wE:t1"
2026-08-13T05:06:48.451540Z  INFO herdr::logging: session saved event="persist.save" subsystem="persist" outcome="ok" path=/Users/jason/.config/herdr/session.json workspaces=7
2026-08-13T05:17:22.418882Z  INFO herdr::server::headless: client resize client_id=2 cols=230 rows=61 cell_width_px=0 cell_height_px=0
2026-08-13T05:22:01.787998Z  INFO herdr::logging: tab focused event="tab.focus" subsystem="tab" outcome="ok" workspace_id="wE" tab_id="wE:t2"
2026-08-13T05:22:06.804958Z  INFO herdr::logging: session saved event="persist.save" subsystem="persist" outcome="ok" path=/Users/jason/.config/herdr/session.json workspaces=7
2026-08-13T05:22:07.154062Z  INFO herdr::pane: agent changed pane=13 previous_agent=Some(OpenCode) agent=None pgid=Some(95449)
2026-08-13T05:22:08.733163Z  INFO herdr::logging: tab focused event="tab.focus" subsystem="tab" outcome="ok" workspace_id="wE" tab_id="wE:t1"
2026-08-13T05:22:13.739573Z  INFO herdr::logging: session saved event="persist.save" subsystem="persist" outcome="ok" path=/Users/jason/.config/herdr/session.json workspaces=7
2026-08-13T05:26:38.156645Z  INFO herdr::logging: checking for updates event="update.check.start" subsystem="update" outcome="started"
2026-08-13T05:26:38.332786Z  WARN herdr::detect::manifest_update: skipping unknown remote manifest agent agent="qwen"
2026-08-13T05:29:11.607542Z  INFO herdr::logging: workspace focused event="workspace.focus" subsystem="workspace" outcome="ok" workspace_id="w8"
2026-08-13T05:29:11.609481Z  INFO herdr::logging: tab focused event="tab.focus" subsystem="tab" outcome="ok" workspace_id="w8" tab_id="w8:t1"
2026-08-13T05:29:16.619892Z  INFO herdr::logging: session saved event="persist.save" subsystem="persist" outcome="ok" path=/Users/jason/.config/herdr/session.json workspaces=7
2026-08-13T05:56:38.178776Z  INFO herdr::logging: checking for updates event="update.check.start" subsystem="update" outcome="started"
2026-08-13T05:56:38.337673Z  WARN herdr::detect::manifest_update: skipping unknown remote manifest agent agent="qwen"
2026-08-13T06:26:38.195191Z  INFO herdr::logging: checking for updates event="update.check.start" subsystem="update" outcome="started"
2026-08-13T06:26:38.417780Z  WARN herdr::detect::manifest_update: skipping unknown remote manifest agent agent="qwen"
2026-08-13T06:56:38.208689Z  INFO herdr::logging: checking for updates event="update.check.start" subsystem="update" outcome="started"
2026-08-13T06:56:38.468051Z  WARN herdr::detect::manifest_update: skipping unknown remote manifest agent agent="qwen"
2026-08-13T07:26:38.220061Z  INFO herdr::logging: checking for updates event="update.check.start" subsystem="update" outcome="started"
2026-08-13T07:26:38.370396Z  WARN herdr::detect::manifest_update: skipping unknown remote manifest agent agent="qwen"
2026-08-13T07:56:38.229434Z  INFO herdr::logging: checking for updates event="update.check.start" subsystem="update" outcome="started"
2026-08-13T07:56:38.379581Z  WARN herdr::detect::manifest_update: skipping unknown remote manifest agent agent="qwen"
2026-08-13T08:26:38.241900Z  INFO herdr::logging: checking for updates event="update.check.start" subsystem="update" outcome="started"
2026-08-13T08:26:38.425384Z  WARN herdr::detect::manifest_update: skipping unknown remote manifest agent agent="qwen"
2026-08-13T08:56:38.257003Z  INFO herdr::logging: checking for updates event="update.check.start" subsystem="update" outcome="started"
2026-08-13T08:56:38.415099Z  WARN herdr::detect::manifest_update: skipping unknown remote manifest agent agent="qwen"
2026-08-13T09:26:38.267206Z  INFO herdr::logging: checking for updates event="update.check.start" subsystem="update" outcome="started"
2026-08-13T09:26:38.423615Z  WARN herdr::detect::manifest_update: skipping unknown remote manifest agent agent="qwen"
2026-08-13T09:56:38.274819Z  INFO herdr::logging: checking for updates event="update.check.start" subsystem="update" outcome="started"
2026-08-13T09:56:38.425332Z  WARN herdr::detect::manifest_update: skipping unknown remote manifest agent agent="qwen"
2026-08-13T10:26:38.285332Z  INFO herdr::logging: checking for updates event="update.check.start" subsystem="update" outcome="started"
2026-08-13T10:26:38.490150Z  WARN herdr::detect::manifest_update: skipping unknown remote manifest agent agent="qwen"
2026-08-13T10:56:38.293359Z  INFO herdr::logging: checking for updates event="update.check.start" subsystem="update" outcome="started"
2026-08-13T10:56:38.478291Z  WARN herdr::detect::manifest_update: skipping unknown remote manifest agent agent="qwen"
2026-08-13T11:26:38.300188Z  INFO herdr::logging: checking for updates event="update.check.start" subsystem="update" outcome="started"
2026-08-13T11:26:38.475743Z  WARN herdr::detect::manifest_update: skipping unknown remote manifest agent agent="qwen"
2026-08-13T11:56:38.303869Z  INFO herdr::logging: checking for updates event="update.check.start" subsystem="update" outcome="started"
2026-08-13T11:56:38.506257Z  WARN herdr::detect::manifest_update: skipping unknown remote manifest agent agent="qwen"
2026-08-13T12:26:38.308081Z  INFO herdr::logging: checking for updates event="update.check.start" subsystem="update" outcome="started"
2026-08-13T12:26:38.452792Z  WARN herdr::detect::manifest_update: skipping unknown remote manifest agent agent="qwen"
2026-08-13T12:50:06.679914Z  INFO herdr::server::headless: client resize client_id=2 cols=134 rows=40 cell_width_px=0 cell_height_px=0
2026-08-13T12:56:38.311588Z  INFO herdr::logging: checking for updates event="update.check.start" subsystem="update" outcome="started"
2026-08-13T12:56:38.464123Z  WARN herdr::detect::manifest_update: skipping unknown remote manifest agent agent="qwen"
2026-08-13T13:26:38.320785Z  INFO herdr::logging: checking for updates event="update.check.start" subsystem="update" outcome="started"
2026-08-13T13:26:38.484654Z  WARN herdr::detect::manifest_update: skipping unknown remote manifest agent agent="qwen"
2026-08-13T13:56:38.328202Z  INFO herdr::logging: checking for updates event="update.check.start" subsystem="update" outcome="started"
2026-08-13T13:56:38.503593Z  WARN herdr::detect::manifest_update: skipping unknown remote manifest agent agent="qwen"
2026-08-13T14:26:38.348073Z  INFO herdr::logging: checking for updates event="update.check.start" subsystem="update" outcome="started"
2026-08-13T14:26:38.499306Z  WARN herdr::detect::manifest_update: skipping unknown remote manifest agent agent="qwen"
2026-08-13T14:56:38.365917Z  INFO herdr::logging: checking for updates event="update.check.start" subsystem="update" outcome="started"
2026-08-13T14:56:38.513931Z  WARN herdr::detect::manifest_update: skipping unknown remote manifest agent agent="qwen"
2026-08-13T15:26:38.380366Z  INFO herdr::logging: checking for updates event="update.check.start" subsystem="update" outcome="started"
2026-08-13T15:26:38.528270Z  WARN herdr::detect::manifest_update: skipping unknown remote manifest agent agent="qwen"
2026-08-13T15:56:38.395875Z  INFO herdr::logging: checking for updates event="update.check.start" subsystem="update" outcome="started"
2026-08-13T15:56:38.539228Z  WARN herdr::detect::manifest_update: skipping unknown remote manifest agent agent="qwen"
2026-08-13T16:26:38.410961Z  INFO herdr::logging: checking for updates event="update.check.start" subsystem="update" outcome="started"
2026-08-13T16:26:38.610205Z  WARN herdr::detect::manifest_update: skipping unknown remote manifest agent agent="qwen"
2026-08-13T16:56:38.420945Z  INFO herdr::logging: checking for updates event="update.check.start" subsystem="update" outcome="started"
2026-08-13T16:56:38.589668Z  WARN herdr::detect::manifest_update: skipping unknown remote manifest agent agent="qwen"
2026-08-13T17:26:38.428359Z  INFO herdr::logging: checking for updates event="update.check.start" subsystem="update" outcome="started"
2026-08-13T17:26:38.568824Z  WARN herdr::detect::manifest_update: skipping unknown remote manifest agent agent="qwen"
2026-08-13T17:56:38.436286Z  INFO herdr::logging: checking for updates event="update.check.start" subsystem="update" outcome="started"
2026-08-13T17:56:38.580172Z  WARN herdr::detect::manifest_update: skipping unknown remote manifest agent agent="qwen"
2026-08-13T18:26:38.449818Z  INFO herdr::logging: checking for updates event="update.check.start" subsystem="update" outcome="started"
2026-08-13T18:26:38.592940Z  WARN herdr::detect::manifest_update: skipping unknown remote manifest agent agent="qwen"
2026-08-13T18:56:38.465004Z  INFO herdr::logging: checking for updates event="update.check.start" subsystem="update" outcome="started"
2026-08-13T18:56:40.440987Z  WARN herdr::detect::manifest_update: skipping unknown remote manifest agent agent="qwen"
2026-08-13T19:26:38.478182Z  INFO herdr::logging: checking for updates event="update.check.start" subsystem="update" outcome="started"
2026-08-13T19:26:38.629829Z  WARN herdr::detect::manifest_update: skipping unknown remote manifest agent agent="qwen"
2026-08-13T19:56:38.492771Z  INFO herdr::logging: checking for updates event="update.check.start" subsystem="update" outcome="started"
2026-08-13T19:56:38.649852Z  WARN herdr::detect::manifest_update: skipping unknown remote manifest agent agent="qwen"
2026-08-13T20:26:38.502946Z  INFO herdr::logging: checking for updates event="update.check.start" subsystem="update" outcome="started"
2026-08-13T20:26:38.681823Z  WARN herdr::detect::manifest_update: skipping unknown remote manifest agent agent="qwen"
2026-08-13T20:56:38.520093Z  INFO herdr::logging: checking for updates event="update.check.start" subsystem="update" outcome="started"
2026-08-13T20:56:38.665167Z  WARN herdr::detect::manifest_update: skipping unknown remote manifest agent agent="qwen"
2026-08-13T21:26:38.531938Z  INFO herdr::logging: checking for updates event="update.check.start" subsystem="update" outcome="started"
2026-08-13T21:26:38.683062Z  WARN herdr::detect::manifest_update: skipping unknown remote manifest agent agent="qwen"
2026-08-13T21:56:38.541665Z  INFO herdr::logging: checking for updates event="update.check.start" subsystem="update" outcome="started"
2026-08-13T21:56:38.697805Z  WARN herdr::detect::manifest_update: skipping unknown remote manifest agent agent="qwen"
2026-08-13T22:26:38.549510Z  INFO herdr::logging: checking for updates event="update.check.start" subsystem="update" outcome="started"
2026-08-13T22:26:38.706320Z  WARN herdr::detect::manifest_update: skipping unknown remote manifest agent agent="qwen"
2026-08-13T22:56:38.558725Z  INFO herdr::logging: checking for updates event="update.check.start" subsystem="update" outcome="started"
2026-08-13T22:56:38.706032Z  WARN herdr::detect::manifest_update: skipping unknown remote manifest agent agent="qwen"
2026-08-13T23:26:38.567889Z  INFO herdr::logging: checking for updates event="update.check.start" subsystem="update" outcome="started"
2026-08-13T23:26:38.756309Z  WARN herdr::detect::manifest_update: skipping unknown remote manifest agent agent="qwen"
2026-08-13T23:44:59.810331Z  INFO herdr::logging: workspace focused event="workspace.focus" subsystem="workspace" outcome="ok" workspace_id="wE"
2026-08-13T23:44:59.810438Z  INFO herdr::logging: tab focused event="tab.focus" subsystem="tab" outcome="ok" workspace_id="wE" tab_id="wE:t1"
2026-08-13T23:45:04.782061Z  INFO herdr::logging: workspace focused event="workspace.focus" subsystem="workspace" outcome="ok" workspace_id="w9"
2026-08-13T23:45:04.782136Z  INFO herdr::logging: tab focused event="tab.focus" subsystem="tab" outcome="ok" workspace_id="w9" tab_id="w9:t1"
2026-08-13T23:45:06.202432Z  INFO herdr::logging: workspace focused event="workspace.focus" subsystem="workspace" outcome="ok" workspace_id="wA"
2026-08-13T23:45:06.202530Z  INFO herdr::logging: tab focused event="tab.focus" subsystem="tab" outcome="ok" workspace_id="wA" tab_id="wA:t1"
2026-08-13T23:45:07.007218Z  INFO herdr::logging: workspace focused event="workspace.focus" subsystem="workspace" outcome="ok" workspace_id="wD"
2026-08-13T23:45:07.007290Z  INFO herdr::logging: tab focused event="tab.focus" subsystem="tab" outcome="ok" workspace_id="wD" tab_id="wD:t1"
2026-08-13T23:45:08.203166Z  INFO herdr::logging: workspace focused event="workspace.focus" subsystem="workspace" outcome="ok" workspace_id="w7"
2026-08-13T23:45:08.203291Z  INFO herdr::logging: tab focused event="tab.focus" subsystem="tab" outcome="ok" workspace_id="w7" tab_id="w7:t1"
2026-08-13T23:45:11.010712Z  INFO herdr::logging: workspace focused event="workspace.focus" subsystem="workspace" outcome="ok" workspace_id="wE"
2026-08-13T23:45:11.010784Z  INFO herdr::logging: tab focused event="tab.focus" subsystem="tab" outcome="ok" workspace_id="wE" tab_id="wE:t1"
2026-08-13T23:45:16.015972Z  INFO herdr::logging: session saved event="persist.save" subsystem="persist" outcome="ok" path=/Users/jason/.config/herdr/session.json workspaces=7
2026-08-13T23:46:05.926438Z  INFO herdr::server::headless: client resize client_id=2 cols=80 rows=24 cell_width_px=0 cell_height_px=0
2026-08-13T23:46:05.938415Z  INFO herdr::server::headless: client detached client_id=2
2026-08-13T23:46:05.938577Z  INFO herdr::server::headless: client disconnected client_id=2
2026-08-13T23:46:08.233614Z  INFO herdr::server::headless: server shutdown initiated
2026-08-13T23:46:08.238110Z  INFO herdr::logging: pane child exited event="pane.exit" subsystem="pane" outcome="completed" pane_id=1 status="ExitStatus { code: 1, signal: Some(\"Terminated: 15\") }"
2026-08-13T23:46:08.238701Z  INFO herdr::logging: pane child exited event="pane.exit" subsystem="pane" outcome="completed" pane_id=4 status="ExitStatus { code: 1, signal: Some(\"Terminated: 15\") }"
2026-08-13T23:46:08.238774Z  INFO herdr::logging: pane child exited event="pane.exit" subsystem="pane" outcome="completed" pane_id=6 status="ExitStatus { code: 1, signal: Some(\"Terminated: 15\") }"
2026-08-13T23:46:08.238987Z  INFO herdr::logging: pane child exited event="pane.exit" subsystem="pane" outcome="completed" pane_id=3 status="ExitStatus { code: 1, signal: Some(\"Terminated: 15\") }"
2026-08-13T23:46:08.240088Z  INFO herdr::logging: pane child exited event="pane.exit" subsystem="pane" outcome="completed" pane_id=5 status="ExitStatus { code: 1, signal: Some(\"Terminated: 15\") }"
2026-08-13T23:46:08.240103Z  INFO herdr::logging: pane child exited event="pane.exit" subsystem="pane" outcome="completed" pane_id=11 status="ExitStatus { code: 1, signal: Some(\"Terminated: 15\") }"
2026-08-13T23:46:08.240201Z  INFO herdr::logging: pane child exited event="pane.exit" subsystem="pane" outcome="completed" pane_id=2 status="ExitStatus { code: 1, signal: Some(\"Terminated: 15\") }"
2026-08-13T23:46:08.240102Z  INFO herdr::logging: pane child exited event="pane.exit" subsystem="pane" outcome="completed" pane_id=7 status="ExitStatus { code: 1, signal: Some(\"Terminated: 15\") }"
2026-08-13T23:46:08.240904Z  INFO herdr::logging: pane child exited event="pane.exit" subsystem="pane" outcome="completed" pane_id=8 status="ExitStatus { code: 1, signal: Some(\"Terminated: 15\") }"
2026-08-13T23:46:08.261279Z  INFO herdr::logging: pane child exited event="pane.exit" subsystem="pane" outcome="completed" pane_id=12 status="ExitStatus { code: 1, signal: Some(\"Terminated: 15\") }"
2026-08-13T23:46:08.262172Z  INFO herdr::logging: pane child exited event="pane.exit" subsystem="pane" outcome="completed" pane_id=13 status="ExitStatus { code: 1, signal: Some(\"Terminated: 15\") }"
2026-08-13T23:46:08.288829Z  INFO herdr::server::headless: completing server shutdown
2026-08-13T23:46:08.289667Z  INFO herdr::logging: session saved event="persist.save" subsystem="persist" outcome="ok" path=/Users/jason/.config/herdr/session.json workspaces=7
2026-08-13T23:46:08.289696Z  INFO herdr::server::headless: headless server exiting
2026-08-13T23:46:08.289975Z  INFO herdr::pane: pane session terminated pane=12 pid=99816 signal=Hangup
2026-08-13T23:46:08.290243Z  INFO herdr::pane: pane session terminated pane=6 pid=17600 signal=Hangup
2026-08-13T23:46:08.290803Z  INFO herdr::pane: pane session terminated pane=13 pid=95449 signal=Hangup
2026-08-13T23:46:08.291124Z  INFO herdr::pane: pane session terminated pane=7 pid=17601 signal=Hangup
2026-08-13T23:46:08.291519Z  INFO herdr::pane: pane session terminated pane=11 pid=17605 signal=Hangup
2026-08-13T23:46:08.291539Z  INFO herdr::pane: pane session terminated pane=1 pid=17595 signal=Hangup
2026-08-13T23:46:08.291550Z  INFO herdr::pane: pane session terminated pane=8 pid=17602 signal=Hangup
2026-08-13T23:46:08.291565Z  INFO herdr::pane: pane session terminated pane=2 pid=17596 signal=Hangup
2026-08-13T23:46:08.291579Z  INFO herdr::pane: pane session terminated pane=5 pid=17599 signal=Hangup
2026-08-13T23:46:08.291593Z  INFO herdr::pane: pane session terminated pane=3 pid=17597 signal=Hangup
2026-08-13T23:46:08.291608Z  INFO herdr::pane: pane session terminated pane=4 pid=17598 signal=Hangup
2026-08-13T23:46:08.292736Z  INFO herdr::logging: herdr exiting event="app.shutdown" subsystem="server" outcome="completed" pid=17594
2026-08-14T03:03:12.226755Z  INFO herdr::platform::macos: raised server file descriptor soft limit previous=256 target=8192
2026-08-14T03:03:12.227702Z  INFO herdr::api::server: api server listening path=/Users/jason/.config/herdr/herdr.sock
2026-08-14T03:03:12.229137Z  INFO herdr::logging: spawning pane terminal event="pane.spawn.start" subsystem="pane" outcome="started" pane_id=1 rows=24 cols=80 scrollback_limit_bytes=10000000
2026-08-14T03:03:12.241463Z  INFO herdr::logging: pane child spawned event="pane.spawned" subsystem="pane" outcome="ok" pane_id=1 pid=54764
2026-08-14T03:03:12.241839Z  INFO herdr::logging: spawning pane terminal event="pane.spawn.start" subsystem="pane" outcome="started" pane_id=2 rows=24 cols=80 scrollback_limit_bytes=10000000
2026-08-14T03:03:12.245462Z  INFO herdr::logging: pane child spawned event="pane.spawned" subsystem="pane" outcome="ok" pane_id=2 pid=54765
2026-08-14T03:03:12.245649Z  INFO herdr::logging: spawning pane terminal event="pane.spawn.start" subsystem="pane" outcome="started" pane_id=3 rows=24 cols=80 scrollback_limit_bytes=10000000
2026-08-14T03:03:12.248767Z  INFO herdr::logging: pane child spawned event="pane.spawned" subsystem="pane" outcome="ok" pane_id=3 pid=54766
2026-08-14T03:03:12.250233Z  INFO herdr::logging: spawning pane terminal event="pane.spawn.start" subsystem="pane" outcome="started" pane_id=4 rows=24 cols=80 scrollback_limit_bytes=10000000
2026-08-14T03:03:12.253474Z  INFO herdr::logging: pane child spawned event="pane.spawned" subsystem="pane" outcome="ok" pane_id=4 pid=54767
2026-08-14T03:03:12.253674Z  INFO herdr::logging: spawning pane terminal event="pane.spawn.start" subsystem="pane" outcome="started" pane_id=5 rows=24 cols=80 scrollback_limit_bytes=10000000
2026-08-14T03:03:12.256959Z  INFO herdr::logging: pane child spawned event="pane.spawned" subsystem="pane" outcome="ok" pane_id=5 pid=54768
2026-08-14T03:03:12.258443Z  INFO herdr::logging: spawning pane terminal event="pane.spawn.start" subsystem="pane" outcome="started" pane_id=6 rows=24 cols=80 scrollback_limit_bytes=10000000
2026-08-14T03:03:12.262047Z  INFO herdr::logging: pane child spawned event="pane.spawned" subsystem="pane" outcome="ok" pane_id=6 pid=54769
2026-08-14T03:03:12.262295Z  INFO herdr::logging: spawning pane terminal event="pane.spawn.start" subsystem="pane" outcome="started" pane_id=7 rows=24 cols=80 scrollback_limit_bytes=10000000
2026-08-14T03:03:12.266834Z  INFO herdr::logging: pane child spawned event="pane.spawned" subsystem="pane" outcome="ok" pane_id=7 pid=54770
2026-08-14T03:03:12.268724Z  INFO herdr::logging: spawning pane terminal event="pane.spawn.start" subsystem="pane" outcome="started" pane_id=8 rows=24 cols=80 scrollback_limit_bytes=10000000
2026-08-14T03:03:12.273863Z  INFO herdr::logging: pane child spawned event="pane.spawned" subsystem="pane" outcome="ok" pane_id=8 pid=54771
2026-08-14T03:03:12.276461Z  INFO herdr::logging: spawning pane terminal event="pane.spawn.start" subsystem="pane" outcome="started" pane_id=9 rows=24 cols=80 scrollback_limit_bytes=10000000
2026-08-14T03:03:12.282185Z  INFO herdr::logging: pane child spawned event="pane.spawned" subsystem="pane" outcome="ok" pane_id=9 pid=54772
2026-08-14T03:03:12.282544Z  INFO herdr::logging: spawning pane terminal event="pane.spawn.start" subsystem="pane" outcome="started" pane_id=10 rows=24 cols=80 scrollback_limit_bytes=10000000
2026-08-14T03:03:12.287452Z  INFO herdr::logging: pane child spawned event="pane.spawned" subsystem="pane" outcome="ok" pane_id=10 pid=54773
2026-08-14T03:03:12.288706Z  INFO herdr::logging: spawning pane terminal event="pane.spawn.start" subsystem="pane" outcome="started" pane_id=11 rows=24 cols=80 scrollback_limit_bytes=10000000
2026-08-14T03:03:12.293218Z  INFO herdr::logging: pane child spawned event="pane.spawned" subsystem="pane" outcome="ok" pane_id=11 pid=54774
2026-08-14T03:03:12.294810Z  INFO herdr::logging: session restore evaluated event="persist.restore" subsystem="persist" outcome="ok" workspaces=7
2026-08-14T03:03:12.294871Z  INFO herdr::app: using pane scrollback configuration pane_scrollback_limit_bytes=10000000
2026-08-14T03:03:12.332358Z  INFO herdr::logging: checking for updates event="update.check.start" subsystem="update" outcome="started"
2026-08-14T03:03:12.345314Z  INFO herdr::server::headless: restored session already has workspaces; ignoring startup cwd cwd=/Users/jason
2026-08-14T03:03:12.345489Z  INFO herdr::server::headless: client protocol socket listening path=/Users/jason/.config/herdr/herdr-client.sock
2026-08-14T03:03:12.345525Z  INFO herdr::server::headless: herdr server started api_socket=/Users/jason/.config/herdr/herdr.sock client_socket=/Users/jason/.config/herdr/herdr-client.sock
2026-08-14T03:03:12.346121Z  INFO herdr::logging: herdr starting event="app.startup" subsystem="server" outcome="started" pid=54763
2026-08-14T03:03:12.422733Z  INFO herdr::server::headless: client connected client_id=2 cols=134 rows=40 cell_width_px=0 cell_height_px=0 render_encoding=SemanticFrame
2026-08-14T03:03:12.532939Z  WARN herdr::detect::manifest_update: skipping unknown remote manifest agent agent="qwen"
2026-08-14T03:03:19.995053Z  INFO herdr::logging: workspace focused event="workspace.focus" subsystem="workspace" outcome="ok" workspace_id="wD"
2026-08-14T03:03:19.995178Z  INFO herdr::logging: tab focused event="tab.focus" subsystem="tab" outcome="ok" workspace_id="wD" tab_id="wD:t1"
2026-08-14T03:03:25.001806Z  INFO herdr::logging: session saved event="persist.save" subsystem="persist" outcome="ok" path=/Users/jason/.config/herdr/session.json workspaces=7
2026-08-14T03:03:45.534116Z  INFO herdr::logging: spawning pane terminal event="pane.spawn.start" subsystem="pane" outcome="started" pane_id=12 rows=39 cols=108 scrollback_limit_bytes=10000000
2026-08-14T03:03:45.538798Z  INFO herdr::logging: pane child spawned event="pane.spawned" subsystem="pane" outcome="ok" pane_id=12 pid=58095
2026-08-14T03:03:45.539057Z  INFO herdr::logging: tab focused event="tab.focus" subsystem="tab" outcome="ok" workspace_id="wD" tab_id="wD:t2"
2026-08-14T03:03:50.547211Z  INFO herdr::logging: session saved event="persist.save" subsystem="persist" outcome="ok" path=/Users/jason/.config/herdr/session.json workspaces=7
2026-08-14T03:03:56.131115Z  INFO herdr::logging: tab focused event="tab.focus" subsystem="tab" outcome="ok" workspace_id="wD" tab_id="wD:t2"
2026-08-14T03:03:57.991373Z  INFO herdr::logging: workspace focused event="workspace.focus" subsystem="workspace" outcome="ok" workspace_id="wD"
2026-08-14T03:03:57.991537Z  INFO herdr::logging: tab focused event="tab.focus" subsystem="tab" outcome="ok" workspace_id="wD" tab_id="wD:t2"
2026-08-14T03:03:57.991637Z  INFO herdr::logging: tab focused event="tab.focus" subsystem="tab" outcome="ok" workspace_id="wD" tab_id="wD:t2"
2026-08-14T03:04:02.996603Z  INFO herdr::logging: session saved event="persist.save" subsystem="persist" outcome="ok" path=/Users/jason/.config/herdr/session.json workspaces=7
2026-08-14T03:04:18.333048Z  INFO herdr::logging: tab renamed event="tab.rename" subsystem="tab" outcome="ok" workspace_id="wD" tab_id="wD:t2"
2026-08-14T03:04:23.335746Z  INFO herdr::logging: session saved event="persist.save" subsystem="persist" outcome="ok" path=/Users/jason/.config/herdr/session.json workspaces=7
2026-08-14T03:04:35.059958Z  INFO herdr::pane: agent changed pane=12 previous_agent=None agent=Some(OpenCode) process=opencode pgid=Some(58506)
2026-08-14T03:04:38.099172Z  INFO herdr::pane: agent changed pane=12 previous_agent=Some(OpenCode) agent=None pgid=Some(58095)
2026-08-14T03:11:58.487259Z  INFO herdr::pane: agent changed pane=12 previous_agent=None agent=Some(OpenCode) process=opencode pgid=Some(66408)
2026-08-14T03:12:00.306612Z  INFO herdr::pane: agent changed pane=12 previous_agent=Some(OpenCode) agent=None pgid=Some(58095)
2026-08-14T03:12:36.693900Z  INFO herdr::pane: agent changed pane=12 previous_agent=None agent=Some(OpenCode) process=opencode pgid=Some(66743)
2026-08-14T03:12:38.217887Z  INFO herdr::pane: agent changed pane=12 previous_agent=Some(OpenCode) agent=None pgid=Some(58095)
2026-08-14T03:13:18.118734Z  INFO herdr::pane: agent changed pane=12 previous_agent=None agent=Some(OpenCode) process=opencode pgid=Some(67132)
2026-08-14T03:15:58.280772Z  INFO herdr::server::headless: client resize client_id=2 cols=230 rows=61 cell_width_px=0 cell_height_px=0
2026-08-14T03:16:07.485573Z  INFO herdr::server::headless: client resize client_id=2 cols=134 rows=40 cell_width_px=0 cell_height_px=0
2026-08-14T03:16:07.908155Z  INFO herdr::server::headless: client resize client_id=2 cols=134 rows=40 cell_width_px=0 cell_height_px=0
2026-08-14T03:17:54.289115Z  INFO herdr::pane: agent changed pane=12 previous_agent=Some(OpenCode) agent=None pgid=Some(58095)
2026-08-14T03:18:03.239866Z  INFO herdr::app::actions: copied selection to clipboard
2026-08-14T03:18:04.884273Z  INFO herdr::pane: agent changed pane=12 previous_agent=None agent=Some(OpenCode) process=opencode pgid=Some(69836)
2026-08-14T03:25:31.851491Z  INFO herdr::pane: agent changed pane=12 previous_agent=Some(OpenCode) agent=None pgid=Some(58095)
2026-08-14T03:25:42.232836Z  INFO herdr::app::actions: copied selection to clipboard
2026-08-14T03:25:44.465573Z  INFO herdr::pane: agent changed pane=12 previous_agent=None agent=Some(OpenCode) process=opencode pgid=Some(73768)
2026-08-14T03:26:14.883230Z  INFO herdr::pane: agent changed pane=12 previous_agent=Some(OpenCode) agent=None pgid=Some(58095)
2026-08-14T03:26:16.405423Z  INFO herdr::pane: agent changed pane=12 previous_agent=None agent=Some(OpenCode) process=opencode pgid=Some(74252)
2026-08-14T03:26:34.237303Z  INFO herdr::pane: agent changed pane=12 previous_agent=None agent=Some(OpenCode) process=opencode pgid=Some(74252)
2026-08-14T03:26:39.216373Z  INFO herdr::logging: session saved event="persist.save" subsystem="persist" outcome="ok" path=/Users/jason/.config/herdr/session.json workspaces=7
2026-08-14T03:28:10.331934Z  INFO herdr::server::headless: client resize client_id=2 cols=230 rows=61 cell_width_px=0 cell_height_px=0
2026-08-14T03:28:23.583674Z  INFO herdr::logging: workspace focused event="workspace.focus" subsystem="workspace" outcome="ok" workspace_id="w8"
2026-08-14T03:28:23.583753Z  INFO herdr::logging: tab focused event="tab.focus" subsystem="tab" outcome="ok" workspace_id="w8" tab_id="w8:t1"
2026-08-14T03:28:28.588795Z  INFO herdr::logging: session saved event="persist.save" subsystem="persist" outcome="ok" path=/Users/jason/.config/herdr/session.json workspaces=7
2026-08-14T03:33:12.340295Z  INFO herdr::logging: checking for updates event="update.check.start" subsystem="update" outcome="started"
2026-08-14T03:33:12.499570Z  WARN herdr::detect::manifest_update: skipping unknown remote manifest agent agent="qwen"
2026-08-14T03:50:22.352636Z  INFO herdr::logging: workspace focused event="workspace.focus" subsystem="workspace" outcome="ok" workspace_id="wD"
2026-08-14T03:50:22.352744Z  INFO herdr::logging: tab focused event="tab.focus" subsystem="tab" outcome="ok" workspace_id="wD" tab_id="wD:t2"
2026-08-14T03:50:27.361690Z  INFO herdr::logging: session saved event="persist.save" subsystem="persist" outcome="ok" path=/Users/jason/.config/herdr/session.json workspaces=7
2026-08-14T03:51:44.597047Z  INFO herdr::pane: agent changed pane=12 previous_agent=Some(OpenCode) agent=None pgid=Some(58095)
2026-08-14T03:51:45.906771Z  INFO herdr::logging: tab focused event="tab.focus" subsystem="tab" outcome="ok" workspace_id="wD" tab_id="wD:t1"
2026-08-14T03:51:50.913057Z  INFO herdr::logging: session saved event="persist.save" subsystem="persist" outcome="ok" path=/Users/jason/.config/herdr/session.json workspaces=7
2026-08-14T03:58:48.145122Z  INFO herdr::logging: workspace focused event="workspace.focus" subsystem="workspace" outcome="ok" workspace_id="w8"
2026-08-14T03:58:48.145481Z  INFO herdr::logging: tab focused event="tab.focus" subsystem="tab" outcome="ok" workspace_id="w8" tab_id="w8:t1"
2026-08-14T03:58:53.159089Z  INFO herdr::logging: session saved event="persist.save" subsystem="persist" outcome="ok" path=/Users/jason/.config/herdr/session.json workspaces=7
2026-08-14T04:03:12.358803Z  INFO herdr::logging: checking for updates event="update.check.start" subsystem="update" outcome="started"
2026-08-14T04:03:12.560320Z  WARN herdr::detect::manifest_update: skipping unknown remote manifest agent agent="qwen"
2026-08-14T04:33:12.373816Z  INFO herdr::logging: checking for updates event="update.check.start" subsystem="update" outcome="started"
2026-08-14T04:33:12.617686Z  WARN herdr::detect::manifest_update: skipping unknown remote manifest agent agent="qwen"
2026-08-14T04:37:28.523380Z  INFO herdr::server::headless: client resize client_id=2 cols=134 rows=40 cell_width_px=0 cell_height_px=0
2026-08-14T05:28:33.598359Z  INFO herdr::logging: checking for updates event="update.check.start" subsystem="update" outcome="started"
2026-08-14T05:28:33.813252Z  WARN herdr::detect::manifest_update: skipping unknown remote manifest agent agent="qwen"
2026-08-14T05:58:33.600870Z  INFO herdr::logging: checking for updates event="update.check.start" subsystem="update" outcome="started"
2026-08-14T05:58:33.810173Z  WARN herdr::detect::manifest_update: skipping unknown remote manifest agent agent="qwen"
2026-08-14T06:28:33.602941Z  INFO herdr::logging: checking for updates event="update.check.start" subsystem="update" outcome="started"
2026-08-14T06:28:33.893101Z  WARN herdr::detect::manifest_update: skipping unknown remote manifest agent agent="qwen"
2026-08-14T06:58:33.605911Z  INFO herdr::logging: checking for updates event="update.check.start" subsystem="update" outcome="started"
2026-08-14T06:58:33.816544Z  WARN herdr::detect::manifest_update: skipping unknown remote manifest agent agent="qwen"
2026-08-14T07:28:33.607793Z  INFO herdr::logging: checking for updates event="update.check.start" subsystem="update" outcome="started"
2026-08-14T07:28:33.828184Z  WARN herdr::detect::manifest_update: skipping unknown remote manifest agent agent="qwen"
2026-08-14T07:58:33.610556Z  INFO herdr::logging: checking for updates event="update.check.start" subsystem="update" outcome="started"
2026-08-14T07:58:33.800046Z  WARN herdr::detect::manifest_update: skipping unknown remote manifest agent agent="qwen"
2026-08-14T08:28:33.619832Z  INFO herdr::logging: checking for updates event="update.check.start" subsystem="update" outcome="started"
2026-08-14T08:28:33.804326Z  WARN herdr::detect::manifest_update: skipping unknown remote manifest agent agent="qwen"
2026-08-14T08:58:33.623912Z  INFO herdr::logging: checking for updates event="update.check.start" subsystem="update" outcome="started"
2026-08-14T08:58:33.854613Z  WARN herdr::detect::manifest_update: skipping unknown remote manifest agent agent="qwen"
2026-08-14T23:50:16.754684Z  INFO herdr::logging: checking for updates event="update.check.start" subsystem="update" outcome="started"
2026-08-14T23:50:16.981818Z  WARN herdr::detect::manifest_update: skipping unknown remote manifest agent agent="qwen"
2026-08-15T00:20:16.758979Z  INFO herdr::logging: checking for updates event="update.check.start" subsystem="update" outcome="started"
2026-08-15T00:20:17.022554Z  WARN herdr::detect::manifest_update: skipping unknown remote manifest agent agent="qwen"
2026-08-15T00:27:16.967456Z  INFO herdr::logging: workspace focused event="workspace.focus" subsystem="workspace" outcome="ok" workspace_id="wD"
2026-08-15T00:27:16.967742Z  INFO herdr::logging: tab focused event="tab.focus" subsystem="tab" outcome="ok" workspace_id="wD" tab_id="wD:t1"
2026-08-15T00:27:19.750664Z  INFO herdr::logging: tab focused event="tab.focus" subsystem="tab" outcome="ok" workspace_id="wD" tab_id="wD:t2"
2026-08-15T00:27:24.757306Z  INFO herdr::logging: session saved event="persist.save" subsystem="persist" outcome="ok" path=/Users/jason/.config/herdr/session.json workspaces=7
2026-08-15T00:27:25.631133Z  INFO herdr::app::actions: copied selection to clipboard
2026-08-15T00:27:27.390517Z  INFO herdr::pane: agent changed pane=12 previous_agent=None agent=Some(OpenCode) process=opencode pgid=Some(86671)
2026-08-15T00:27:34.550157Z  INFO herdr::logging: tab focused event="tab.focus" subsystem="tab" outcome="ok" workspace_id="wD" tab_id="wD:t1"
2026-08-15T00:27:39.554916Z  INFO herdr::logging: session saved event="persist.save" subsystem="persist" outcome="ok" path=/Users/jason/.config/herdr/session.json workspaces=7
2026-08-15T00:27:41.250093Z  INFO herdr::logging: tab focused event="tab.focus" subsystem="tab" outcome="ok" workspace_id="wD" tab_id="wD:t2"
2026-08-15T00:27:46.253190Z  INFO herdr::logging: session saved event="persist.save" subsystem="persist" outcome="ok" path=/Users/jason/.config/herdr/session.json workspaces=7
2026-08-15T00:32:05.424022Z  INFO herdr::pane: agent changed pane=12 previous_agent=Some(OpenCode) agent=None pgid=Some(58095)
2026-08-15T00:35:11.935303Z  INFO herdr::pane: agent changed pane=12 previous_agent=None agent=Some(OpenCode) process=opencode pgid=Some(91625)
2026-08-15T00:50:16.771428Z  INFO herdr::logging: checking for updates event="update.check.start" subsystem="update" outcome="started"
2026-08-15T00:50:17.007733Z  WARN herdr::detect::manifest_update: skipping unknown remote manifest agent agent="qwen"
2026-08-15T01:15:24.128836Z  INFO herdr::server::headless: client resize client_id=2 cols=230 rows=61 cell_width_px=0 cell_height_px=0
2026-08-15T01:19:40.352488Z  INFO herdr::server::headless: client resize client_id=2 cols=134 rows=40 cell_width_px=0 cell_height_px=0
2026-08-15T01:20:16.786575Z  INFO herdr::logging: checking for updates event="update.check.start" subsystem="update" outcome="started"
2026-08-15T01:20:16.948844Z  WARN herdr::detect::manifest_update: skipping unknown remote manifest agent agent="qwen"
2026-08-15T06:04:39.265910Z  INFO herdr::pane: agent changed pane=12 previous_agent=Some(OpenCode) agent=None pgid=Some(58095)
2026-08-15T06:04:41.542204Z  INFO herdr::logging: tab focused event="tab.focus" subsystem="tab" outcome="ok" workspace_id="wD" tab_id="wD:t1"
2026-08-15T06:04:46.551726Z  INFO herdr::logging: session saved event="persist.save" subsystem="persist" outcome="ok" path=/Users/jason/.config/herdr/session.json workspaces=7
2026-08-15T06:04:47.960212Z  INFO herdr::logging: workspace focused event="workspace.focus" subsystem="workspace" outcome="ok" workspace_id="w8"
2026-08-15T06:04:47.960375Z  INFO herdr::logging: tab focused event="tab.focus" subsystem="tab" outcome="ok" workspace_id="w8" tab_id="w8:t1"
2026-08-15T06:04:52.964407Z  INFO herdr::logging: session saved event="persist.save" subsystem="persist" outcome="ok" path=/Users/jason/.config/herdr/session.json workspaces=7
2026-08-15T06:07:24.929878Z  INFO herdr::logging: checking for updates event="update.check.start" subsystem="update" outcome="started"
2026-08-15T06:07:25.843378Z  WARN herdr::detect::manifest_update: skipping unknown remote manifest agent agent="qwen"
2026-08-15T06:10:26.753498Z  INFO herdr::server::headless: client resize client_id=2 cols=230 rows=61 cell_width_px=0 cell_height_px=0
2026-08-15T06:37:24.855999Z  INFO herdr::logging: checking for updates event="update.check.start" subsystem="update" outcome="started"
2026-08-15T06:37:27.430025Z  WARN herdr::detect::manifest_update: skipping unknown remote manifest agent agent="qwen"
2026-08-15T06:57:50.527519Z  INFO herdr::server::headless: client resize client_id=2 cols=134 rows=40 cell_width_px=0 cell_height_px=0
2026-08-15T06:57:50.910390Z  INFO herdr::server::headless: client resize client_id=2 cols=134 rows=40 cell_width_px=0 cell_height_px=0
2026-08-15T07:07:24.866752Z  INFO herdr::logging: checking for updates event="update.check.start" subsystem="update" outcome="started"
2026-08-15T07:07:28.030967Z  WARN herdr::detect::manifest_update: skipping unknown remote manifest agent agent="qwen"
2026-08-15T08:50:47.555741Z  INFO herdr::logging: checking for updates event="update.check.start" subsystem="update" outcome="started"
2026-08-15T08:50:48.082081Z  WARN herdr::detect::manifest_update: skipping unknown remote manifest agent agent="qwen"
2026-08-15T12:36:54.523717Z  INFO herdr::logging: checking for updates event="update.check.start" subsystem="update" outcome="started"
2026-08-15T12:36:55.708354Z  WARN herdr::detect::manifest_update: skipping unknown remote manifest agent agent="qwen"
2026-08-15T13:41:13.416462Z  INFO herdr::logging: checking for updates event="update.check.start" subsystem="update" outcome="started"
2026-08-15T13:41:13.939135Z  WARN herdr::detect::manifest_update: skipping unknown remote manifest agent agent="qwen"
2026-08-15T14:11:13.421025Z  INFO herdr::logging: checking for updates event="update.check.start" subsystem="update" outcome="started"
2026-08-15T14:11:20.618219Z  WARN herdr::detect::manifest_update: skipping unknown remote manifest agent agent="qwen"
2026-08-15T14:37:14.252591Z  INFO herdr::logging: workspace focused event="workspace.focus" subsystem="workspace" outcome="ok" workspace_id="w6"
2026-08-15T14:37:14.253177Z  INFO herdr::logging: tab focused event="tab.focus" subsystem="tab" outcome="ok" workspace_id="w6" tab_id="w6:t1"
2026-08-15T14:37:19.265392Z  INFO herdr::logging: session saved event="persist.save" subsystem="persist" outcome="ok" path=/Users/jason/.config/herdr/session.json workspaces=7
2026-08-15T14:41:13.660418Z  INFO herdr::logging: checking for updates event="update.check.start" subsystem="update" outcome="started"
2026-08-15T14:41:19.308796Z  WARN herdr::detect::manifest_update: skipping unknown remote manifest agent agent="qwen"
2026-08-15T14:42:59.794884Z  INFO herdr::app::actions: copied selection to clipboard
2026-08-15T15:07:27.916824Z  INFO herdr::logging: spawning pane terminal event="pane.spawn.start" subsystem="pane" outcome="started" pane_id=13 rows=39 cols=108 scrollback_limit_bytes=10000000
2026-08-15T15:07:27.930875Z  INFO herdr::logging: pane child spawned event="pane.spawned" subsystem="pane" outcome="ok" pane_id=13 pid=31565
2026-08-15T15:07:27.931934Z  INFO herdr::logging: tab focused event="tab.focus" subsystem="tab" outcome="ok" workspace_id="w6" tab_id="w6:t1"
2026-08-15T15:07:32.948731Z  INFO herdr::logging: session saved event="persist.save" subsystem="persist" outcome="ok" path=/Users/jason/.config/herdr/session.json workspaces=7
2026-08-15T15:07:46.878991Z  INFO herdr::logging: api request received event="api.request.start" subsystem="api" outcome="started" request_id="cli:pane:focus" method="pane.focus_direction" changes_ui=true
2026-08-15T15:07:46.879148Z  INFO herdr::logging: tab focused event="tab.focus" subsystem="tab" outcome="ok" workspace_id="w6" tab_id="w6:t1"
2026-08-15T15:07:46.879171Z  INFO herdr::logging: tab focused event="tab.focus" subsystem="tab" outcome="ok" workspace_id="w6" tab_id="w6:t1"
2026-08-15T15:07:46.879214Z  INFO herdr::logging: api request completed event="api.request.complete" subsystem="api" outcome="ok" request_id="cli:pane:focus" method="pane.focus_direction"
2026-08-15T15:07:51.886976Z  INFO herdr::logging: session saved event="persist.save" subsystem="persist" outcome="ok" path=/Users/jason/.config/herdr/session.json workspaces=7
2026-08-15T15:08:05.915294Z  INFO herdr::logging: tab focused event="tab.focus" subsystem="tab" outcome="ok" workspace_id="w6" tab_id="w6:t1"
2026-08-15T15:08:10.932585Z  INFO herdr::logging: session saved event="persist.save" subsystem="persist" outcome="ok" path=/Users/jason/.config/herdr/session.json workspaces=7
2026-08-15T15:08:42.250411Z  INFO herdr::logging: tab focused event="tab.focus" subsystem="tab" outcome="ok" workspace_id="w6" tab_id="w6:t1"
2026-08-15T15:08:47.261524Z  INFO herdr::logging: session saved event="persist.save" subsystem="persist" outcome="ok" path=/Users/jason/.config/herdr/session.json workspaces=7
2026-08-15T15:10:48.162361Z  INFO herdr::logging: api request received event="api.request.start" subsystem="api" outcome="started" request_id="cli:pane:focus" method="pane.focus_direction" changes_ui=true
2026-08-15T15:10:48.162485Z  INFO herdr::logging: tab focused event="tab.focus" subsystem="tab" outcome="ok" workspace_id="w6" tab_id="w6:t1"
2026-08-15T15:10:48.162512Z  INFO herdr::logging: tab focused event="tab.focus" subsystem="tab" outcome="ok" workspace_id="w6" tab_id="w6:t1"
2026-08-15T15:10:48.162546Z  INFO herdr::logging: api request completed event="api.request.complete" subsystem="api" outcome="ok" request_id="cli:pane:focus" method="pane.focus_direction"
2026-08-15T15:10:51.339606Z  INFO herdr::logging: pane child exited event="pane.exit" subsystem="pane" outcome="completed" pane_id=13 status="ExitStatus { code: 0, signal: None }"
2026-08-15T15:10:51.340342Z  INFO herdr::pane: pane session terminated pane=13 pid=31565 signal=Hangup
2026-08-15T15:10:56.348117Z  INFO herdr::logging: session saved event="persist.save" subsystem="persist" outcome="ok" path=/Users/jason/.config/herdr/session.json workspaces=7
2026-08-15T15:17:10.843069Z  INFO herdr::logging: workspace focused event="workspace.focus" subsystem="workspace" outcome="ok" workspace_id="wA"
2026-08-15T15:17:10.843186Z  INFO herdr::logging: tab focused event="tab.focus" subsystem="tab" outcome="ok" workspace_id="wA" tab_id="wA:t1"
2026-08-15T15:17:15.852116Z  INFO herdr::logging: session saved event="persist.save" subsystem="persist" outcome="ok" path=/Users/jason/.config/herdr/session.json workspaces=7
2026-08-15T15:20:32.793385Z  INFO herdr::logging: workspace focused event="workspace.focus" subsystem="workspace" outcome="ok" workspace_id="w8"
2026-08-15T15:20:32.793454Z  INFO herdr::logging: tab focused event="tab.focus" subsystem="tab" outcome="ok" workspace_id="w8" tab_id="w8:t1"
2026-08-15T15:20:37.802016Z  INFO herdr::logging: session saved event="persist.save" subsystem="persist" outcome="ok" path=/Users/jason/.config/herdr/session.json workspaces=7
2026-08-15T15:25:04.630609Z  INFO herdr::logging: checking for updates event="update.check.start" subsystem="update" outcome="started"
2026-08-15T15:25:05.509162Z  WARN herdr::detect::manifest_update: skipping unknown remote manifest agent agent="qwen"
2026-08-15T15:55:04.644499Z  INFO herdr::logging: checking for updates event="update.check.start" subsystem="update" outcome="started"
2026-08-15T15:55:11.685035Z  WARN herdr::detect::manifest_update: skipping unknown remote manifest agent agent="qwen"
2026-08-15T15:55:27.720837Z  WARN herdr::detect::manifest_update: agent detection manifest update failed for agent agent="amp" error=fetch failed: failed to fetch https://herdr.dev/agent-detection/amp.toml
2026-08-15T16:49:45.244276Z  INFO herdr::logging: checking for updates event="update.check.start" subsystem="update" outcome="started"
2026-08-15T16:50:02.405528Z  WARN herdr::detect::manifest_update: agent detection manifest update failed: failed to fetch https://herdr.dev/agent-detection/index.toml
2026-08-15T16:50:02.406194Z  WARN herdr::logging: update check failed event="update.check.complete" subsystem="update" outcome="error" err="failed to fetch Homebrew formula JSON"
2026-08-15T17:19:45.259141Z  INFO herdr::logging: checking for updates event="update.check.start" subsystem="update" outcome="started"
2026-08-15T17:20:03.338691Z  WARN herdr::logging: update check failed event="update.check.complete" subsystem="update" outcome="error" err="failed to fetch Homebrew formula JSON"
2026-08-15T17:20:03.339058Z  WARN herdr::detect::manifest_update: agent detection manifest update failed: failed to fetch https://herdr.dev/agent-detection/index.toml
2026-08-15T17:49:45.278384Z  INFO herdr::logging: checking for updates event="update.check.start" subsystem="update" outcome="started"
2026-08-15T17:50:03.351850Z  WARN herdr::detect::manifest_update: agent detection manifest update failed: failed to fetch https://herdr.dev/agent-detection/index.toml
2026-08-15T17:50:03.368252Z  WARN herdr::logging: update check failed event="update.check.complete" subsystem="update" outcome="error" err="failed to fetch Homebrew formula JSON"
2026-08-15T18:19:45.290091Z  INFO herdr::logging: checking for updates event="update.check.start" subsystem="update" outcome="started"
2026-08-15T18:19:48.374082Z  WARN herdr::detect::manifest_update: agent detection manifest update failed: failed to fetch https://herdr.dev/agent-detection/index.toml
2026-08-15T18:19:48.374188Z  WARN herdr::logging: update check failed event="update.check.complete" subsystem="update" outcome="error" err="failed to fetch Homebrew formula JSON"
2026-08-15T18:49:45.306990Z  INFO herdr::logging: checking for updates event="update.check.start" subsystem="update" outcome="started"
2026-08-15T18:49:48.393670Z  WARN herdr::detect::manifest_update: agent detection manifest update failed: failed to fetch https://herdr.dev/agent-detection/index.toml
2026-08-15T18:49:48.394336Z  WARN herdr::logging: update check failed event="update.check.complete" subsystem="update" outcome="error" err="failed to fetch Homebrew formula JSON"
2026-08-15T19:34:54.032031Z  INFO herdr::logging: checking for updates event="update.check.start" subsystem="update" outcome="started"
2026-08-15T19:35:12.087325Z  WARN herdr::detect::manifest_update: agent detection manifest update failed: failed to fetch https://herdr.dev/agent-detection/index.toml
2026-08-15T19:35:12.102988Z  WARN herdr::logging: update check failed event="update.check.complete" subsystem="update" outcome="error" err="failed to fetch Homebrew formula JSON"
2026-08-15T20:04:54.043149Z  INFO herdr::logging: checking for updates event="update.check.start" subsystem="update" outcome="started"
2026-08-15T20:05:12.126113Z  WARN herdr::logging: update check failed event="update.check.complete" subsystem="update" outcome="error" err="failed to fetch Homebrew formula JSON"
2026-08-15T20:05:12.133236Z  WARN herdr::detect::manifest_update: agent detection manifest update failed: failed to fetch https://herdr.dev/agent-detection/index.toml
2026-08-15T20:34:53.975230Z  INFO herdr::logging: checking for updates event="update.check.start" subsystem="update" outcome="started"
2026-08-15T20:34:55.478116Z  WARN herdr::detect::manifest_update: skipping unknown remote manifest agent agent="qwen"
2026-08-15T20:35:25.646469Z  WARN herdr::detect::manifest_update: agent detection manifest update failed for agent agent="agy" error=fetch failed: failed to fetch https://herdr.dev/agent-detection/antigravity.toml
2026-08-15T20:35:43.717214Z  WARN herdr::detect::manifest_update: agent detection manifest update failed for agent agent="claude" error=fetch failed: failed to fetch https://herdr.dev/agent-detection/claude.toml
2026-08-15T20:36:01.775305Z  WARN herdr::detect::manifest_update: agent detection manifest update failed for agent agent="cline" error=fetch failed: failed to fetch https://herdr.dev/agent-detection/cline.toml
2026-08-15T20:36:36.034185Z  WARN herdr::detect::manifest_update: agent detection manifest update failed for agent agent="cursor" error=fetch failed: failed to fetch https://herdr.dev/agent-detection/cursor.toml
2026-08-15T20:36:54.121979Z  WARN herdr::detect::manifest_update: agent detection manifest update failed for agent agent="devin" error=fetch failed: failed to fetch https://herdr.dev/agent-detection/devin.toml
2026-08-15T20:37:22.254705Z  WARN herdr::detect::manifest_update: agent detection manifest update failed for agent agent="gemini" error=fetch failed: failed to fetch https://herdr.dev/agent-detection/gemini.toml
2026-08-15T20:38:04.846455Z  WARN herdr::detect::manifest_update: agent detection manifest update failed for agent agent="hermes" error=fetch failed: failed to fetch https://herdr.dev/agent-detection/hermes.toml
2026-08-15T20:38:22.920824Z  WARN herdr::detect::manifest_update: agent detection manifest update failed for agent agent="kilo" error=fetch failed: failed to fetch https://herdr.dev/agent-detection/kilo.toml
2026-08-15T20:38:40.991745Z  WARN herdr::detect::manifest_update: agent detection manifest update failed for agent agent="kimi" error=fetch failed: failed to fetch https://herdr.dev/agent-detection/kimi.toml
2026-08-15T20:38:59.082921Z  WARN herdr::detect::manifest_update: agent detection manifest update failed for agent agent="kiro" error=fetch failed: failed to fetch https://herdr.dev/agent-detection/kiro.toml
2026-08-15T20:39:17.160815Z  WARN herdr::detect::manifest_update: agent detection manifest update failed for agent agent="maki" error=fetch failed: failed to fetch https://herdr.dev/agent-detection/maki.toml
2026-08-15T20:39:35.220061Z  WARN herdr::detect::manifest_update: agent detection manifest update failed for agent agent="opencode" error=fetch failed: failed to fetch https://herdr.dev/agent-detection/opencode.toml
2026-08-15T20:39:53.290333Z  WARN herdr::detect::manifest_update: agent detection manifest update failed for agent agent="pi" error=fetch failed: failed to fetch https://herdr.dev/agent-detection/pi.toml
2026-08-15T20:40:11.355205Z  WARN herdr::detect::manifest_update: agent detection manifest update failed for agent agent="qodercli" error=fetch failed: failed to fetch https://herdr.dev/agent-detection/qodercli.toml
2026-08-15T20:40:29.430035Z  WARN herdr::detect::manifest_update: agent detection manifest update failed for agent agent="copilot" error=fetch failed: failed to fetch https://herdr.dev/agent-detection/github-copilot.toml
2026-08-15T21:04:53.985427Z  INFO herdr::logging: checking for updates event="update.check.start" subsystem="update" outcome="started"
2026-08-15T21:05:11.096100Z  WARN herdr::detect::manifest_update: agent detection manifest update failed: failed to fetch https://herdr.dev/agent-detection/index.toml
2026-08-15T21:05:11.097429Z  WARN herdr::logging: update check failed event="update.check.complete" subsystem="update" outcome="error" err="failed to fetch Homebrew formula JSON"
2026-08-15T21:34:53.987330Z  INFO herdr::logging: checking for updates event="update.check.start" subsystem="update" outcome="started"
2026-08-15T21:35:11.142805Z  WARN herdr::detect::manifest_update: agent detection manifest update failed: failed to fetch https://herdr.dev/agent-detection/index.toml
2026-08-15T21:35:11.150736Z  WARN herdr::logging: update check failed event="update.check.complete" subsystem="update" outcome="error" err="failed to fetch Homebrew formula JSON"
2026-08-15T22:04:53.986841Z  INFO herdr::logging: checking for updates event="update.check.start" subsystem="update" outcome="started"
2026-08-15T22:04:57.083171Z  WARN herdr::logging: update check failed event="update.check.complete" subsystem="update" outcome="error" err="failed to fetch Homebrew formula JSON"
2026-08-15T22:04:57.083356Z  WARN herdr::detect::manifest_update: agent detection manifest update failed: failed to fetch https://herdr.dev/agent-detection/index.toml
2026-08-15T22:34:53.987802Z  INFO herdr::logging: checking for updates event="update.check.start" subsystem="update" outcome="started"
2026-08-15T22:34:57.085140Z  WARN herdr::logging: update check failed event="update.check.complete" subsystem="update" outcome="error" err="failed to fetch Homebrew formula JSON"
2026-08-15T22:34:57.085547Z  WARN herdr::detect::manifest_update: agent detection manifest update failed: failed to fetch https://herdr.dev/agent-detection/index.toml
2026-08-15T23:19:09.593893Z  INFO herdr::logging: checking for updates event="update.check.start" subsystem="update" outcome="started"
2026-08-15T23:19:27.674519Z  WARN herdr::detect::manifest_update: agent detection manifest update failed: failed to fetch https://herdr.dev/agent-detection/index.toml
2026-08-15T23:19:27.684335Z  WARN herdr::logging: update check failed event="update.check.complete" subsystem="update" outcome="error" err="failed to fetch Homebrew formula JSON"
2026-08-15T23:49:09.598286Z  INFO herdr::logging: checking for updates event="update.check.start" subsystem="update" outcome="started"
2026-08-15T23:49:27.697475Z  WARN herdr::detect::manifest_update: agent detection manifest update failed: failed to fetch https://herdr.dev/agent-detection/index.toml
2026-08-15T23:49:27.698542Z  WARN herdr::logging: update check failed event="update.check.complete" subsystem="update" outcome="error" err="failed to fetch Homebrew formula JSON"
2026-08-16T00:19:09.601357Z  INFO herdr::logging: checking for updates event="update.check.start" subsystem="update" outcome="started"
2026-08-16T00:19:26.811454Z  WARN herdr::detect::manifest_update: agent detection manifest update failed: failed to fetch https://herdr.dev/agent-detection/index.toml
2026-08-16T00:19:26.821751Z  WARN herdr::logging: update check failed event="update.check.complete" subsystem="update" outcome="error" err="failed to fetch Homebrew formula JSON"
2026-08-16T00:49:09.603859Z  INFO herdr::logging: checking for updates event="update.check.start" subsystem="update" outcome="started"
2026-08-16T00:49:12.690042Z  WARN herdr::detect::manifest_update: agent detection manifest update failed: failed to fetch https://herdr.dev/agent-detection/index.toml
2026-08-16T00:49:12.690420Z  WARN herdr::logging: update check failed event="update.check.complete" subsystem="update" outcome="error" err="failed to fetch Homebrew formula JSON"
2026-08-16T01:35:25.645777Z  INFO herdr::logging: checking for updates event="update.check.start" subsystem="update" outcome="started"
2026-08-16T01:35:28.735358Z  WARN herdr::logging: update check failed event="update.check.complete" subsystem="update" outcome="error" err="failed to fetch Homebrew formula JSON"
2026-08-16T01:35:28.735424Z  WARN herdr::detect::manifest_update: agent detection manifest update failed: failed to fetch https://herdr.dev/agent-detection/index.toml
2026-08-16T02:05:25.648299Z  INFO herdr::logging: checking for updates event="update.check.start" subsystem="update" outcome="started"
2026-08-16T02:05:28.738220Z  WARN herdr::logging: update check failed event="update.check.complete" subsystem="update" outcome="error" err="failed to fetch Homebrew formula JSON"
2026-08-16T02:05:28.738935Z  WARN herdr::detect::manifest_update: agent detection manifest update failed: failed to fetch https://herdr.dev/agent-detection/index.toml
2026-08-16T02:53:08.076193Z  INFO herdr::logging: checking for updates event="update.check.start" subsystem="update" outcome="started"
2026-08-16T02:53:11.163639Z  WARN herdr::detect::manifest_update: agent detection manifest update failed: failed to fetch https://herdr.dev/agent-detection/index.toml
2026-08-16T02:53:11.163722Z  WARN herdr::logging: update check failed event="update.check.complete" subsystem="update" outcome="error" err="failed to fetch Homebrew formula JSON"
2026-08-16T03:23:08.154940Z  INFO herdr::logging: checking for updates event="update.check.start" subsystem="update" outcome="started"
2026-08-16T03:23:11.223733Z  WARN herdr::detect::manifest_update: agent detection manifest update failed: failed to fetch https://herdr.dev/agent-detection/index.toml
2026-08-16T03:23:11.224093Z  WARN herdr::logging: update check failed event="update.check.complete" subsystem="update" outcome="error" err="failed to fetch Homebrew formula JSON"
2026-08-16T04:09:46.248636Z  INFO herdr::logging: checking for updates event="update.check.start" subsystem="update" outcome="started"
2026-08-16T04:09:49.330586Z  WARN herdr::logging: update check failed event="update.check.complete" subsystem="update" outcome="error" err="failed to fetch Homebrew formula JSON"
2026-08-16T04:09:49.331068Z  WARN herdr::detect::manifest_update: agent detection manifest update failed: failed to fetch https://herdr.dev/agent-detection/index.toml
2026-08-16T04:39:46.258449Z  INFO herdr::logging: checking for updates event="update.check.start" subsystem="update" outcome="started"
2026-08-16T04:39:49.359392Z  WARN herdr::detect::manifest_update: agent detection manifest update failed: failed to fetch https://herdr.dev/agent-detection/index.toml
2026-08-16T04:39:49.359643Z  WARN herdr::logging: update check failed event="update.check.complete" subsystem="update" outcome="error" err="failed to fetch Homebrew formula JSON"
2026-08-16T05:26:51.966250Z  INFO herdr::logging: checking for updates event="update.check.start" subsystem="update" outcome="started"
2026-08-16T05:26:55.054012Z  WARN herdr::logging: update check failed event="update.check.complete" subsystem="update" outcome="error" err="failed to fetch Homebrew formula JSON"
2026-08-16T05:26:55.054268Z  WARN herdr::detect::manifest_update: agent detection manifest update failed: failed to fetch https://herdr.dev/agent-detection/index.toml
2026-08-16T05:56:51.973967Z  INFO herdr::logging: checking for updates event="update.check.start" subsystem="update" outcome="started"
2026-08-16T05:56:55.054433Z  WARN herdr::detect::manifest_update: agent detection manifest update failed: failed to fetch https://herdr.dev/agent-detection/index.toml
2026-08-16T05:56:55.060508Z  WARN herdr::logging: update check failed event="update.check.complete" subsystem="update" outcome="error" err="failed to fetch Homebrew formula JSON"
2026-08-16T06:26:51.986629Z  INFO herdr::logging: checking for updates event="update.check.start" subsystem="update" outcome="started"
2026-08-16T06:34:30.238252Z  WARN herdr::detect::manifest_update: agent detection manifest update failed: failed to fetch https://herdr.dev/agent-detection/index.toml
2026-08-16T06:34:30.238269Z  WARN herdr::logging: update check failed event="update.check.complete" subsystem="update" outcome="error" err="failed to fetch Homebrew formula JSON"
2026-08-16T07:04:15.503141Z  INFO herdr::logging: checking for updates event="update.check.start" subsystem="update" outcome="started"
2026-08-16T07:04:17.205934Z  WARN herdr::detect::manifest_update: skipping unknown remote manifest agent agent="qwen"
2026-08-16T07:34:15.513055Z  INFO herdr::logging: checking for updates event="update.check.start" subsystem="update" outcome="started"
2026-08-16T07:34:16.500711Z  WARN herdr::detect::manifest_update: skipping unknown remote manifest agent agent="qwen"
2026-08-16T08:04:15.530515Z  INFO herdr::logging: checking for updates event="update.check.start" subsystem="update" outcome="started"
2026-08-16T08:04:16.026482Z  WARN herdr::detect::manifest_update: skipping unknown remote manifest agent agent="qwen"
2026-08-16T08:34:15.537405Z  INFO herdr::logging: checking for updates event="update.check.start" subsystem="update" outcome="started"
2026-08-16T08:34:16.174247Z  WARN herdr::detect::manifest_update: skipping unknown remote manifest agent agent="qwen"
2026-08-16T09:04:15.555339Z  INFO herdr::logging: checking for updates event="update.check.start" subsystem="update" outcome="started"
2026-08-16T09:04:16.479505Z  WARN herdr::detect::manifest_update: skipping unknown remote manifest agent agent="qwen"
2026-08-16T09:34:15.569482Z  INFO herdr::logging: checking for updates event="update.check.start" subsystem="update" outcome="started"
2026-08-16T09:34:16.087132Z  WARN herdr::detect::manifest_update: skipping unknown remote manifest agent agent="qwen"
2026-08-16T10:04:15.586301Z  INFO herdr::logging: checking for updates event="update.check.start" subsystem="update" outcome="started"
2026-08-16T10:04:16.133481Z  WARN herdr::detect::manifest_update: skipping unknown remote manifest agent agent="qwen"
2026-08-16T10:34:15.594466Z  INFO herdr::logging: checking for updates event="update.check.start" subsystem="update" outcome="started"
2026-08-16T10:34:16.088459Z  WARN herdr::detect::manifest_update: skipping unknown remote manifest agent agent="qwen"
2026-08-16T11:04:15.598856Z  INFO herdr::logging: checking for updates event="update.check.start" subsystem="update" outcome="started"
2026-08-16T11:04:16.106851Z  WARN herdr::detect::manifest_update: skipping unknown remote manifest agent agent="qwen"
2026-08-16T11:36:08.879207Z  INFO herdr::logging: checking for updates event="update.check.start" subsystem="update" outcome="started"
2026-08-16T11:36:09.364267Z  WARN herdr::detect::manifest_update: skipping unknown remote manifest agent agent="qwen"
2026-08-16T12:06:08.886403Z  INFO herdr::logging: checking for updates event="update.check.start" subsystem="update" outcome="started"
2026-08-16T12:06:09.867144Z  WARN herdr::detect::manifest_update: skipping unknown remote manifest agent agent="qwen"
2026-08-16T12:36:08.895055Z  INFO herdr::logging: checking for updates event="update.check.start" subsystem="update" outcome="started"
2026-08-16T12:36:10.118591Z  WARN herdr::detect::manifest_update: skipping unknown remote manifest agent agent="qwen"
2026-08-16T13:06:08.903626Z  INFO herdr::logging: checking for updates event="update.check.start" subsystem="update" outcome="started"
2026-08-16T13:06:09.414975Z  WARN herdr::detect::manifest_update: skipping unknown remote manifest agent agent="qwen"
2026-08-16T13:36:08.911307Z  INFO herdr::logging: checking for updates event="update.check.start" subsystem="update" outcome="started"
2026-08-16T13:36:09.441933Z  WARN herdr::detect::manifest_update: skipping unknown remote manifest agent agent="qwen"
2026-08-16T15:16:28.276277Z  INFO herdr::logging: checking for updates event="update.check.start" subsystem="update" outcome="started"
2026-08-16T15:16:29.053563Z  WARN herdr::detect::manifest_update: skipping unknown remote manifest agent agent="qwen"
2026-08-16T16:05:45.616024Z  INFO herdr::logging: checking for updates event="update.check.start" subsystem="update" outcome="started"
2026-08-16T16:06:03.183660Z  WARN herdr::detect::manifest_update: agent detection manifest update failed: failed to fetch https://herdr.dev/agent-detection/index.toml
2026-08-16T16:06:03.187479Z  WARN herdr::logging: update check failed event="update.check.complete" subsystem="update" outcome="error" err="failed to fetch Homebrew formula JSON"
2026-08-16T16:35:45.626299Z  INFO herdr::logging: checking for updates event="update.check.start" subsystem="update" outcome="started"
2026-08-16T16:36:02.753084Z  WARN herdr::detect::manifest_update: agent detection manifest update failed: failed to fetch https://herdr.dev/agent-detection/index.toml
2026-08-16T16:36:02.757528Z  WARN herdr::logging: update check failed event="update.check.complete" subsystem="update" outcome="error" err="failed to fetch Homebrew formula JSON"
2026-08-16T17:05:45.630684Z  INFO herdr::logging: checking for updates event="update.check.start" subsystem="update" outcome="started"
2026-08-16T17:05:48.682469Z  WARN herdr::detect::manifest_update: agent detection manifest update failed: failed to fetch https://herdr.dev/agent-detection/index.toml
2026-08-16T17:05:48.682720Z  WARN herdr::logging: update check failed event="update.check.complete" subsystem="update" outcome="error" err="failed to fetch Homebrew formula JSON"
2026-08-16T18:38:33.007742Z  INFO herdr::logging: checking for updates event="update.check.start" subsystem="update" outcome="started"
2026-08-16T18:38:36.073543Z  WARN herdr::logging: update check failed event="update.check.complete" subsystem="update" outcome="error" err="failed to fetch Homebrew formula JSON"
2026-08-16T18:38:36.073626Z  WARN herdr::detect::manifest_update: agent detection manifest update failed: failed to fetch https://herdr.dev/agent-detection/index.toml
2026-08-16T19:08:33.014620Z  INFO herdr::logging: checking for updates event="update.check.start" subsystem="update" outcome="started"
2026-08-16T19:08:36.092373Z  WARN herdr::logging: update check failed event="update.check.complete" subsystem="update" outcome="error" err="failed to fetch Homebrew formula JSON"
2026-08-16T19:08:36.092577Z  WARN herdr::detect::manifest_update: agent detection manifest update failed: failed to fetch https://herdr.dev/agent-detection/index.toml
2026-08-16T19:55:17.161858Z  INFO herdr::logging: checking for updates event="update.check.start" subsystem="update" outcome="started"
2026-08-16T19:55:20.242254Z  WARN herdr::logging: update check failed event="update.check.complete" subsystem="update" outcome="error" err="failed to fetch Homebrew formula JSON"
2026-08-16T19:55:20.245719Z  WARN herdr::detect::manifest_update: agent detection manifest update failed: failed to fetch https://herdr.dev/agent-detection/index.toml
2026-08-16T20:25:17.171345Z  INFO herdr::logging: checking for updates event="update.check.start" subsystem="update" outcome="started"
2026-08-16T20:25:20.237230Z  WARN herdr::detect::manifest_update: agent detection manifest update failed: failed to fetch https://herdr.dev/agent-detection/index.toml
2026-08-16T20:25:20.237646Z  WARN herdr::logging: update check failed event="update.check.complete" subsystem="update" outcome="error" err="failed to fetch Homebrew formula JSON"
2026-08-16T21:14:05.699428Z  INFO herdr::logging: checking for updates event="update.check.start" subsystem="update" outcome="started"
2026-08-16T21:14:08.777697Z  WARN herdr::logging: update check failed event="update.check.complete" subsystem="update" outcome="error" err="failed to fetch Homebrew formula JSON"
2026-08-16T21:14:08.780045Z  WARN herdr::detect::manifest_update: agent detection manifest update failed: failed to fetch https://herdr.dev/agent-detection/index.toml
2026-08-16T21:44:05.704980Z  INFO herdr::logging: checking for updates event="update.check.start" subsystem="update" outcome="started"
2026-08-16T21:44:23.091920Z  WARN herdr::detect::manifest_update: agent detection manifest update failed: failed to fetch https://herdr.dev/agent-detection/index.toml
2026-08-16T21:44:23.100697Z  WARN herdr::logging: update check failed event="update.check.complete" subsystem="update" outcome="error" err="failed to fetch Homebrew formula JSON"
2026-08-16T22:14:05.711870Z  INFO herdr::logging: checking for updates event="update.check.start" subsystem="update" outcome="started"
2026-08-16T22:14:22.906068Z  WARN herdr::detect::manifest_update: agent detection manifest update failed: failed to fetch https://herdr.dev/agent-detection/index.toml
2026-08-16T22:14:22.908624Z  WARN herdr::logging: update check failed event="update.check.complete" subsystem="update" outcome="error" err="failed to fetch Homebrew formula JSON"
2026-08-16T22:44:05.717171Z  INFO herdr::logging: checking for updates event="update.check.start" subsystem="update" outcome="started"
2026-08-16T22:44:23.088546Z  WARN herdr::logging: update check failed event="update.check.complete" subsystem="update" outcome="error" err="failed to fetch Homebrew formula JSON"
2026-08-16T22:44:23.094253Z  WARN herdr::detect::manifest_update: agent detection manifest update failed: failed to fetch https://herdr.dev/agent-detection/index.toml
2026-08-16T23:14:05.724938Z  INFO herdr::logging: checking for updates event="update.check.start" subsystem="update" outcome="started"
2026-08-16T23:14:22.840232Z  WARN herdr::logging: update check failed event="update.check.complete" subsystem="update" outcome="error" err="failed to fetch Homebrew formula JSON"
2026-08-16T23:14:22.840630Z  WARN herdr::detect::manifest_update: agent detection manifest update failed: failed to fetch https://herdr.dev/agent-detection/index.toml
2026-08-16T23:44:05.736643Z  INFO herdr::logging: checking for updates event="update.check.start" subsystem="update" outcome="started"
2026-08-16T23:44:22.975338Z  WARN herdr::detect::manifest_update: agent detection manifest update failed: failed to fetch https://herdr.dev/agent-detection/index.toml
2026-08-16T23:44:22.975356Z  WARN herdr::logging: update check failed event="update.check.complete" subsystem="update" outcome="error" err="failed to fetch Homebrew formula JSON"
2026-08-17T00:14:05.746181Z  INFO herdr::logging: checking for updates event="update.check.start" subsystem="update" outcome="started"
2026-08-17T00:14:22.828763Z  WARN herdr::detect::manifest_update: agent detection manifest update failed: failed to fetch https://herdr.dev/agent-detection/index.toml
2026-08-17T00:14:22.829269Z  WARN herdr::logging: update check failed event="update.check.complete" subsystem="update" outcome="error" err="failed to fetch Homebrew formula JSON"
2026-08-17T01:08:33.274698Z  INFO herdr::logging: checking for updates event="update.check.start" subsystem="update" outcome="started"
2026-08-17T01:08:33.864504Z  WARN herdr::detect::manifest_update: skipping unknown remote manifest agent agent="qwen"
2026-08-17T01:38:33.214363Z  INFO herdr::logging: checking for updates event="update.check.start" subsystem="update" outcome="started"
2026-08-17T01:38:33.747136Z  WARN herdr::detect::manifest_update: skipping unknown remote manifest agent agent="qwen"
2026-08-17T02:08:33.220766Z  INFO herdr::logging: checking for updates event="update.check.start" subsystem="update" outcome="started"
2026-08-17T02:08:33.739064Z  WARN herdr::detect::manifest_update: skipping unknown remote manifest agent agent="qwen"
2026-08-17T02:56:26.692948Z  INFO herdr::logging: checking for updates event="update.check.start" subsystem="update" outcome="started"
2026-08-17T02:56:27.237186Z  WARN herdr::detect::manifest_update: skipping unknown remote manifest agent agent="qwen"
2026-08-17T03:26:26.703655Z  INFO herdr::logging: checking for updates event="update.check.start" subsystem="update" outcome="started"
2026-08-17T03:26:28.193287Z  WARN herdr::detect::manifest_update: skipping unknown remote manifest agent agent="qwen"
2026-08-17T04:08:43.739898Z  INFO herdr::logging: checking for updates event="update.check.start" subsystem="update" outcome="started"
2026-08-17T04:08:45.015992Z  WARN herdr::detect::manifest_update: skipping unknown remote manifest agent agent="qwen"
2026-08-17T04:56:43.867874Z  INFO herdr::logging: checking for updates event="update.check.start" subsystem="update" outcome="started"
2026-08-17T04:56:56.691080Z  WARN herdr::detect::manifest_update: skipping unknown remote manifest agent agent="qwen"
2026-08-17T05:26:43.871418Z  INFO herdr::logging: checking for updates event="update.check.start" subsystem="update" outcome="started"
2026-08-17T05:26:46.912236Z  WARN herdr::detect::manifest_update: skipping unknown remote manifest agent agent="qwen"
2026-08-17T06:06:13.144641Z  INFO herdr::logging: checking for updates event="update.check.start" subsystem="update" outcome="started"
2026-08-17T06:06:13.793499Z  WARN herdr::detect::manifest_update: skipping unknown remote manifest agent agent="qwen"
2026-08-17T06:36:13.156678Z  INFO herdr::logging: checking for updates event="update.check.start" subsystem="update" outcome="started"
2026-08-17T06:36:14.288088Z  WARN herdr::detect::manifest_update: skipping unknown remote manifest agent agent="qwen"
2026-08-17T07:06:13.162092Z  INFO herdr::logging: checking for updates event="update.check.start" subsystem="update" outcome="started"
2026-08-17T07:06:13.749677Z  WARN herdr::detect::manifest_update: skipping unknown remote manifest agent agent="qwen"
2026-08-17T07:36:13.169115Z  INFO herdr::logging: checking for updates event="update.check.start" subsystem="update" outcome="started"
2026-08-17T07:36:13.761668Z  WARN herdr::detect::manifest_update: skipping unknown remote manifest agent agent="qwen"
2026-08-17T08:06:13.178044Z  INFO herdr::logging: checking for updates event="update.check.start" subsystem="update" outcome="started"
2026-08-17T08:06:13.697465Z  WARN herdr::detect::manifest_update: skipping unknown remote manifest agent agent="qwen"
2026-08-17T08:36:13.189115Z  INFO herdr::logging: checking for updates event="update.check.start" subsystem="update" outcome="started"
2026-08-17T08:36:14.790654Z  WARN herdr::detect::manifest_update: skipping unknown remote manifest agent agent="qwen"
2026-08-17T09:06:13.196892Z  INFO herdr::logging: checking for updates event="update.check.start" subsystem="update" outcome="started"
2026-08-17T09:06:13.964307Z  WARN herdr::detect::manifest_update: skipping unknown remote manifest agent agent="qwen"
2026-08-17T09:36:13.204546Z  INFO herdr::logging: checking for updates event="update.check.start" subsystem="update" outcome="started"
2026-08-17T09:36:14.782274Z  WARN herdr::detect::manifest_update: skipping unknown remote manifest agent agent="qwen"
2026-08-17T10:06:13.210838Z  INFO herdr::logging: checking for updates event="update.check.start" subsystem="update" outcome="started"
2026-08-17T10:06:14.917917Z  WARN herdr::detect::manifest_update: skipping unknown remote manifest agent agent="qwen"
2026-08-17T10:36:13.217645Z  INFO herdr::logging: checking for updates event="update.check.start" subsystem="update" outcome="started"
2026-08-17T10:36:14.042978Z  WARN herdr::detect::manifest_update: skipping unknown remote manifest agent agent="qwen"
2026-08-17T11:06:13.221482Z  INFO herdr::logging: checking for updates event="update.check.start" subsystem="update" outcome="started"
2026-08-17T11:06:15.270093Z  WARN herdr::detect::manifest_update: skipping unknown remote manifest agent agent="qwen"
2026-08-17T11:36:13.228595Z  INFO herdr::logging: checking for updates event="update.check.start" subsystem="update" outcome="started"
2026-08-17T11:36:13.979616Z  WARN herdr::detect::manifest_update: skipping unknown remote manifest agent agent="qwen"
2026-08-17T12:06:13.230866Z  INFO herdr::logging: checking for updates event="update.check.start" subsystem="update" outcome="started"
2026-08-17T12:06:13.798409Z  WARN herdr::detect::manifest_update: skipping unknown remote manifest agent agent="qwen"
2026-08-17T12:36:13.240888Z  INFO herdr::logging: checking for updates event="update.check.start" subsystem="update" outcome="started"
2026-08-17T12:36:13.784403Z  WARN herdr::detect::manifest_update: skipping unknown remote manifest agent agent="qwen"
2026-08-17T12:37:07.971479Z  WARN herdr::detect::manifest_update: agent detection manifest update failed for agent agent="gemini" error=fetch failed: failed to fetch https://herdr.dev/agent-detection/gemini.toml
2026-08-17T13:06:13.245918Z  INFO herdr::logging: checking for updates event="update.check.start" subsystem="update" outcome="started"
2026-08-17T13:06:13.899352Z  WARN herdr::detect::manifest_update: skipping unknown remote manifest agent agent="qwen"
2026-08-17T13:36:13.259418Z  INFO herdr::logging: checking for updates event="update.check.start" subsystem="update" outcome="started"
2026-08-17T13:36:13.995152Z  WARN herdr::detect::manifest_update: skipping unknown remote manifest agent agent="qwen"
2026-08-17T14:06:13.264864Z  INFO herdr::logging: checking for updates event="update.check.start" subsystem="update" outcome="started"
2026-08-17T14:06:34.196669Z  WARN herdr::detect::manifest_update: skipping unknown remote manifest agent agent="qwen"
2026-08-17T14:36:13.273752Z  INFO herdr::logging: checking for updates event="update.check.start" subsystem="update" outcome="started"
2026-08-17T14:36:15.209516Z  WARN herdr::detect::manifest_update: skipping unknown remote manifest agent agent="qwen"
2026-08-17T15:06:13.287066Z  INFO herdr::logging: checking for updates event="update.check.start" subsystem="update" outcome="started"
2026-08-17T15:06:14.083202Z  WARN herdr::detect::manifest_update: skipping unknown remote manifest agent agent="qwen"
2026-08-17T15:36:13.292509Z  INFO herdr::logging: checking for updates event="update.check.start" subsystem="update" outcome="started"
2026-08-17T15:36:16.377761Z  WARN herdr::detect::manifest_update: agent detection manifest update failed: failed to fetch https://herdr.dev/agent-detection/index.toml
2026-08-17T15:36:16.377937Z  WARN herdr::logging: update check failed event="update.check.complete" subsystem="update" outcome="error" err="failed to fetch Homebrew formula JSON"
2026-08-17T16:23:33.018117Z  INFO herdr::logging: checking for updates event="update.check.start" subsystem="update" outcome="started"
2026-08-17T16:23:36.116561Z  WARN herdr::logging: update check failed event="update.check.complete" subsystem="update" outcome="error" err="failed to fetch Homebrew formula JSON"
2026-08-17T16:23:36.116624Z  WARN herdr::detect::manifest_update: agent detection manifest update failed: failed to fetch https://herdr.dev/agent-detection/index.toml
2026-08-17T16:53:33.021558Z  INFO herdr::logging: checking for updates event="update.check.start" subsystem="update" outcome="started"
2026-08-17T16:53:36.110396Z  WARN herdr::logging: update check failed event="update.check.complete" subsystem="update" outcome="error" err="failed to fetch Homebrew formula JSON"
2026-08-17T16:53:36.113489Z  WARN herdr::detect::manifest_update: agent detection manifest update failed: failed to fetch https://herdr.dev/agent-detection/index.toml
2026-08-17T17:55:08.909777Z  INFO herdr::logging: checking for updates event="update.check.start" subsystem="update" outcome="started"
2026-08-17T17:55:11.984800Z  WARN herdr::detect::manifest_update: agent detection manifest update failed: failed to fetch https://herdr.dev/agent-detection/index.toml
2026-08-17T17:55:11.985209Z  WARN herdr::logging: update check failed event="update.check.complete" subsystem="update" outcome="error" err="failed to fetch Homebrew formula JSON"
2026-08-17T18:25:08.913047Z  INFO herdr::logging: checking for updates event="update.check.start" subsystem="update" outcome="started"
2026-08-17T18:25:26.167883Z  WARN herdr::logging: update check failed event="update.check.complete" subsystem="update" outcome="error" err="failed to fetch Homebrew formula JSON"
2026-08-17T18:25:26.168258Z  WARN herdr::detect::manifest_update: agent detection manifest update failed: failed to fetch https://herdr.dev/agent-detection/index.toml
2026-08-17T18:55:08.919570Z  INFO herdr::logging: checking for updates event="update.check.start" subsystem="update" outcome="started"
2026-08-17T18:55:12.010226Z  WARN herdr::detect::manifest_update: agent detection manifest update failed: failed to fetch https://herdr.dev/agent-detection/index.toml
2026-08-17T18:55:12.010226Z  WARN herdr::logging: update check failed event="update.check.complete" subsystem="update" outcome="error" err="failed to fetch Homebrew formula JSON"
2026-08-17T19:35:05.521614Z  INFO herdr::logging: checking for updates event="update.check.start" subsystem="update" outcome="started"
2026-08-17T19:35:08.596126Z  WARN herdr::logging: update check failed event="update.check.complete" subsystem="update" outcome="error" err="failed to fetch Homebrew formula JSON"
2026-08-17T19:35:08.599476Z  WARN herdr::detect::manifest_update: agent detection manifest update failed: failed to fetch https://herdr.dev/agent-detection/index.toml
2026-08-17T20:05:05.527771Z  INFO herdr::logging: checking for updates event="update.check.start" subsystem="update" outcome="started"
2026-08-17T20:05:08.600890Z  WARN herdr::detect::manifest_update: agent detection manifest update failed: failed to fetch https://herdr.dev/agent-detection/index.toml
2026-08-17T20:05:08.605619Z  WARN herdr::logging: update check failed event="update.check.complete" subsystem="update" outcome="error" err="failed to fetch Homebrew formula JSON"
2026-08-17T20:50:57.659661Z  INFO herdr::logging: checking for updates event="update.check.start" subsystem="update" outcome="started"
2026-08-17T20:51:00.756952Z  WARN herdr::logging: update check failed event="update.check.complete" subsystem="update" outcome="error" err="failed to fetch Homebrew formula JSON"
2026-08-17T20:51:00.758681Z  WARN herdr::detect::manifest_update: agent detection manifest update failed: failed to fetch https://herdr.dev/agent-detection/index.toml
2026-08-17T21:20:57.665704Z  INFO herdr::logging: checking for updates event="update.check.start" subsystem="update" outcome="started"
2026-08-17T21:21:00.737713Z  WARN herdr::logging: update check failed event="update.check.complete" subsystem="update" outcome="error" err="failed to fetch Homebrew formula JSON"
2026-08-17T21:21:00.738462Z  WARN herdr::detect::manifest_update: agent detection manifest update failed: failed to fetch https://herdr.dev/agent-detection/index.toml
2026-08-17T22:06:38.291583Z  INFO herdr::logging: checking for updates event="update.check.start" subsystem="update" outcome="started"
2026-08-17T22:06:55.495475Z  WARN herdr::logging: update check failed event="update.check.complete" subsystem="update" outcome="error" err="failed to fetch Homebrew formula JSON"
2026-08-17T22:06:55.499948Z  WARN herdr::detect::manifest_update: agent detection manifest update failed: failed to fetch https://herdr.dev/agent-detection/index.toml
2026-08-17T22:36:38.299774Z  INFO herdr::logging: checking for updates event="update.check.start" subsystem="update" outcome="started"
2026-08-17T22:36:55.537053Z  WARN herdr::detect::manifest_update: agent detection manifest update failed: failed to fetch https://herdr.dev/agent-detection/index.toml
2026-08-17T22:36:55.540648Z  WARN herdr::logging: update check failed event="update.check.complete" subsystem="update" outcome="error" err="failed to fetch Homebrew formula JSON"
2026-08-17T23:06:38.306602Z  INFO herdr::logging: checking for updates event="update.check.start" subsystem="update" outcome="started"
2026-08-17T23:06:55.410563Z  WARN herdr::detect::manifest_update: agent detection manifest update failed: failed to fetch https://herdr.dev/agent-detection/index.toml
2026-08-17T23:06:55.436994Z  WARN herdr::logging: update check failed event="update.check.complete" subsystem="update" outcome="error" err="failed to fetch Homebrew formula JSON"
2026-08-17T23:36:38.315989Z  INFO herdr::logging: checking for updates event="update.check.start" subsystem="update" outcome="started"
2026-08-17T23:36:55.423713Z  WARN herdr::logging: update check failed event="update.check.complete" subsystem="update" outcome="error" err="failed to fetch Homebrew formula JSON"
2026-08-17T23:36:55.428801Z  WARN herdr::detect::manifest_update: agent detection manifest update failed: failed to fetch https://herdr.dev/agent-detection/index.toml
2026-08-18T08:08:28.175701Z  INFO herdr::logging: checking for updates event="update.check.start" subsystem="update" outcome="started"
2026-08-18T08:08:28.339886Z  WARN herdr::detect::manifest_update: skipping unknown remote manifest agent agent="qwen"
2026-08-18T08:38:28.183098Z  INFO herdr::logging: checking for updates event="update.check.start" subsystem="update" outcome="started"
2026-08-18T08:38:28.313443Z  WARN herdr::detect::manifest_update: skipping unknown remote manifest agent agent="qwen"
2026-08-18T09:08:28.191873Z  INFO herdr::logging: checking for updates event="update.check.start" subsystem="update" outcome="started"
2026-08-18T09:08:28.344459Z  WARN herdr::detect::manifest_update: skipping unknown remote manifest agent agent="qwen"
2026-08-18T09:38:28.197942Z  INFO herdr::logging: checking for updates event="update.check.start" subsystem="update" outcome="started"
2026-08-18T09:38:28.393134Z  WARN herdr::detect::manifest_update: skipping unknown remote manifest agent agent="qwen"
2026-08-18T10:08:28.200791Z  INFO herdr::logging: checking for updates event="update.check.start" subsystem="update" outcome="started"
2026-08-18T10:08:28.348670Z  WARN herdr::detect::manifest_update: skipping unknown remote manifest agent agent="qwen"
2026-08-18T10:38:28.204380Z  INFO herdr::logging: checking for updates event="update.check.start" subsystem="update" outcome="started"
2026-08-18T10:38:28.361531Z  WARN herdr::detect::manifest_update: skipping unknown remote manifest agent agent="qwen"
2026-08-18T11:08:28.209522Z  INFO herdr::logging: checking for updates event="update.check.start" subsystem="update" outcome="started"
2026-08-18T11:08:28.371531Z  WARN herdr::detect::manifest_update: skipping unknown remote manifest agent agent="qwen"
2026-08-18T11:38:28.222309Z  INFO herdr::logging: checking for updates event="update.check.start" subsystem="update" outcome="started"
2026-08-18T11:38:28.378627Z  WARN herdr::detect::manifest_update: skipping unknown remote manifest agent agent="qwen"
2026-08-18T12:08:28.230170Z  INFO herdr::logging: checking for updates event="update.check.start" subsystem="update" outcome="started"
2026-08-18T12:08:28.455986Z  WARN herdr::detect::manifest_update: skipping unknown remote manifest agent agent="qwen"
2026-08-18T12:38:28.244059Z  INFO herdr::logging: checking for updates event="update.check.start" subsystem="update" outcome="started"
2026-08-18T12:38:28.404813Z  WARN herdr::detect::manifest_update: skipping unknown remote manifest agent agent="qwen"
2026-08-18T14:36:36.749160Z  INFO herdr::logging: checking for updates event="update.check.start" subsystem="update" outcome="started"
2026-08-18T14:36:37.155424Z  WARN herdr::detect::manifest_update: skipping unknown remote manifest agent agent="qwen"
2026-08-18T15:06:36.740581Z  INFO herdr::logging: checking for updates event="update.check.start" subsystem="update" outcome="started"
2026-08-18T15:06:36.956274Z  WARN herdr::detect::manifest_update: skipping unknown remote manifest agent agent="qwen"
2026-08-18T15:36:36.781025Z  INFO herdr::logging: checking for updates event="update.check.start" subsystem="update" outcome="started"
2026-08-18T15:36:37.204932Z  WARN herdr::detect::manifest_update: skipping unknown remote manifest agent agent="qwen"
2026-08-18T16:06:36.760692Z  INFO herdr::logging: checking for updates event="update.check.start" subsystem="update" outcome="started"
2026-08-18T16:06:36.991331Z  WARN herdr::detect::manifest_update: skipping unknown remote manifest agent agent="qwen"
2026-08-18T16:36:36.781119Z  INFO herdr::logging: checking for updates event="update.check.start" subsystem="update" outcome="started"
2026-08-18T16:36:36.977307Z  WARN herdr::detect::manifest_update: skipping unknown remote manifest agent agent="qwen"
2026-08-18T17:06:36.790547Z  INFO herdr::logging: checking for updates event="update.check.start" subsystem="update" outcome="started"
2026-08-18T17:06:36.943151Z  WARN herdr::detect::manifest_update: skipping unknown remote manifest agent agent="qwen"
2026-08-18T17:36:36.793577Z  INFO herdr::logging: checking for updates event="update.check.start" subsystem="update" outcome="started"
2026-08-18T17:36:37.050006Z  WARN herdr::detect::manifest_update: skipping unknown remote manifest agent agent="qwen"
2026-08-18T18:06:36.801523Z  INFO herdr::logging: checking for updates event="update.check.start" subsystem="update" outcome="started"
2026-08-18T18:06:37.012917Z  WARN herdr::detect::manifest_update: skipping unknown remote manifest agent agent="qwen"
2026-08-18T18:36:36.811959Z  INFO herdr::logging: checking for updates event="update.check.start" subsystem="update" outcome="started"
2026-08-18T18:36:36.971177Z  WARN herdr::detect::manifest_update: skipping unknown remote manifest agent agent="qwen"
2026-08-18T19:06:36.816851Z  INFO herdr::logging: checking for updates event="update.check.start" subsystem="update" outcome="started"
2026-08-18T19:06:36.951292Z  WARN herdr::detect::manifest_update: skipping unknown remote manifest agent agent="qwen"
2026-08-18T19:36:36.829302Z  INFO herdr::logging: checking for updates event="update.check.start" subsystem="update" outcome="started"
2026-08-18T19:36:37.014131Z  WARN herdr::detect::manifest_update: skipping unknown remote manifest agent agent="qwen"
2026-08-18T20:06:36.838576Z  INFO herdr::logging: checking for updates event="update.check.start" subsystem="update" outcome="started"
2026-08-18T20:06:36.990653Z  WARN herdr::detect::manifest_update: skipping unknown remote manifest agent agent="qwen"
2026-08-18T20:36:36.846865Z  INFO herdr::logging: checking for updates event="update.check.start" subsystem="update" outcome="started"
2026-08-18T20:36:37.045455Z  WARN herdr::detect::manifest_update: skipping unknown remote manifest agent agent="qwen"
2026-08-18T21:06:36.848648Z  INFO herdr::logging: checking for updates event="update.check.start" subsystem="update" outcome="started"
2026-08-18T21:06:37.050110Z  WARN herdr::detect::manifest_update: skipping unknown remote manifest agent agent="qwen"
2026-08-18T21:36:36.853684Z  INFO herdr::logging: checking for updates event="update.check.start" subsystem="update" outcome="started"
2026-08-18T21:36:37.006993Z  WARN herdr::detect::manifest_update: skipping unknown remote manifest agent agent="qwen"
2026-08-18T22:06:36.869015Z  INFO herdr::logging: checking for updates event="update.check.start" subsystem="update" outcome="started"
2026-08-18T22:06:37.043328Z  WARN herdr::detect::manifest_update: skipping unknown remote manifest agent agent="qwen"
2026-08-18T22:36:36.871029Z  INFO herdr::logging: checking for updates event="update.check.start" subsystem="update" outcome="started"
2026-08-18T22:36:37.055928Z  WARN herdr::detect::manifest_update: skipping unknown remote manifest agent agent="qwen"
2026-08-18T23:06:36.873089Z  INFO herdr::logging: checking for updates event="update.check.start" subsystem="update" outcome="started"
2026-08-18T23:06:37.022286Z  WARN herdr::detect::manifest_update: skipping unknown remote manifest agent agent="qwen"
2026-08-18T23:36:36.880482Z  INFO herdr::logging: checking for updates event="update.check.start" subsystem="update" outcome="started"
2026-08-18T23:36:37.059214Z  WARN herdr::detect::manifest_update: skipping unknown remote manifest agent agent="qwen"
2026-08-19T00:06:36.886553Z  INFO herdr::logging: checking for updates event="update.check.start" subsystem="update" outcome="started"
2026-08-19T00:06:37.092715Z  WARN herdr::detect::manifest_update: skipping unknown remote manifest agent agent="qwen"
2026-08-19T00:36:36.892197Z  INFO herdr::logging: checking for updates event="update.check.start" subsystem="update" outcome="started"
2026-08-19T00:36:37.438149Z  WARN herdr::detect::manifest_update: skipping unknown remote manifest agent agent="qwen"
2026-08-19T01:06:36.899960Z  INFO herdr::logging: checking for updates event="update.check.start" subsystem="update" outcome="started"
2026-08-19T01:06:37.078933Z  WARN herdr::detect::manifest_update: skipping unknown remote manifest agent agent="qwen"
2026-08-19T01:36:36.925535Z  INFO herdr::logging: checking for updates event="update.check.start" subsystem="update" outcome="started"
2026-08-19T01:36:37.110917Z  WARN herdr::detect::manifest_update: skipping unknown remote manifest agent agent="qwen"
2026-08-19T02:06:36.940860Z  INFO herdr::logging: checking for updates event="update.check.start" subsystem="update" outcome="started"
2026-08-19T02:06:37.124924Z  WARN herdr::detect::manifest_update: skipping unknown remote manifest agent agent="qwen"
2026-08-19T02:36:36.955575Z  INFO herdr::logging: checking for updates event="update.check.start" subsystem="update" outcome="started"
2026-08-19T02:36:37.170501Z  WARN herdr::detect::manifest_update: skipping unknown remote manifest agent agent="qwen"
2026-08-19T03:06:36.984050Z  INFO herdr::logging: checking for updates event="update.check.start" subsystem="update" outcome="started"
2026-08-19T03:06:37.132554Z  WARN herdr::detect::manifest_update: skipping unknown remote manifest agent agent="qwen"
2026-08-19T03:36:36.997375Z  INFO herdr::logging: checking for updates event="update.check.start" subsystem="update" outcome="started"
2026-08-19T03:36:37.191212Z  WARN herdr::detect::manifest_update: skipping unknown remote manifest agent agent="qwen"
2026-08-19T04:06:37.011948Z  INFO herdr::logging: checking for updates event="update.check.start" subsystem="update" outcome="started"
2026-08-19T04:06:37.219437Z  WARN herdr::detect::manifest_update: skipping unknown remote manifest agent agent="qwen"
2026-08-19T04:36:37.027422Z  INFO herdr::logging: checking for updates event="update.check.start" subsystem="update" outcome="started"
2026-08-19T04:36:37.241493Z  WARN herdr::detect::manifest_update: skipping unknown remote manifest agent agent="qwen"
2026-08-19T04:58:42.188872Z  INFO herdr::logging: workspace focused event="workspace.focus" subsystem="workspace" outcome="ok" workspace_id="wE"
2026-08-19T04:58:42.189690Z  INFO herdr::logging: tab focused event="tab.focus" subsystem="tab" outcome="ok" workspace_id="wE" tab_id="wE:t1"
2026-08-19T04:58:42.793433Z  INFO herdr::logging: workspace focused event="workspace.focus" subsystem="workspace" outcome="ok" workspace_id="w9"
2026-08-19T04:58:42.793497Z  INFO herdr::logging: tab focused event="tab.focus" subsystem="tab" outcome="ok" workspace_id="w9" tab_id="w9:t1"
2026-08-19T04:58:43.537441Z  INFO herdr::logging: workspace focused event="workspace.focus" subsystem="workspace" outcome="ok" workspace_id="wA"
2026-08-19T04:58:43.537516Z  INFO herdr::logging: tab focused event="tab.focus" subsystem="tab" outcome="ok" workspace_id="wA" tab_id="wA:t1"
2026-08-19T04:58:44.317167Z  INFO herdr::logging: workspace focused event="workspace.focus" subsystem="workspace" outcome="ok" workspace_id="wD"
2026-08-19T04:58:44.317231Z  INFO herdr::logging: tab focused event="tab.focus" subsystem="tab" outcome="ok" workspace_id="wD" tab_id="wD:t1"
2026-08-19T04:58:45.403676Z  INFO herdr::logging: workspace focused event="workspace.focus" subsystem="workspace" outcome="ok" workspace_id="w8"
2026-08-19T04:58:45.403748Z  INFO herdr::logging: tab focused event="tab.focus" subsystem="tab" outcome="ok" workspace_id="w8" tab_id="w8:t1"
2026-08-19T04:58:45.976499Z  INFO herdr::logging: workspace focused event="workspace.focus" subsystem="workspace" outcome="ok" workspace_id="w7"
2026-08-19T04:58:45.976635Z  INFO herdr::logging: tab focused event="tab.focus" subsystem="tab" outcome="ok" workspace_id="w7" tab_id="w7:t1"
2026-08-19T04:58:46.500530Z  INFO herdr::logging: workspace focused event="workspace.focus" subsystem="workspace" outcome="ok" workspace_id="w6"
2026-08-19T04:58:46.500593Z  INFO herdr::logging: tab focused event="tab.focus" subsystem="tab" outcome="ok" workspace_id="w6" tab_id="w6:t1"
2026-08-19T04:58:47.494985Z  INFO herdr::logging: workspace focused event="workspace.focus" subsystem="workspace" outcome="ok" workspace_id="w8"
2026-08-19T04:58:47.495063Z  INFO herdr::logging: tab focused event="tab.focus" subsystem="tab" outcome="ok" workspace_id="w8" tab_id="w8:t1"
2026-08-19T04:58:52.503665Z  INFO herdr::logging: session saved event="persist.save" subsystem="persist" outcome="ok" path=/Users/jason/.config/herdr/session.json workspaces=7
2026-08-19T04:58:57.421617Z  INFO herdr::server::headless: client detached client_id=2
2026-08-19T04:58:57.430807Z  INFO herdr::server::headless: client disconnected client_id=2
2026-08-19T05:00:46.538819Z  INFO herdr::server::headless: server shutdown initiated
2026-08-19T05:00:46.559192Z  INFO herdr::logging: pane child exited event="pane.exit" subsystem="pane" outcome="completed" pane_id=1 status="ExitStatus { code: 1, signal: Some(\"Terminated: 15\") }"
2026-08-19T05:00:46.559197Z  INFO herdr::logging: pane child exited event="pane.exit" subsystem="pane" outcome="completed" pane_id=12 status="ExitStatus { code: 1, signal: Some(\"Terminated: 15\") }"
2026-08-19T05:00:46.559330Z  INFO herdr::logging: pane child exited event="pane.exit" subsystem="pane" outcome="completed" pane_id=4 status="ExitStatus { code: 1, signal: Some(\"Terminated: 15\") }"
2026-08-19T05:00:46.559347Z  INFO herdr::logging: pane child exited event="pane.exit" subsystem="pane" outcome="completed" pane_id=5 status="ExitStatus { code: 1, signal: Some(\"Terminated: 15\") }"
2026-08-19T05:00:46.559402Z  INFO herdr::logging: pane child exited event="pane.exit" subsystem="pane" outcome="completed" pane_id=2 status="ExitStatus { code: 1, signal: Some(\"Terminated: 15\") }"
2026-08-19T05:00:46.559431Z  INFO herdr::logging: pane child exited event="pane.exit" subsystem="pane" outcome="completed" pane_id=6 status="ExitStatus { code: 1, signal: Some(\"Terminated: 15\") }"
2026-08-19T05:00:46.559327Z  INFO herdr::logging: pane child exited event="pane.exit" subsystem="pane" outcome="completed" pane_id=3 status="ExitStatus { code: 1, signal: Some(\"Terminated: 15\") }"
2026-08-19T05:00:46.559213Z  INFO herdr::logging: pane child exited event="pane.exit" subsystem="pane" outcome="completed" pane_id=11 status="ExitStatus { code: 1, signal: Some(\"Terminated: 15\") }"
2026-08-19T05:00:46.559329Z  INFO herdr::logging: pane child exited event="pane.exit" subsystem="pane" outcome="completed" pane_id=8 status="ExitStatus { code: 1, signal: Some(\"Terminated: 15\") }"
2026-08-19T05:00:46.559331Z  INFO herdr::logging: pane child exited event="pane.exit" subsystem="pane" outcome="completed" pane_id=10 status="ExitStatus { code: 1, signal: Some(\"Terminated: 15\") }"
2026-08-19T05:00:46.559358Z  INFO herdr::logging: pane child exited event="pane.exit" subsystem="pane" outcome="completed" pane_id=9 status="ExitStatus { code: 1, signal: Some(\"Terminated: 15\") }"
2026-08-19T05:00:46.560092Z  INFO herdr::logging: pane child exited event="pane.exit" subsystem="pane" outcome="completed" pane_id=7 status="ExitStatus { code: 1, signal: Some(\"Terminated: 15\") }"
2026-08-19T05:00:46.598074Z  INFO herdr::server::headless: completing server shutdown
2026-08-19T05:00:46.603415Z  INFO herdr::logging: session saved event="persist.save" subsystem="persist" outcome="ok" path=/Users/jason/.config/herdr/session.json workspaces=7
2026-08-19T05:00:46.603509Z  INFO herdr::server::headless: headless server exiting
2026-08-19T05:00:46.607606Z  INFO herdr::pane: pane session terminated pane=11 pid=54774 signal=Hangup
2026-08-19T05:00:46.610429Z  INFO herdr::pane: pane session terminated pane=1 pid=54764 signal=Hangup
2026-08-19T05:00:46.610500Z  INFO herdr::pane: pane session terminated pane=4 pid=54767 signal=Hangup
2026-08-19T05:00:46.610545Z  INFO herdr::pane: pane session terminated pane=2 pid=54765 signal=Hangup
2026-08-19T05:00:46.610632Z  INFO herdr::pane: pane session terminated pane=5 pid=54768 signal=Hangup
2026-08-19T05:00:46.610667Z  INFO herdr::pane: pane session terminated pane=3 pid=54766 signal=Hangup
2026-08-19T05:00:46.610705Z  INFO herdr::pane: pane session terminated pane=9 pid=54772 signal=Hangup
2026-08-19T05:00:46.610730Z  INFO herdr::pane: pane session terminated pane=10 pid=54773 signal=Hangup
2026-08-19T05:00:46.610764Z  INFO herdr::pane: pane session terminated pane=12 pid=58095 signal=Hangup
2026-08-19T05:00:46.610807Z  INFO herdr::pane: pane session terminated pane=6 pid=54769 signal=Hangup
2026-08-19T05:00:46.610845Z  INFO herdr::pane: pane session terminated pane=8 pid=54771 signal=Hangup
2026-08-19T05:00:46.611111Z  INFO herdr::pane: pane session terminated pane=7 pid=54770 signal=Hangup
2026-08-19T05:00:46.614211Z  INFO herdr::logging: herdr exiting event="app.shutdown" subsystem="server" outcome="completed" pid=54763
2026-08-19T06:44:41.127237Z  INFO herdr::platform::macos: raised server file descriptor soft limit previous=256 target=8192
2026-08-19T06:44:41.128166Z  INFO herdr::api::server: api server listening path=/Users/jason/.config/herdr/herdr.sock
2026-08-19T06:44:41.131570Z  INFO herdr::logging: spawning pane terminal event="pane.spawn.start" subsystem="pane" outcome="started" pane_id=1 rows=24 cols=80 scrollback_limit_bytes=10000000
2026-08-19T06:44:41.138922Z  INFO herdr::logging: pane child spawned event="pane.spawned" subsystem="pane" outcome="ok" pane_id=1 pid=29696
2026-08-19T06:44:41.139456Z  INFO herdr::logging: spawning pane terminal event="pane.spawn.start" subsystem="pane" outcome="started" pane_id=2 rows=24 cols=80 scrollback_limit_bytes=10000000
2026-08-19T06:44:41.142702Z  INFO herdr::logging: pane child spawned event="pane.spawned" subsystem="pane" outcome="ok" pane_id=2 pid=29697
2026-08-19T06:44:41.143339Z  INFO herdr::logging: spawning pane terminal event="pane.spawn.start" subsystem="pane" outcome="started" pane_id=3 rows=24 cols=80 scrollback_limit_bytes=10000000
2026-08-19T06:44:41.146576Z  INFO herdr::logging: pane child spawned event="pane.spawned" subsystem="pane" outcome="ok" pane_id=3 pid=29698
2026-08-19T06:44:41.147799Z  INFO herdr::logging: spawning pane terminal event="pane.spawn.start" subsystem="pane" outcome="started" pane_id=4 rows=24 cols=80 scrollback_limit_bytes=10000000
2026-08-19T06:44:41.150934Z  INFO herdr::logging: pane child spawned event="pane.spawned" subsystem="pane" outcome="ok" pane_id=4 pid=29699
2026-08-19T06:44:41.151171Z  INFO herdr::logging: spawning pane terminal event="pane.spawn.start" subsystem="pane" outcome="started" pane_id=5 rows=24 cols=80 scrollback_limit_bytes=10000000
2026-08-19T06:44:41.154412Z  INFO herdr::logging: pane child spawned event="pane.spawned" subsystem="pane" outcome="ok" pane_id=5 pid=29700
2026-08-19T06:44:41.155873Z  INFO herdr::logging: spawning pane terminal event="pane.spawn.start" subsystem="pane" outcome="started" pane_id=6 rows=24 cols=80 scrollback_limit_bytes=10000000
2026-08-19T06:44:41.159248Z  INFO herdr::logging: pane child spawned event="pane.spawned" subsystem="pane" outcome="ok" pane_id=6 pid=29701
2026-08-19T06:44:41.159425Z  INFO herdr::logging: spawning pane terminal event="pane.spawn.start" subsystem="pane" outcome="started" pane_id=7 rows=24 cols=80 scrollback_limit_bytes=10000000
2026-08-19T06:44:41.162393Z  INFO herdr::logging: pane child spawned event="pane.spawned" subsystem="pane" outcome="ok" pane_id=7 pid=29702
2026-08-19T06:44:41.162817Z  INFO herdr::logging: spawning pane terminal event="pane.spawn.start" subsystem="pane" outcome="started" pane_id=8 rows=24 cols=80 scrollback_limit_bytes=10000000
2026-08-19T06:44:41.166015Z  INFO herdr::logging: pane child spawned event="pane.spawned" subsystem="pane" outcome="ok" pane_id=8 pid=29703
2026-08-19T06:44:41.167572Z  INFO herdr::logging: spawning pane terminal event="pane.spawn.start" subsystem="pane" outcome="started" pane_id=9 rows=24 cols=80 scrollback_limit_bytes=10000000
2026-08-19T06:44:41.171977Z  INFO herdr::logging: pane child spawned event="pane.spawned" subsystem="pane" outcome="ok" pane_id=9 pid=29704
2026-08-19T06:44:41.172229Z  INFO herdr::logging: spawning pane terminal event="pane.spawn.start" subsystem="pane" outcome="started" pane_id=10 rows=24 cols=80 scrollback_limit_bytes=10000000
2026-08-19T06:44:41.176611Z  INFO herdr::logging: pane child spawned event="pane.spawned" subsystem="pane" outcome="ok" pane_id=10 pid=29705
2026-08-19T06:44:41.177706Z  INFO herdr::logging: spawning pane terminal event="pane.spawn.start" subsystem="pane" outcome="started" pane_id=11 rows=24 cols=80 scrollback_limit_bytes=10000000
2026-08-19T06:44:41.184911Z  INFO herdr::logging: pane child spawned event="pane.spawned" subsystem="pane" outcome="ok" pane_id=11 pid=29706
2026-08-19T06:44:41.185387Z  INFO herdr::logging: spawning pane terminal event="pane.spawn.start" subsystem="pane" outcome="started" pane_id=12 rows=24 cols=80 scrollback_limit_bytes=10000000
2026-08-19T06:44:41.189423Z  INFO herdr::logging: pane child spawned event="pane.spawned" subsystem="pane" outcome="ok" pane_id=12 pid=29707
2026-08-19T06:44:41.191718Z  INFO herdr::logging: session restore evaluated event="persist.restore" subsystem="persist" outcome="ok" workspaces=7
2026-08-19T06:44:41.191788Z  INFO herdr::app: using pane scrollback configuration pane_scrollback_limit_bytes=10000000
2026-08-19T06:44:41.238958Z  INFO herdr::logging: checking for updates event="update.check.start" subsystem="update" outcome="started"
2026-08-19T06:44:41.288725Z  INFO herdr::server::headless: restored session already has workspaces; ignoring startup cwd cwd=/Users/jason
2026-08-19T06:44:41.289047Z  INFO herdr::server::headless: client protocol socket listening path=/Users/jason/.config/herdr/herdr-client.sock
2026-08-19T06:44:41.289100Z  INFO herdr::server::headless: herdr server started api_socket=/Users/jason/.config/herdr/herdr.sock client_socket=/Users/jason/.config/herdr/herdr-client.sock
2026-08-19T06:44:41.290424Z  INFO herdr::logging: herdr starting event="app.startup" subsystem="server" outcome="started" pid=29695
2026-08-19T06:44:41.338027Z  INFO herdr::server::headless: client connected client_id=2 cols=134 rows=40 cell_width_px=0 cell_height_px=0 render_encoding=SemanticFrame
2026-08-19T06:44:41.371290Z  WARN herdr::detect::manifest_update: skipping unknown remote manifest agent agent="qwen"
2026-08-19T08:55:30.902016Z  INFO herdr::logging: checking for updates event="update.check.start" subsystem="update" outcome="started"
2026-08-19T08:55:31.165655Z  WARN herdr::detect::manifest_update: skipping unknown remote manifest agent agent="qwen"
2026-08-19T08:56:52.099018Z  INFO herdr::server::headless: client resize client_id=2 cols=230 rows=61 cell_width_px=0 cell_height_px=0
2026-08-19T09:25:30.904783Z  INFO herdr::logging: checking for updates event="update.check.start" subsystem="update" outcome="started"
2026-08-19T09:25:31.176296Z  WARN herdr::detect::manifest_update: skipping unknown remote manifest agent agent="qwen"
2026-08-19T09:55:30.916621Z  INFO herdr::logging: checking for updates event="update.check.start" subsystem="update" outcome="started"
2026-08-19T09:55:31.134554Z  WARN herdr::detect::manifest_update: skipping unknown remote manifest agent agent="qwen"
2026-08-19T10:01:29.550634Z  INFO herdr::logging: api request received event="api.request.start" subsystem="api" outcome="started" request_id="cli:plugin" method="plugin.action.invoke" changes_ui=true
2026-08-19T10:01:29.552344Z  INFO herdr::logging: api request completed event="api.request.complete" subsystem="api" outcome="ok" request_id="cli:plugin" method="plugin.action.invoke"
2026-08-19T10:01:29.577643Z  INFO herdr::logging: api request received event="api.request.start" subsystem="api" outcome="started" request_id="cli:plugin" method="plugin.pane.open" changes_ui=true
2026-08-19T10:01:29.578904Z  INFO herdr::logging: spawning pane terminal event="pane.spawn.start" subsystem="pane" outcome="started" pane_id=13 rows=60 cols=204 scrollback_limit_bytes=10000000
2026-08-19T10:01:29.586091Z  INFO herdr::logging: pane child spawned event="pane.spawned" subsystem="pane" outcome="ok" pane_id=13 pid=66826
2026-08-19T10:01:29.586592Z  INFO herdr::logging: tab focused event="tab.focus" subsystem="tab" outcome="ok" workspace_id="w8" tab_id="w8:t1"
2026-08-19T10:01:29.587405Z  INFO herdr::logging: api request completed event="api.request.complete" subsystem="api" outcome="ok" request_id="cli:plugin" method="plugin.pane.open"
2026-08-19T10:01:34.599264Z  INFO herdr::logging: session saved event="persist.save" subsystem="persist" outcome="ok" path=/Users/jason/.config/herdr/session.json workspaces=7
2026-08-19T10:01:44.567983Z  INFO herdr::logging: api request received event="api.request.start" subsystem="api" outcome="started" request_id="cli:pane:focus" method="pane.focus_direction" changes_ui=true
2026-08-19T10:01:44.568095Z  INFO herdr::logging: api request completed event="api.request.complete" subsystem="api" outcome="ok" request_id="cli:pane:focus" method="pane.focus_direction"
2026-08-19T10:01:45.123123Z  INFO herdr::logging: api request received event="api.request.start" subsystem="api" outcome="started" request_id="cli:pane:focus" method="pane.focus_direction" changes_ui=true
2026-08-19T10:01:45.123261Z  INFO herdr::logging: api request completed event="api.request.complete" subsystem="api" outcome="ok" request_id="cli:pane:focus" method="pane.focus_direction"
2026-08-19T10:01:47.887646Z  INFO herdr::logging: api request received event="api.request.start" subsystem="api" outcome="started" request_id="cli:workspace:focus" method="workspace.focus" changes_ui=true
2026-08-19T10:01:47.888792Z  INFO herdr::logging: workspace focused event="workspace.focus" subsystem="workspace" outcome="ok" workspace_id="wE"
2026-08-19T10:01:47.888827Z  INFO herdr::logging: tab focused event="tab.focus" subsystem="tab" outcome="ok" workspace_id="wE" tab_id="wE:t1"
2026-08-19T10:01:47.888877Z  INFO herdr::logging: api request completed event="api.request.complete" subsystem="api" outcome="ok" request_id="cli:workspace:focus" method="workspace.focus"
2026-08-19T10:01:47.891063Z  INFO herdr::logging: pane child exited event="pane.exit" subsystem="pane" outcome="completed" pane_id=13 status="ExitStatus { code: 0, signal: None }"
2026-08-19T10:01:47.891455Z  INFO herdr::pane: pane session terminated pane=13 pid=66826 signal=Hangup
2026-08-19T10:01:52.900349Z  INFO herdr::logging: session saved event="persist.save" subsystem="persist" outcome="ok" path=/Users/jason/.config/herdr/session.json workspaces=7
2026-08-19T10:04:14.195003Z  INFO herdr::logging: api request received event="api.request.start" subsystem="api" outcome="started" request_id="cli:plugin" method="plugin.action.invoke" changes_ui=true
2026-08-19T10:04:14.196105Z  INFO herdr::logging: api request completed event="api.request.complete" subsystem="api" outcome="ok" request_id="cli:plugin" method="plugin.action.invoke"
2026-08-19T10:04:14.216627Z  INFO herdr::logging: api request received event="api.request.start" subsystem="api" outcome="started" request_id="cli:plugin" method="plugin.pane.open" changes_ui=true
2026-08-19T10:04:14.217341Z  INFO herdr::logging: spawning pane terminal event="pane.spawn.start" subsystem="pane" outcome="started" pane_id=14 rows=60 cols=204 scrollback_limit_bytes=10000000
2026-08-19T10:04:14.222229Z  INFO herdr::logging: pane child spawned event="pane.spawned" subsystem="pane" outcome="ok" pane_id=14 pid=67840
2026-08-19T10:04:14.222445Z  INFO herdr::logging: tab focused event="tab.focus" subsystem="tab" outcome="ok" workspace_id="wE" tab_id="wE:t1"
2026-08-19T10:04:14.222975Z  INFO herdr::logging: api request completed event="api.request.complete" subsystem="api" outcome="ok" request_id="cli:plugin" method="plugin.pane.open"
2026-08-19T10:04:19.232247Z  INFO herdr::logging: session saved event="persist.save" subsystem="persist" outcome="ok" path=/Users/jason/.config/herdr/session.json workspaces=7
2026-08-19T10:04:22.445881Z  INFO herdr::logging: api request received event="api.request.start" subsystem="api" outcome="started" request_id="cli:pane:focus" method="pane.focus_direction" changes_ui=true
2026-08-19T10:04:22.446178Z  INFO herdr::logging: api request completed event="api.request.complete" subsystem="api" outcome="ok" request_id="cli:pane:focus" method="pane.focus_direction"
2026-08-19T10:04:22.730166Z  INFO herdr::logging: api request received event="api.request.start" subsystem="api" outcome="started" request_id="cli:pane:focus" method="pane.focus_direction" changes_ui=true
2026-08-19T10:04:22.730337Z  INFO herdr::logging: api request completed event="api.request.complete" subsystem="api" outcome="ok" request_id="cli:pane:focus" method="pane.focus_direction"
2026-08-19T10:05:09.965873Z  INFO herdr::logging: pane child exited event="pane.exit" subsystem="pane" outcome="completed" pane_id=14 status="ExitStatus { code: 0, signal: None }"
2026-08-19T10:05:09.966986Z  INFO herdr::pane: pane session terminated pane=14 pid=67840 signal=Hangup
2026-08-19T10:05:13.183619Z  INFO herdr::logging: api request received event="api.request.start" subsystem="api" outcome="started" request_id="cli:pane:focus" method="pane.focus_direction" changes_ui=true
2026-08-19T10:05:13.183727Z  INFO herdr::logging: api request completed event="api.request.complete" subsystem="api" outcome="ok" request_id="cli:pane:focus" method="pane.focus_direction"
2026-08-19T10:05:14.970206Z  INFO herdr::logging: session saved event="persist.save" subsystem="persist" outcome="ok" path=/Users/jason/.config/herdr/session.json workspaces=7
2026-08-19T10:05:16.469055Z  INFO herdr::logging: api request received event="api.request.start" subsystem="api" outcome="started" request_id="cli:pane:focus" method="pane.focus_direction" changes_ui=true
2026-08-19T10:05:16.469179Z  INFO herdr::logging: api request completed event="api.request.complete" subsystem="api" outcome="ok" request_id="cli:pane:focus" method="pane.focus_direction"
2026-08-19T10:05:16.877317Z  INFO herdr::logging: api request received event="api.request.start" subsystem="api" outcome="started" request_id="cli:pane:focus" method="pane.focus_direction" changes_ui=true
2026-08-19T10:05:16.877432Z  INFO herdr::logging: api request completed event="api.request.complete" subsystem="api" outcome="ok" request_id="cli:pane:focus" method="pane.focus_direction"
2026-08-19T10:05:17.294709Z  INFO herdr::logging: api request received event="api.request.start" subsystem="api" outcome="started" request_id="cli:pane:focus" method="pane.focus_direction" changes_ui=true
2026-08-19T10:05:17.294857Z  INFO herdr::logging: api request completed event="api.request.complete" subsystem="api" outcome="ok" request_id="cli:pane:focus" method="pane.focus_direction"
2026-08-19T10:05:17.605791Z  INFO herdr::logging: api request received event="api.request.start" subsystem="api" outcome="started" request_id="cli:pane:focus" method="pane.focus_direction" changes_ui=true
2026-08-19T10:05:17.605928Z  INFO herdr::logging: api request completed event="api.request.complete" subsystem="api" outcome="ok" request_id="cli:pane:focus" method="pane.focus_direction"
2026-08-19T10:05:17.879967Z  INFO herdr::logging: api request received event="api.request.start" subsystem="api" outcome="started" request_id="cli:pane:focus" method="pane.focus_direction" changes_ui=true
2026-08-19T10:05:17.880117Z  INFO herdr::logging: api request completed event="api.request.complete" subsystem="api" outcome="ok" request_id="cli:pane:focus" method="pane.focus_direction"
2026-08-19T10:05:17.971433Z  INFO herdr::logging: api request received event="api.request.start" subsystem="api" outcome="started" request_id="cli:pane:focus" method="pane.focus_direction" changes_ui=true
2026-08-19T10:05:17.971572Z  INFO herdr::logging: api request completed event="api.request.complete" subsystem="api" outcome="ok" request_id="cli:pane:focus" method="pane.focus_direction"
2026-08-19T10:06:10.778733Z  INFO herdr::logging: tab focused event="tab.focus" subsystem="tab" outcome="ok" workspace_id="wE" tab_id="wE:t2"
2026-08-19T10:06:12.440571Z  INFO herdr::logging: tab focused event="tab.focus" subsystem="tab" outcome="ok" workspace_id="wE" tab_id="wE:t1"
2026-08-19T10:06:17.446302Z  INFO herdr::logging: session saved event="persist.save" subsystem="persist" outcome="ok" path=/Users/jason/.config/herdr/session.json workspaces=7
2026-08-19T10:06:17.975777Z  INFO herdr::logging: tab focused event="tab.focus" subsystem="tab" outcome="ok" workspace_id="wE" tab_id="wE:t2"
2026-08-19T10:06:19.232705Z  INFO herdr::logging: tab focused event="tab.focus" subsystem="tab" outcome="ok" workspace_id="wE" tab_id="wE:t1"
2026-08-19T10:06:24.241311Z  INFO herdr::logging: session saved event="persist.save" subsystem="persist" outcome="ok" path=/Users/jason/.config/herdr/session.json workspaces=7
2026-08-19T10:06:58.188226Z  INFO herdr::logging: workspace focused event="workspace.focus" subsystem="workspace" outcome="ok" workspace_id="wE"
2026-08-19T10:06:58.188320Z  INFO herdr::logging: tab focused event="tab.focus" subsystem="tab" outcome="ok" workspace_id="wE" tab_id="wE:t1"
2026-08-19T10:07:03.191180Z  INFO herdr::logging: session saved event="persist.save" subsystem="persist" outcome="ok" path=/Users/jason/.config/herdr/session.json workspaces=7
2026-08-19T10:24:30.417975Z  INFO herdr::logging: api request received event="api.request.start" subsystem="api" outcome="started" request_id="cli:plugin" method="plugin.unlink" changes_ui=true
2026-08-19T10:24:30.418498Z  INFO herdr::logging: api request completed event="api.request.complete" subsystem="api" outcome="ok" request_id="cli:plugin" method="plugin.unlink"
2026-08-19T10:25:30.922705Z  INFO herdr::logging: checking for updates event="update.check.start" subsystem="update" outcome="started"
2026-08-19T10:25:31.224098Z  WARN herdr::detect::manifest_update: skipping unknown remote manifest agent agent="qwen"
2026-08-19T10:49:14.700278Z  INFO herdr::logging: pane child exited event="pane.exit" subsystem="pane" outcome="completed" pane_id=6 status="ExitStatus { code: 127, signal: None }"
2026-08-19T10:49:14.701453Z  INFO herdr::pane: pane session terminated pane=6 pid=29701 signal=Hangup
2026-08-19T10:49:19.710925Z  INFO herdr::logging: session saved event="persist.save" subsystem="persist" outcome="ok" path=/Users/jason/.config/herdr/session.json workspaces=7
2026-08-19T10:49:20.241248Z  INFO herdr::logging: pane child exited event="pane.exit" subsystem="pane" outcome="completed" pane_id=7 status="ExitStatus { code: 0, signal: None }"
2026-08-19T10:49:20.241710Z  INFO herdr::pane: pane session terminated pane=7 pid=29702 signal=Hangup
2026-08-19T10:49:25.247096Z  INFO herdr::logging: session saved event="persist.save" subsystem="persist" outcome="ok" path=/Users/jason/.config/herdr/session.json workspaces=6
2026-08-19T10:49:43.009177Z  INFO herdr::server::headless: client detach requested via keybind client_id=2
2026-08-19T10:49:43.011276Z  INFO herdr::server::headless: client disconnected client_id=2
2026-08-19T10:49:49.649833Z  INFO herdr::server::headless: client connected client_id=4 cols=230 rows=61 cell_width_px=0 cell_height_px=0 render_encoding=SemanticFrame
2026-08-19T10:50:50.784702Z  INFO herdr::logging: tab focused event="tab.focus" subsystem="tab" outcome="ok" workspace_id="w9" tab_id="w9:t1"
2026-08-19T10:50:55.791178Z  INFO herdr::logging: session saved event="persist.save" subsystem="persist" outcome="ok" path=/Users/jason/.config/herdr/session.json workspaces=6
2026-08-19T10:50:57.499663Z  INFO herdr::logging: spawning pane terminal event="pane.spawn.start" subsystem="pane" outcome="started" pane_id=15 rows=60 cols=204 scrollback_limit_bytes=10000000
2026-08-19T10:50:57.508790Z  INFO herdr::logging: pane child spawned event="pane.spawned" subsystem="pane" outcome="ok" pane_id=15 pid=85562
2026-08-19T10:50:57.509208Z  INFO herdr::logging: workspace created event="workspace.create" subsystem="workspace" outcome="ok" workspace_id="wF" pane_id=15
2026-08-19T10:50:57.509220Z  INFO herdr::logging: workspace focused event="workspace.focus" subsystem="workspace" outcome="ok" workspace_id="wF"
2026-08-19T10:50:57.509249Z  INFO herdr::logging: tab focused event="tab.focus" subsystem="tab" outcome="ok" workspace_id="wF" tab_id="wF:t1"
2026-08-19T10:51:02.520982Z  INFO herdr::logging: session saved event="persist.save" subsystem="persist" outcome="ok" path=/Users/jason/.config/herdr/session.json workspaces=7
2026-08-19T10:51:15.244023Z  INFO herdr::logging: workspace renamed event="workspace.rename" subsystem="workspace" outcome="ok" workspace_id="wF"
2026-08-19T10:51:24.208431Z  INFO herdr::logging: session saved event="persist.save" subsystem="persist" outcome="ok" path=/Users/jason/.config/herdr/session.json workspaces=7
2026-08-19T12:41:27.970794Z  INFO herdr::server::headless: client resize client_id=4 cols=134 rows=40 cell_width_px=0 cell_height_px=0
2026-08-19T12:41:28.519976Z  INFO herdr::server::headless: client resize client_id=4 cols=134 rows=40 cell_width_px=0 cell_height_px=0
2026-08-19T12:42:12.043915Z  INFO herdr::logging: checking for updates event="update.check.start" subsystem="update" outcome="started"
2026-08-19T12:42:12.241740Z  WARN herdr::detect::manifest_update: skipping unknown remote manifest agent agent="qwen"
2026-08-19T13:12:12.053059Z  INFO herdr::logging: checking for updates event="update.check.start" subsystem="update" outcome="started"
2026-08-19T13:12:12.242390Z  WARN herdr::detect::manifest_update: skipping unknown remote manifest agent agent="qwen"
2026-08-19T13:42:12.067151Z  INFO herdr::logging: checking for updates event="update.check.start" subsystem="update" outcome="started"
2026-08-19T13:42:12.243081Z  WARN herdr::detect::manifest_update: skipping unknown remote manifest agent agent="qwen"
2026-08-19T13:44:44.460771Z  INFO herdr::server::headless: client detach requested via keybind client_id=4
2026-08-19T13:44:44.466126Z  INFO herdr::server::headless: client disconnected client_id=4
2026-08-19T13:44:54.652242Z  INFO herdr::server::headless: client connected client_id=6 cols=134 rows=40 cell_width_px=0 cell_height_px=0 render_encoding=SemanticFrame
2026-08-19T13:45:14.451064Z  INFO herdr::logging: api request completed event="api.request.complete" subsystem="api" outcome="error" request_id="cli:plugin" method="plugin.link"
2026-08-19T13:45:14.458760Z  INFO herdr::logging: api request received event="api.request.start" subsystem="api" outcome="started" request_id="cli:plugin" method="plugin.pane.open" changes_ui=true
2026-08-19T13:45:14.460661Z  INFO herdr::logging: spawning pane terminal event="pane.spawn.start" subsystem="pane" outcome="started" pane_id=16 rows=39 cols=108 scrollback_limit_bytes=10000000
2026-08-19T13:45:14.466059Z ERROR herdr::pane: failed to spawn argv command pane pane=16 err=Unable to spawn target/release/herdr-palette because:
No viable candidates found in PATH "/Users/jason/.cache/lm-studio/bin:/opt/homebrew/sbin:/opt/homebrew/bin:/Users/jason/.composer/vendor/bin:/Users/jason/.npm-packages/bin:/bin:/usr/bin:/opt/homebrew/bin/libxml2/bin:/usr/local/bin:/usr/sbin:/sbin:/var/run/com.apple.security.cryptexd/codex.system/bootstrap/usr/local/bin:/var/run/com.apple.security.cryptexd/codex.system/bootstrap/usr/bin:/var/run/com.apple.security.cryptexd/codex.system/bootstrap/usr/appleinternal/bin:/pkg/env/global/bin:/Library/Apple/usr/bin:/usr/local/MacGPG2/bin:/Applications/Ghostty.app/Contents/MacOS"
2026-08-19T13:45:14.466195Z  INFO herdr::logging: api request completed event="api.request.complete" subsystem="api" outcome="error" request_id="cli:plugin" method="plugin.pane.open"
2026-08-19T13:45:20.622287Z  INFO herdr::logging: api request completed event="api.request.complete" subsystem="api" outcome="error" request_id="cli:plugin" method="plugin.link"
2026-08-19T13:47:57.157790Z  INFO herdr::logging: workspace focused event="workspace.focus" subsystem="workspace" outcome="ok" workspace_id="w7"
2026-08-19T13:47:57.157858Z  INFO herdr::logging: tab focused event="tab.focus" subsystem="tab" outcome="ok" workspace_id="w7" tab_id="w7:t1"
2026-08-19T13:48:02.165199Z  INFO herdr::logging: session saved event="persist.save" subsystem="persist" outcome="ok" path=/Users/jason/.config/herdr/session.json workspaces=7
2026-08-19T13:50:17.061439Z  INFO herdr::logging: api request received event="api.request.start" subsystem="api" outcome="started" request_id="cli:plugin" method="plugin.pane.open" changes_ui=true
2026-08-19T13:50:17.062125Z  INFO herdr::logging: spawning pane terminal event="pane.spawn.start" subsystem="pane" outcome="started" pane_id=17 rows=39 cols=108 scrollback_limit_bytes=10000000
2026-08-19T13:50:17.065400Z ERROR herdr::pane: failed to spawn argv command pane pane=17 err=Unable to spawn target/release/herdr-palette because:
No viable candidates found in PATH "/Users/jason/.cache/lm-studio/bin:/opt/homebrew/sbin:/opt/homebrew/bin:/Users/jason/.composer/vendor/bin:/Users/jason/.npm-packages/bin:/bin:/usr/bin:/opt/homebrew/bin/libxml2/bin:/usr/local/bin:/usr/sbin:/sbin:/var/run/com.apple.security.cryptexd/codex.system/bootstrap/usr/local/bin:/var/run/com.apple.security.cryptexd/codex.system/bootstrap/usr/bin:/var/run/com.apple.security.cryptexd/codex.system/bootstrap/usr/appleinternal/bin:/pkg/env/global/bin:/Library/Apple/usr/bin:/usr/local/MacGPG2/bin:/Applications/Ghostty.app/Contents/MacOS"
2026-08-19T13:50:17.065520Z  INFO herdr::logging: api request completed event="api.request.complete" subsystem="api" outcome="error" request_id="cli:plugin" method="plugin.pane.open"
2026-08-19T13:50:18.816352Z  INFO herdr::logging: api request received event="api.request.start" subsystem="api" outcome="started" request_id="cli:plugin" method="plugin.pane.open" changes_ui=true
2026-08-19T13:50:18.817041Z  INFO herdr::logging: spawning pane terminal event="pane.spawn.start" subsystem="pane" outcome="started" pane_id=18 rows=39 cols=108 scrollback_limit_bytes=10000000
2026-08-19T13:50:18.819923Z ERROR herdr::pane: failed to spawn argv command pane pane=18 err=Unable to spawn target/release/herdr-palette because:
No viable candidates found in PATH "/Users/jason/.cache/lm-studio/bin:/opt/homebrew/sbin:/opt/homebrew/bin:/Users/jason/.composer/vendor/bin:/Users/jason/.npm-packages/bin:/bin:/usr/bin:/opt/homebrew/bin/libxml2/bin:/usr/local/bin:/usr/sbin:/sbin:/var/run/com.apple.security.cryptexd/codex.system/bootstrap/usr/local/bin:/var/run/com.apple.security.cryptexd/codex.system/bootstrap/usr/bin:/var/run/com.apple.security.cryptexd/codex.system/bootstrap/usr/appleinternal/bin:/pkg/env/global/bin:/Library/Apple/usr/bin:/usr/local/MacGPG2/bin:/Applications/Ghostty.app/Contents/MacOS"
2026-08-19T13:50:18.820035Z  INFO herdr::logging: api request completed event="api.request.complete" subsystem="api" outcome="error" request_id="cli:plugin" method="plugin.pane.open"
2026-08-19T13:51:18.744295Z  INFO herdr::logging: integration action finished event="integration.action" subsystem="integration" outcome="ok" action="install" target="opencode"
2026-08-19T13:51:23.749880Z  INFO herdr::logging: session saved event="persist.save" subsystem="persist" outcome="ok" path=/Users/jason/.config/herdr/session.json workspaces=7
2026-08-19T13:52:31.796835Z  INFO herdr::logging: spawning pane terminal event="pane.spawn.start" subsystem="pane" outcome="started" pane_id=19 rows=39 cols=108 scrollback_limit_bytes=10000000
2026-08-19T13:52:31.802697Z  INFO herdr::logging: pane child spawned event="pane.spawned" subsystem="pane" outcome="ok" pane_id=19 pid=16602
2026-08-19T13:52:31.802938Z  INFO herdr::logging: tab focused event="tab.focus" subsystem="tab" outcome="ok" workspace_id="w7" tab_id="w7:t1"
2026-08-19T13:52:36.808579Z  INFO herdr::logging: session saved event="persist.save" subsystem="persist" outcome="ok" path=/Users/jason/.config/herdr/session.json workspaces=7
2026-08-19T13:53:18.647898Z  INFO herdr::logging: tab focused event="tab.focus" subsystem="tab" outcome="ok" workspace_id="w7" tab_id="w7:t1"
2026-08-19T13:53:20.782394Z  INFO herdr::logging: api request received event="api.request.start" subsystem="api" outcome="started" request_id="cli:pane:focus" method="pane.focus_direction" changes_ui=true
2026-08-19T13:53:20.782537Z  INFO herdr::logging: tab focused event="tab.focus" subsystem="tab" outcome="ok" workspace_id="w7" tab_id="w7:t1"
2026-08-19T13:53:20.782570Z  INFO herdr::logging: tab focused event="tab.focus" subsystem="tab" outcome="ok" workspace_id="w7" tab_id="w7:t1"
2026-08-19T13:53:20.782635Z  INFO herdr::logging: api request completed event="api.request.complete" subsystem="api" outcome="ok" request_id="cli:pane:focus" method="pane.focus_direction"
2026-08-19T13:53:25.794456Z  INFO herdr::logging: session saved event="persist.save" subsystem="persist" outcome="ok" path=/Users/jason/.config/herdr/session.json workspaces=7
2026-08-19T13:53:28.207279Z  INFO herdr::logging: tab focused event="tab.focus" subsystem="tab" outcome="ok" workspace_id="w7" tab_id="w7:t1"
2026-08-19T13:53:33.213030Z  INFO herdr::logging: session saved event="persist.save" subsystem="persist" outcome="ok" path=/Users/jason/.config/herdr/session.json workspaces=7
2026-08-19T13:53:37.579231Z  INFO herdr::logging: api request received event="api.request.start" subsystem="api" outcome="started" request_id="cli:pane:focus" method="pane.focus_direction" changes_ui=true
2026-08-19T13:53:37.579386Z  INFO herdr::logging: tab focused event="tab.focus" subsystem="tab" outcome="ok" workspace_id="w7" tab_id="w7:t1"
2026-08-19T13:53:37.579432Z  INFO herdr::logging: tab focused event="tab.focus" subsystem="tab" outcome="ok" workspace_id="w7" tab_id="w7:t1"
2026-08-19T13:53:37.579497Z  INFO herdr::logging: api request completed event="api.request.complete" subsystem="api" outcome="ok" request_id="cli:pane:focus" method="pane.focus_direction"
2026-08-19T13:53:42.588856Z  INFO herdr::logging: session saved event="persist.save" subsystem="persist" outcome="ok" path=/Users/jason/.config/herdr/session.json workspaces=7
2026-08-19T13:53:44.893397Z  INFO herdr::logging: tab focused event="tab.focus" subsystem="tab" outcome="ok" workspace_id="w7" tab_id="w7:t1"
2026-08-19T13:53:46.124615Z  INFO herdr::logging: api request received event="api.request.start" subsystem="api" outcome="started" request_id="cli:pane:focus" method="pane.focus_direction" changes_ui=true
2026-08-19T13:53:46.124720Z  INFO herdr::logging: tab focused event="tab.focus" subsystem="tab" outcome="ok" workspace_id="w7" tab_id="w7:t1"
2026-08-19T13:53:46.124743Z  INFO herdr::logging: tab focused event="tab.focus" subsystem="tab" outcome="ok" workspace_id="w7" tab_id="w7:t1"
2026-08-19T13:53:46.124801Z  INFO herdr::logging: api request completed event="api.request.complete" subsystem="api" outcome="ok" request_id="cli:pane:focus" method="pane.focus_direction"
2026-08-19T13:53:51.134907Z  INFO herdr::logging: session saved event="persist.save" subsystem="persist" outcome="ok" path=/Users/jason/.config/herdr/session.json workspaces=7
2026-08-19T13:58:36.297839Z  INFO herdr::logging: tab focused event="tab.focus" subsystem="tab" outcome="ok" workspace_id="w7" tab_id="w7:t1"
2026-08-19T13:58:41.316648Z  INFO herdr::logging: session saved event="persist.save" subsystem="persist" outcome="ok" path=/Users/jason/.config/herdr/session.json workspaces=7
2026-08-19T13:58:51.092025Z  INFO herdr::logging: api request received event="api.request.start" subsystem="api" outcome="started" request_id="cli:pane:focus" method="pane.focus_direction" changes_ui=true
2026-08-19T13:58:51.092133Z  INFO herdr::logging: tab focused event="tab.focus" subsystem="tab" outcome="ok" workspace_id="w7" tab_id="w7:t1"
2026-08-19T13:58:51.092161Z  INFO herdr::logging: tab focused event="tab.focus" subsystem="tab" outcome="ok" workspace_id="w7" tab_id="w7:t1"
2026-08-19T13:58:51.092209Z  INFO herdr::logging: api request completed event="api.request.complete" subsystem="api" outcome="ok" request_id="cli:pane:focus" method="pane.focus_direction"
2026-08-19T13:58:56.099992Z  INFO herdr::logging: session saved event="persist.save" subsystem="persist" outcome="ok" path=/Users/jason/.config/herdr/session.json workspaces=7
2026-08-19T14:01:09.279740Z  INFO herdr::logging: tab focused event="tab.focus" subsystem="tab" outcome="ok" workspace_id="w7" tab_id="w7:t1"
2026-08-19T14:01:12.314191Z  INFO herdr::logging: api request received event="api.request.start" subsystem="api" outcome="started" request_id="cli:plugin" method="plugin.pane.open" changes_ui=true
2026-08-19T14:01:12.314889Z  INFO herdr::logging: spawning pane terminal event="pane.spawn.start" subsystem="pane" outcome="started" pane_id=20 rows=39 cols=54 scrollback_limit_bytes=10000000
2026-08-19T14:01:12.327318Z ERROR herdr::pane: failed to spawn argv command pane pane=20 err=Unable to spawn target/release/herdr-palette because:
No viable candidates found in PATH "/Users/jason/.cache/lm-studio/bin:/opt/homebrew/sbin:/opt/homebrew/bin:/Users/jason/.composer/vendor/bin:/Users/jason/.npm-packages/bin:/bin:/usr/bin:/opt/homebrew/bin/libxml2/bin:/usr/local/bin:/usr/sbin:/sbin:/var/run/com.apple.security.cryptexd/codex.system/bootstrap/usr/local/bin:/var/run/com.apple.security.cryptexd/codex.system/bootstrap/usr/bin:/var/run/com.apple.security.cryptexd/codex.system/bootstrap/usr/appleinternal/bin:/pkg/env/global/bin:/Library/Apple/usr/bin:/usr/local/MacGPG2/bin:/Applications/Ghostty.app/Contents/MacOS"
2026-08-19T14:01:12.327424Z  INFO herdr::logging: api request completed event="api.request.complete" subsystem="api" outcome="error" request_id="cli:plugin" method="plugin.pane.open"
2026-08-19T14:01:13.653260Z  INFO herdr::logging: api request received event="api.request.start" subsystem="api" outcome="started" request_id="cli:plugin" method="plugin.pane.open" changes_ui=true
2026-08-19T14:01:13.654133Z  INFO herdr::logging: spawning pane terminal event="pane.spawn.start" subsystem="pane" outcome="started" pane_id=21 rows=39 cols=54 scrollback_limit_bytes=10000000
2026-08-19T14:01:13.656539Z ERROR herdr::pane: failed to spawn argv command pane pane=21 err=Unable to spawn target/release/herdr-palette because:
No viable candidates found in PATH "/Users/jason/.cache/lm-studio/bin:/opt/homebrew/sbin:/opt/homebrew/bin:/Users/jason/.composer/vendor/bin:/Users/jason/.npm-packages/bin:/bin:/usr/bin:/opt/homebrew/bin/libxml2/bin:/usr/local/bin:/usr/sbin:/sbin:/var/run/com.apple.security.cryptexd/codex.system/bootstrap/usr/local/bin:/var/run/com.apple.security.cryptexd/codex.system/bootstrap/usr/bin:/var/run/com.apple.security.cryptexd/codex.system/bootstrap/usr/appleinternal/bin:/pkg/env/global/bin:/Library/Apple/usr/bin:/usr/local/MacGPG2/bin:/Applications/Ghostty.app/Contents/MacOS"
2026-08-19T14:01:13.656616Z  INFO herdr::logging: api request completed event="api.request.complete" subsystem="api" outcome="error" request_id="cli:plugin" method="plugin.pane.open"
2026-08-19T14:01:14.288696Z  INFO herdr::logging: session saved event="persist.save" subsystem="persist" outcome="ok" path=/Users/jason/.config/herdr/session.json workspaces=7
2026-08-19T14:01:14.934646Z  INFO herdr::logging: api request received event="api.request.start" subsystem="api" outcome="started" request_id="cli:plugin" method="plugin.pane.open" changes_ui=true
2026-08-19T14:01:14.935600Z  INFO herdr::logging: spawning pane terminal event="pane.spawn.start" subsystem="pane" outcome="started" pane_id=22 rows=39 cols=54 scrollback_limit_bytes=10000000
2026-08-19T14:01:14.938801Z ERROR herdr::pane: failed to spawn argv command pane pane=22 err=Unable to spawn target/release/herdr-palette because:
No viable candidates found in PATH "/Users/jason/.cache/lm-studio/bin:/opt/homebrew/sbin:/opt/homebrew/bin:/Users/jason/.composer/vendor/bin:/Users/jason/.npm-packages/bin:/bin:/usr/bin:/opt/homebrew/bin/libxml2/bin:/usr/local/bin:/usr/sbin:/sbin:/var/run/com.apple.security.cryptexd/codex.system/bootstrap/usr/local/bin:/var/run/com.apple.security.cryptexd/codex.system/bootstrap/usr/bin:/var/run/com.apple.security.cryptexd/codex.system/bootstrap/usr/appleinternal/bin:/pkg/env/global/bin:/Library/Apple/usr/bin:/usr/local/MacGPG2/bin:/Applications/Ghostty.app/Contents/MacOS"
2026-08-19T14:01:14.938879Z  INFO herdr::logging: api request completed event="api.request.complete" subsystem="api" outcome="error" request_id="cli:plugin" method="plugin.pane.open"
2026-08-19T14:01:17.491238Z  INFO herdr::logging: api request received event="api.request.start" subsystem="api" outcome="started" request_id="cli:plugin" method="plugin.pane.open" changes_ui=true
2026-08-19T14:01:17.492078Z  INFO herdr::logging: spawning pane terminal event="pane.spawn.start" subsystem="pane" outcome="started" pane_id=23 rows=39 cols=54 scrollback_limit_bytes=10000000
2026-08-19T14:01:17.494720Z ERROR herdr::pane: failed to spawn argv command pane pane=23 err=Unable to spawn target/release/herdr-palette because:
No viable candidates found in PATH "/Users/jason/.cache/lm-studio/bin:/opt/homebrew/sbin:/opt/homebrew/bin:/Users/jason/.composer/vendor/bin:/Users/jason/.npm-packages/bin:/bin:/usr/bin:/opt/homebrew/bin/libxml2/bin:/usr/local/bin:/usr/sbin:/sbin:/var/run/com.apple.security.cryptexd/codex.system/bootstrap/usr/local/bin:/var/run/com.apple.security.cryptexd/codex.system/bootstrap/usr/bin:/var/run/com.apple.security.cryptexd/codex.system/bootstrap/usr/appleinternal/bin:/pkg/env/global/bin:/Library/Apple/usr/bin:/usr/local/MacGPG2/bin:/Applications/Ghostty.app/Contents/MacOS"
2026-08-19T14:01:17.494831Z  INFO herdr::logging: api request completed event="api.request.complete" subsystem="api" outcome="error" request_id="cli:plugin" method="plugin.pane.open"
2026-08-19T14:02:10.827515Z  INFO herdr::logging: api request received event="api.request.start" subsystem="api" outcome="started" request_id="cli:pane:focus" method="pane.focus_direction" changes_ui=true
2026-08-19T14:02:10.827629Z  INFO herdr::logging: tab focused event="tab.focus" subsystem="tab" outcome="ok" workspace_id="w7" tab_id="w7:t1"
2026-08-19T14:02:10.827656Z  INFO herdr::logging: tab focused event="tab.focus" subsystem="tab" outcome="ok" workspace_id="w7" tab_id="w7:t1"
2026-08-19T14:02:10.827690Z  INFO herdr::logging: api request completed event="api.request.complete" subsystem="api" outcome="ok" request_id="cli:pane:focus" method="pane.focus_direction"
2026-08-19T14:02:15.835530Z  INFO herdr::logging: session saved event="persist.save" subsystem="persist" outcome="ok" path=/Users/jason/.config/herdr/session.json workspaces=7
2026-08-19T14:02:25.920773Z  INFO herdr::logging: pane child exited event="pane.exit" subsystem="pane" outcome="completed" pane_id=19 status="ExitStatus { code: 0, signal: None }"
2026-08-19T14:02:25.921694Z  INFO herdr::pane: pane session terminated pane=19 pid=16602 signal=Hangup
2026-08-19T14:02:30.928577Z  INFO herdr::logging: session saved event="persist.save" subsystem="persist" outcome="ok" path=/Users/jason/.config/herdr/session.json workspaces=7
2026-08-19T14:12:12.071716Z  INFO herdr::logging: checking for updates event="update.check.start" subsystem="update" outcome="started"
2026-08-19T14:12:12.250562Z  WARN herdr::detect::manifest_update: skipping unknown remote manifest agent agent="qwen"
2026-08-19T14:14:39.874785Z  INFO herdr::logging: api request received event="api.request.start" subsystem="api" outcome="started" request_id="cli:plugin" method="plugin.unlink" changes_ui=true
2026-08-19T14:14:39.875384Z  INFO herdr::logging: api request completed event="api.request.complete" subsystem="api" outcome="ok" request_id="cli:plugin" method="plugin.unlink"
2026-08-19T14:16:13.230941Z  INFO herdr::logging: spawning pane terminal event="pane.spawn.start" subsystem="pane" outcome="started" pane_id=24 rows=39 cols=108 scrollback_limit_bytes=10000000
2026-08-19T14:16:13.240946Z  INFO herdr::logging: pane child spawned event="pane.spawned" subsystem="pane" outcome="ok" pane_id=24 pid=28205
2026-08-19T14:16:13.241294Z  INFO herdr::logging: tab focused event="tab.focus" subsystem="tab" outcome="ok" workspace_id="w7" tab_id="w7:t1"
2026-08-19T14:16:18.248102Z  INFO herdr::logging: session saved event="persist.save" subsystem="persist" outcome="ok" path=/Users/jason/.config/herdr/session.json workspaces=7
2026-08-19T14:16:18.486197Z  INFO herdr::logging: api request received event="api.request.start" subsystem="api" outcome="started" request_id="herdr-nvim-nav" method="pane.focus_direction" changes_ui=true
2026-08-19T14:16:18.486426Z  INFO herdr::logging: tab focused event="tab.focus" subsystem="tab" outcome="ok" workspace_id="w7" tab_id="w7:t1"
2026-08-19T14:16:18.486472Z  INFO herdr::logging: tab focused event="tab.focus" subsystem="tab" outcome="ok" workspace_id="w7" tab_id="w7:t1"
2026-08-19T14:16:18.486563Z  INFO herdr::logging: api request completed event="api.request.complete" subsystem="api" outcome="ok" request_id="herdr-nvim-nav" method="pane.focus_direction"
2026-08-19T14:16:19.161628Z  INFO herdr::logging: api request received event="api.request.start" subsystem="api" outcome="started" request_id="herdr-nvim-nav" method="pane.focus_direction" changes_ui=true
2026-08-19T14:16:19.161883Z  INFO herdr::logging: tab focused event="tab.focus" subsystem="tab" outcome="ok" workspace_id="w7" tab_id="w7:t1"
2026-08-19T14:16:19.161949Z  INFO herdr::logging: tab focused event="tab.focus" subsystem="tab" outcome="ok" workspace_id="w7" tab_id="w7:t1"
2026-08-19T14:16:19.162069Z  INFO herdr::logging: api request completed event="api.request.complete" subsystem="api" outcome="ok" request_id="herdr-nvim-nav" method="pane.focus_direction"
2026-08-19T14:16:19.671177Z  INFO herdr::logging: api request received event="api.request.start" subsystem="api" outcome="started" request_id="herdr-nvim-nav" method="pane.focus_direction" changes_ui=true
2026-08-19T14:16:19.671394Z  INFO herdr::logging: tab focused event="tab.focus" subsystem="tab" outcome="ok" workspace_id="w7" tab_id="w7:t1"
2026-08-19T14:16:19.671451Z  INFO herdr::logging: tab focused event="tab.focus" subsystem="tab" outcome="ok" workspace_id="w7" tab_id="w7:t1"
2026-08-19T14:16:19.671552Z  INFO herdr::logging: api request completed event="api.request.complete" subsystem="api" outcome="ok" request_id="herdr-nvim-nav" method="pane.focus_direction"
2026-08-19T14:16:20.062515Z  INFO herdr::logging: api request received event="api.request.start" subsystem="api" outcome="started" request_id="herdr-nvim-nav" method="pane.focus_direction" changes_ui=true
2026-08-19T14:16:20.062752Z  INFO herdr::logging: tab focused event="tab.focus" subsystem="tab" outcome="ok" workspace_id="w7" tab_id="w7:t1"
2026-08-19T14:16:20.062816Z  INFO herdr::logging: tab focused event="tab.focus" subsystem="tab" outcome="ok" workspace_id="w7" tab_id="w7:t1"
2026-08-19T14:16:20.062929Z  INFO herdr::logging: api request completed event="api.request.complete" subsystem="api" outcome="ok" request_id="herdr-nvim-nav" method="pane.focus_direction"
2026-08-19T14:16:20.449869Z  INFO herdr::logging: api request received event="api.request.start" subsystem="api" outcome="started" request_id="herdr-nvim-nav" method="pane.focus_direction" changes_ui=true
2026-08-19T14:16:20.449987Z  INFO herdr::logging: tab focused event="tab.focus" subsystem="tab" outcome="ok" workspace_id="w7" tab_id="w7:t1"
2026-08-19T14:16:20.450018Z  INFO herdr::logging: tab focused event="tab.focus" subsystem="tab" outcome="ok" workspace_id="w7" tab_id="w7:t1"
2026-08-19T14:16:20.450078Z  INFO herdr::logging: api request completed event="api.request.complete" subsystem="api" outcome="ok" request_id="herdr-nvim-nav" method="pane.focus_direction"
2026-08-19T14:16:21.028743Z  INFO herdr::logging: api request received event="api.request.start" subsystem="api" outcome="started" request_id="herdr-nvim-nav" method="pane.focus_direction" changes_ui=true
2026-08-19T14:16:21.028849Z  INFO herdr::logging: tab focused event="tab.focus" subsystem="tab" outcome="ok" workspace_id="w7" tab_id="w7:t1"
2026-08-19T14:16:21.028889Z  INFO herdr::logging: tab focused event="tab.focus" subsystem="tab" outcome="ok" workspace_id="w7" tab_id="w7:t1"
2026-08-19T14:16:21.028944Z  INFO herdr::logging: api request completed event="api.request.complete" subsystem="api" outcome="ok" request_id="herdr-nvim-nav" method="pane.focus_direction"
2026-08-19T14:16:21.729187Z  INFO herdr::logging: api request received event="api.request.start" subsystem="api" outcome="started" request_id="herdr-nvim-nav" method="pane.focus_direction" changes_ui=true
2026-08-19T14:16:21.729355Z  INFO herdr::logging: tab focused event="tab.focus" subsystem="tab" outcome="ok" workspace_id="w7" tab_id="w7:t1"
2026-08-19T14:16:21.729404Z  INFO herdr::logging: tab focused event="tab.focus" subsystem="tab" outcome="ok" workspace_id="w7" tab_id="w7:t1"
2026-08-19T14:16:21.729477Z  INFO herdr::logging: api request completed event="api.request.complete" subsystem="api" outcome="ok" request_id="herdr-nvim-nav" method="pane.focus_direction"
2026-08-19T14:16:22.400399Z  INFO herdr::logging: api request received event="api.request.start" subsystem="api" outcome="started" request_id="herdr-nvim-nav" method="pane.focus_direction" changes_ui=true
2026-08-19T14:16:22.400614Z  INFO herdr::logging: tab focused event="tab.focus" subsystem="tab" outcome="ok" workspace_id="w7" tab_id="w7:t1"
2026-08-19T14:16:22.400667Z  INFO herdr::logging: tab focused event="tab.focus" subsystem="tab" outcome="ok" workspace_id="w7" tab_id="w7:t1"
2026-08-19T14:16:22.400764Z  INFO herdr::logging: api request completed event="api.request.complete" subsystem="api" outcome="ok" request_id="herdr-nvim-nav" method="pane.focus_direction"
2026-08-19T14:16:22.807059Z  INFO herdr::logging: api request received event="api.request.start" subsystem="api" outcome="started" request_id="herdr-nvim-nav" method="pane.focus_direction" changes_ui=true
2026-08-19T14:16:22.807351Z  INFO herdr::logging: tab focused event="tab.focus" subsystem="tab" outcome="ok" workspace_id="w7" tab_id="w7:t1"
2026-08-19T14:16:22.807411Z  INFO herdr::logging: tab focused event="tab.focus" subsystem="tab" outcome="ok" workspace_id="w7" tab_id="w7:t1"
2026-08-19T14:16:22.807533Z  INFO herdr::logging: api request completed event="api.request.complete" subsystem="api" outcome="ok" request_id="herdr-nvim-nav" method="pane.focus_direction"
2026-08-19T14:16:23.141120Z  INFO herdr::logging: api request received event="api.request.start" subsystem="api" outcome="started" request_id="herdr-nvim-nav" method="pane.focus_direction" changes_ui=true
2026-08-19T14:16:23.141328Z  INFO herdr::logging: tab focused event="tab.focus" subsystem="tab" outcome="ok" workspace_id="w7" tab_id="w7:t1"
2026-08-19T14:16:23.141376Z  INFO herdr::logging: tab focused event="tab.focus" subsystem="tab" outcome="ok" workspace_id="w7" tab_id="w7:t1"
2026-08-19T14:16:23.141466Z  INFO herdr::logging: api request completed event="api.request.complete" subsystem="api" outcome="ok" request_id="herdr-nvim-nav" method="pane.focus_direction"
2026-08-19T14:16:23.692059Z  INFO herdr::logging: api request received event="api.request.start" subsystem="api" outcome="started" request_id="herdr-nvim-nav" method="pane.focus_direction" changes_ui=true
2026-08-19T14:16:23.692293Z  INFO herdr::logging: tab focused event="tab.focus" subsystem="tab" outcome="ok" workspace_id="w7" tab_id="w7:t1"
2026-08-19T14:16:23.692359Z  INFO herdr::logging: tab focused event="tab.focus" subsystem="tab" outcome="ok" workspace_id="w7" tab_id="w7:t1"
2026-08-19T14:16:23.692525Z  INFO herdr::logging: api request completed event="api.request.complete" subsystem="api" outcome="ok" request_id="herdr-nvim-nav" method="pane.focus_direction"
2026-08-19T14:16:24.147197Z  INFO herdr::logging: api request received event="api.request.start" subsystem="api" outcome="started" request_id="herdr-nvim-nav" method="pane.focus_direction" changes_ui=true
2026-08-19T14:16:24.147411Z  INFO herdr::logging: tab focused event="tab.focus" subsystem="tab" outcome="ok" workspace_id="w7" tab_id="w7:t1"
2026-08-19T14:16:24.147514Z  INFO herdr::logging: tab focused event="tab.focus" subsystem="tab" outcome="ok" workspace_id="w7" tab_id="w7:t1"
2026-08-19T14:16:24.147627Z  INFO herdr::logging: api request completed event="api.request.complete" subsystem="api" outcome="ok" request_id="herdr-nvim-nav" method="pane.focus_direction"
2026-08-19T14:16:24.516897Z  INFO herdr::logging: api request received event="api.request.start" subsystem="api" outcome="started" request_id="herdr-nvim-nav" method="pane.focus_direction" changes_ui=true
2026-08-19T14:16:24.517111Z  INFO herdr::logging: tab focused event="tab.focus" subsystem="tab" outcome="ok" workspace_id="w7" tab_id="w7:t1"
2026-08-19T14:16:24.517164Z  INFO herdr::logging: tab focused event="tab.focus" subsystem="tab" outcome="ok" workspace_id="w7" tab_id="w7:t1"
2026-08-19T14:16:24.517271Z  INFO herdr::logging: api request completed event="api.request.complete" subsystem="api" outcome="ok" request_id="herdr-nvim-nav" method="pane.focus_direction"
2026-08-19T14:16:24.966439Z  INFO herdr::logging: api request received event="api.request.start" subsystem="api" outcome="started" request_id="herdr-nvim-nav" method="pane.focus_direction" changes_ui=true
2026-08-19T14:16:24.966703Z  INFO herdr::logging: tab focused event="tab.focus" subsystem="tab" outcome="ok" workspace_id="w7" tab_id="w7:t1"
2026-08-19T14:16:24.966807Z  INFO herdr::logging: tab focused event="tab.focus" subsystem="tab" outcome="ok" workspace_id="w7" tab_id="w7:t1"
2026-08-19T14:16:24.966931Z  INFO herdr::logging: api request completed event="api.request.complete" subsystem="api" outcome="ok" request_id="herdr-nvim-nav" method="pane.focus_direction"
2026-08-19T14:16:25.269986Z  INFO herdr::logging: api request received event="api.request.start" subsystem="api" outcome="started" request_id="herdr-nvim-nav" method="pane.focus_direction" changes_ui=true
2026-08-19T14:16:25.270092Z  INFO herdr::logging: tab focused event="tab.focus" subsystem="tab" outcome="ok" workspace_id="w7" tab_id="w7:t1"
2026-08-19T14:16:25.270129Z  INFO herdr::logging: tab focused event="tab.focus" subsystem="tab" outcome="ok" workspace_id="w7" tab_id="w7:t1"
2026-08-19T14:16:25.270179Z  INFO herdr::logging: api request completed event="api.request.complete" subsystem="api" outcome="ok" request_id="herdr-nvim-nav" method="pane.focus_direction"
2026-08-19T14:16:25.680150Z  INFO herdr::logging: api request received event="api.request.start" subsystem="api" outcome="started" request_id="herdr-nvim-nav" method="pane.focus_direction" changes_ui=true
2026-08-19T14:16:25.680361Z  INFO herdr::logging: tab focused event="tab.focus" subsystem="tab" outcome="ok" workspace_id="w7" tab_id="w7:t1"
2026-08-19T14:16:25.680499Z  INFO herdr::logging: tab focused event="tab.focus" subsystem="tab" outcome="ok" workspace_id="w7" tab_id="w7:t1"
2026-08-19T14:16:25.680605Z  INFO herdr::logging: api request completed event="api.request.complete" subsystem="api" outcome="ok" request_id="herdr-nvim-nav" method="pane.focus_direction"
2026-08-19T14:16:26.134324Z  INFO herdr::logging: api request received event="api.request.start" subsystem="api" outcome="started" request_id="herdr-nvim-nav" method="pane.focus_direction" changes_ui=true
2026-08-19T14:16:26.134559Z  INFO herdr::logging: tab focused event="tab.focus" subsystem="tab" outcome="ok" workspace_id="w7" tab_id="w7:t1"
2026-08-19T14:16:26.134613Z  INFO herdr::logging: tab focused event="tab.focus" subsystem="tab" outcome="ok" workspace_id="w7" tab_id="w7:t1"
2026-08-19T14:16:26.134711Z  INFO herdr::logging: api request completed event="api.request.complete" subsystem="api" outcome="ok" request_id="herdr-nvim-nav" method="pane.focus_direction"
2026-08-19T14:16:30.537023Z  INFO herdr::logging: api request received event="api.request.start" subsystem="api" outcome="started" request_id="herdr-nvim-nav" method="pane.focus_direction" changes_ui=true
2026-08-19T14:16:30.537161Z  INFO herdr::logging: api request completed event="api.request.complete" subsystem="api" outcome="ok" request_id="herdr-nvim-nav" method="pane.focus_direction"
2026-08-19T14:16:31.140695Z  INFO herdr::logging: session saved event="persist.save" subsystem="persist" outcome="ok" path=/Users/jason/.config/herdr/session.json workspaces=7
2026-08-19T14:16:34.664011Z  INFO herdr::logging: api request received event="api.request.start" subsystem="api" outcome="started" request_id="herdr-nvim-nav" method="pane.focus_direction" changes_ui=true
2026-08-19T14:16:34.664277Z  INFO herdr::logging: api request completed event="api.request.complete" subsystem="api" outcome="ok" request_id="herdr-nvim-nav" method="pane.focus_direction"
2026-08-19T14:16:35.166650Z  INFO herdr::logging: api request received event="api.request.start" subsystem="api" outcome="started" request_id="herdr-nvim-nav" method="pane.focus_direction" changes_ui=true
2026-08-19T14:16:35.166948Z  INFO herdr::logging: api request completed event="api.request.complete" subsystem="api" outcome="ok" request_id="herdr-nvim-nav" method="pane.focus_direction"
2026-08-19T14:16:35.388083Z  INFO herdr::logging: api request received event="api.request.start" subsystem="api" outcome="started" request_id="herdr-nvim-nav" method="pane.focus_direction" changes_ui=true
2026-08-19T14:16:35.388320Z  INFO herdr::logging: api request completed event="api.request.complete" subsystem="api" outcome="ok" request_id="herdr-nvim-nav" method="pane.focus_direction"
2026-08-19T14:16:37.315484Z  INFO herdr::logging: api request received event="api.request.start" subsystem="api" outcome="started" request_id="herdr-nvim-nav" method="pane.focus_direction" changes_ui=true
2026-08-19T14:16:37.315751Z  INFO herdr::logging: api request completed event="api.request.complete" subsystem="api" outcome="ok" request_id="herdr-nvim-nav" method="pane.focus_direction"
2026-08-19T14:16:37.799100Z  INFO herdr::logging: api request received event="api.request.start" subsystem="api" outcome="started" request_id="herdr-nvim-nav" method="pane.focus_direction" changes_ui=true
2026-08-19T14:16:37.799373Z  INFO herdr::logging: tab focused event="tab.focus" subsystem="tab" outcome="ok" workspace_id="w7" tab_id="w7:t1"
2026-08-19T14:16:37.799439Z  INFO herdr::logging: tab focused event="tab.focus" subsystem="tab" outcome="ok" workspace_id="w7" tab_id="w7:t1"
2026-08-19T14:16:37.799569Z  INFO herdr::logging: api request completed event="api.request.complete" subsystem="api" outcome="ok" request_id="herdr-nvim-nav" method="pane.focus_direction"
2026-08-19T14:16:39.199079Z  INFO herdr::logging: api request received event="api.request.start" subsystem="api" outcome="started" request_id="herdr-nvim-nav" method="pane.focus_direction" changes_ui=true
2026-08-19T14:16:39.199337Z  INFO herdr::logging: tab focused event="tab.focus" subsystem="tab" outcome="ok" workspace_id="w7" tab_id="w7:t1"
2026-08-19T14:16:39.199404Z  INFO herdr::logging: tab focused event="tab.focus" subsystem="tab" outcome="ok" workspace_id="w7" tab_id="w7:t1"
2026-08-19T14:16:39.199517Z  INFO herdr::logging: api request completed event="api.request.complete" subsystem="api" outcome="ok" request_id="herdr-nvim-nav" method="pane.focus_direction"
2026-08-19T14:16:40.275843Z  INFO herdr::logging: api request received event="api.request.start" subsystem="api" outcome="started" request_id="herdr-nvim-nav" method="pane.focus_direction" changes_ui=true
2026-08-19T14:16:40.276117Z  INFO herdr::logging: api request completed event="api.request.complete" subsystem="api" outcome="ok" request_id="herdr-nvim-nav" method="pane.focus_direction"
2026-08-19T14:16:44.208022Z  INFO herdr::logging: session saved event="persist.save" subsystem="persist" outcome="ok" path=/Users/jason/.config/herdr/session.json workspaces=7
2026-08-19T14:16:45.305185Z  INFO herdr::logging: api request received event="api.request.start" subsystem="api" outcome="started" request_id="herdr-nvim-nav" method="pane.focus_direction" changes_ui=true
2026-08-19T14:16:45.305336Z  INFO herdr::logging: api request completed event="api.request.complete" subsystem="api" outcome="ok" request_id="herdr-nvim-nav" method="pane.focus_direction"
2026-08-19T14:16:45.846302Z  INFO herdr::logging: api request received event="api.request.start" subsystem="api" outcome="started" request_id="herdr-nvim-nav" method="pane.focus_direction" changes_ui=true
2026-08-19T14:16:45.846645Z  INFO herdr::logging: api request completed event="api.request.complete" subsystem="api" outcome="ok" request_id="herdr-nvim-nav" method="pane.focus_direction"
2026-08-19T14:16:46.151722Z  INFO herdr::logging: api request received event="api.request.start" subsystem="api" outcome="started" request_id="herdr-nvim-nav" method="pane.focus_direction" changes_ui=true
2026-08-19T14:16:46.151862Z  INFO herdr::logging: api request completed event="api.request.complete" subsystem="api" outcome="ok" request_id="herdr-nvim-nav" method="pane.focus_direction"
2026-08-19T14:16:46.362732Z  INFO herdr::logging: api request received event="api.request.start" subsystem="api" outcome="started" request_id="herdr-nvim-nav" method="pane.focus_direction" changes_ui=true
2026-08-19T14:16:46.363019Z  INFO herdr::logging: api request completed event="api.request.complete" subsystem="api" outcome="ok" request_id="herdr-nvim-nav" method="pane.focus_direction"
2026-08-19T14:16:50.329231Z  INFO herdr::logging: api request received event="api.request.start" subsystem="api" outcome="started" request_id="herdr-nvim-nav" method="pane.focus_direction" changes_ui=true
2026-08-19T14:16:50.329470Z  INFO herdr::logging: api request completed event="api.request.complete" subsystem="api" outcome="ok" request_id="herdr-nvim-nav" method="pane.focus_direction"
2026-08-19T14:16:50.508387Z  INFO herdr::logging: api request received event="api.request.start" subsystem="api" outcome="started" request_id="herdr-nvim-nav" method="pane.focus_direction" changes_ui=true
2026-08-19T14:16:50.508523Z  INFO herdr::logging: api request completed event="api.request.complete" subsystem="api" outcome="ok" request_id="herdr-nvim-nav" method="pane.focus_direction"
2026-08-19T14:16:50.739566Z  INFO herdr::logging: api request received event="api.request.start" subsystem="api" outcome="started" request_id="herdr-nvim-nav" method="pane.focus_direction" changes_ui=true
2026-08-19T14:16:50.739727Z  INFO herdr::logging: api request completed event="api.request.complete" subsystem="api" outcome="ok" request_id="herdr-nvim-nav" method="pane.focus_direction"
2026-08-19T14:16:51.004778Z  INFO herdr::logging: api request received event="api.request.start" subsystem="api" outcome="started" request_id="herdr-nvim-nav" method="pane.focus_direction" changes_ui=true
2026-08-19T14:16:51.004907Z  INFO herdr::logging: api request completed event="api.request.complete" subsystem="api" outcome="ok" request_id="herdr-nvim-nav" method="pane.focus_direction"
2026-08-19T14:16:51.317379Z  INFO herdr::logging: api request received event="api.request.start" subsystem="api" outcome="started" request_id="herdr-nvim-nav" method="pane.focus_direction" changes_ui=true
2026-08-19T14:16:51.317543Z  INFO herdr::logging: api request completed event="api.request.complete" subsystem="api" outcome="ok" request_id="herdr-nvim-nav" method="pane.focus_direction"
2026-08-19T14:16:51.569935Z  INFO herdr::logging: api request received event="api.request.start" subsystem="api" outcome="started" request_id="herdr-nvim-nav" method="pane.focus_direction" changes_ui=true
2026-08-19T14:16:51.570214Z  INFO herdr::logging: api request completed event="api.request.complete" subsystem="api" outcome="ok" request_id="herdr-nvim-nav" method="pane.focus_direction"
2026-08-19T14:16:51.852073Z  INFO herdr::logging: api request received event="api.request.start" subsystem="api" outcome="started" request_id="herdr-nvim-nav" method="pane.focus_direction" changes_ui=true
2026-08-19T14:16:51.852250Z  INFO herdr::logging: api request completed event="api.request.complete" subsystem="api" outcome="ok" request_id="herdr-nvim-nav" method="pane.focus_direction"
2026-08-19T14:16:52.395133Z  INFO herdr::logging: api request received event="api.request.start" subsystem="api" outcome="started" request_id="herdr-nvim-nav" method="pane.focus_direction" changes_ui=true
2026-08-19T14:16:52.395411Z  INFO herdr::logging: api request completed event="api.request.complete" subsystem="api" outcome="ok" request_id="herdr-nvim-nav" method="pane.focus_direction"
2026-08-19T14:16:52.746805Z  INFO herdr::logging: api request received event="api.request.start" subsystem="api" outcome="started" request_id="herdr-nvim-nav" method="pane.focus_direction" changes_ui=true
2026-08-19T14:16:52.747067Z  INFO herdr::logging: tab focused event="tab.focus" subsystem="tab" outcome="ok" workspace_id="w7" tab_id="w7:t1"
2026-08-19T14:16:52.747117Z  INFO herdr::logging: tab focused event="tab.focus" subsystem="tab" outcome="ok" workspace_id="w7" tab_id="w7:t1"
2026-08-19T14:16:52.747267Z  INFO herdr::logging: api request completed event="api.request.complete" subsystem="api" outcome="ok" request_id="herdr-nvim-nav" method="pane.focus_direction"
2026-08-19T14:16:53.483502Z  INFO herdr::logging: api request received event="api.request.start" subsystem="api" outcome="started" request_id="herdr-nvim-nav" method="pane.focus_direction" changes_ui=true
2026-08-19T14:16:53.483664Z  INFO herdr::logging: api request completed event="api.request.complete" subsystem="api" outcome="ok" request_id="herdr-nvim-nav" method="pane.focus_direction"
2026-08-19T14:16:54.240548Z  INFO herdr::logging: api request received event="api.request.start" subsystem="api" outcome="started" request_id="herdr-nvim-nav" method="pane.focus_direction" changes_ui=true
2026-08-19T14:16:54.240660Z  INFO herdr::logging: api request completed event="api.request.complete" subsystem="api" outcome="ok" request_id="herdr-nvim-nav" method="pane.focus_direction"
2026-08-19T14:16:55.522217Z  INFO herdr::logging: api request received event="api.request.start" subsystem="api" outcome="started" request_id="herdr-nvim-nav" method="pane.focus_direction" changes_ui=true
2026-08-19T14:16:55.522448Z  INFO herdr::logging: tab focused event="tab.focus" subsystem="tab" outcome="ok" workspace_id="w7" tab_id="w7:t1"
2026-08-19T14:16:55.522501Z  INFO herdr::logging: tab focused event="tab.focus" subsystem="tab" outcome="ok" workspace_id="w7" tab_id="w7:t1"
2026-08-19T14:16:55.522609Z  INFO herdr::logging: api request completed event="api.request.complete" subsystem="api" outcome="ok" request_id="herdr-nvim-nav" method="pane.focus_direction"
2026-08-19T14:17:00.530075Z  INFO herdr::logging: session saved event="persist.save" subsystem="persist" outcome="ok" path=/Users/jason/.config/herdr/session.json workspaces=7
2026-08-19T14:17:08.104963Z  INFO herdr::logging: api request received event="api.request.start" subsystem="api" outcome="started" request_id="herdr-nvim-nav" method="pane.focus_direction" changes_ui=true
2026-08-19T14:17:08.105134Z  INFO herdr::logging: api request completed event="api.request.complete" subsystem="api" outcome="ok" request_id="herdr-nvim-nav" method="pane.focus_direction"
2026-08-19T14:17:08.457049Z  INFO herdr::logging: api request received event="api.request.start" subsystem="api" outcome="started" request_id="herdr-nvim-nav" method="pane.focus_direction" changes_ui=true
2026-08-19T14:17:08.457208Z  INFO herdr::logging: api request completed event="api.request.complete" subsystem="api" outcome="ok" request_id="herdr-nvim-nav" method="pane.focus_direction"
2026-08-19T14:17:52.490808Z  INFO herdr::logging: api request received event="api.request.start" subsystem="api" outcome="started" request_id="herdr-nvim-nav" method="pane.focus_direction" changes_ui=true
2026-08-19T14:17:52.491066Z  INFO herdr::logging: tab focused event="tab.focus" subsystem="tab" outcome="ok" workspace_id="w7" tab_id="w7:t1"
2026-08-19T14:17:52.491131Z  INFO herdr::logging: tab focused event="tab.focus" subsystem="tab" outcome="ok" workspace_id="w7" tab_id="w7:t1"
2026-08-19T14:17:52.491257Z  INFO herdr::logging: api request completed event="api.request.complete" subsystem="api" outcome="ok" request_id="herdr-nvim-nav" method="pane.focus_direction"
2026-08-19T14:17:53.762398Z  INFO herdr::logging: api request received event="api.request.start" subsystem="api" outcome="started" request_id="herdr-nvim-nav" method="pane.focus_direction" changes_ui=true
2026-08-19T14:17:53.762549Z  INFO herdr::logging: tab focused event="tab.focus" subsystem="tab" outcome="ok" workspace_id="w7" tab_id="w7:t1"
2026-08-19T14:17:53.762582Z  INFO herdr::logging: tab focused event="tab.focus" subsystem="tab" outcome="ok" workspace_id="w7" tab_id="w7:t1"
2026-08-19T14:17:53.762661Z  INFO herdr::logging: api request completed event="api.request.complete" subsystem="api" outcome="ok" request_id="herdr-nvim-nav" method="pane.focus_direction"
2026-08-19T14:17:58.770534Z  INFO herdr::logging: session saved event="persist.save" subsystem="persist" outcome="ok" path=/Users/jason/.config/herdr/session.json workspaces=7
2026-08-19T14:21:26.827618Z  INFO herdr::logging: api request received event="api.request.start" subsystem="api" outcome="started" request_id="herdr-nvim-nav" method="pane.focus_direction" changes_ui=true
2026-08-19T14:21:26.827857Z  INFO herdr::logging: api request completed event="api.request.complete" subsystem="api" outcome="ok" request_id="herdr-nvim-nav" method="pane.focus_direction"
2026-08-19T14:21:26.977032Z  INFO herdr::logging: api request received event="api.request.start" subsystem="api" outcome="started" request_id="herdr-nvim-nav" method="pane.focus_direction" changes_ui=true
2026-08-19T14:21:26.977245Z  INFO herdr::logging: api request completed event="api.request.complete" subsystem="api" outcome="ok" request_id="herdr-nvim-nav" method="pane.focus_direction"
2026-08-19T14:21:27.180007Z  INFO herdr::logging: api request received event="api.request.start" subsystem="api" outcome="started" request_id="herdr-nvim-nav" method="pane.focus_direction" changes_ui=true
2026-08-19T14:21:27.180187Z  INFO herdr::logging: api request completed event="api.request.complete" subsystem="api" outcome="ok" request_id="herdr-nvim-nav" method="pane.focus_direction"
2026-08-19T14:21:28.698191Z  INFO herdr::logging: api request received event="api.request.start" subsystem="api" outcome="started" request_id="herdr-nvim-nav" method="pane.focus_direction" changes_ui=true
2026-08-19T14:21:28.698480Z  INFO herdr::logging: api request completed event="api.request.complete" subsystem="api" outcome="ok" request_id="herdr-nvim-nav" method="pane.focus_direction"
2026-08-19T14:21:28.898815Z  INFO herdr::logging: api request received event="api.request.start" subsystem="api" outcome="started" request_id="herdr-nvim-nav" method="pane.focus_direction" changes_ui=true
2026-08-19T14:21:28.899119Z  INFO herdr::logging: api request completed event="api.request.complete" subsystem="api" outcome="ok" request_id="herdr-nvim-nav" method="pane.focus_direction"
2026-08-19T14:21:30.131098Z  INFO herdr::logging: api request received event="api.request.start" subsystem="api" outcome="started" request_id="herdr-nvim-nav" method="pane.focus_direction" changes_ui=true
2026-08-19T14:21:30.131386Z  INFO herdr::logging: api request completed event="api.request.complete" subsystem="api" outcome="ok" request_id="herdr-nvim-nav" method="pane.focus_direction"
2026-08-19T14:21:30.362994Z  INFO herdr::logging: api request received event="api.request.start" subsystem="api" outcome="started" request_id="herdr-nvim-nav" method="pane.focus_direction" changes_ui=true
2026-08-19T14:21:30.363258Z  INFO herdr::logging: api request completed event="api.request.complete" subsystem="api" outcome="ok" request_id="herdr-nvim-nav" method="pane.focus_direction"
2026-08-19T14:21:30.630880Z  INFO herdr::logging: api request received event="api.request.start" subsystem="api" outcome="started" request_id="herdr-nvim-nav" method="pane.focus_direction" changes_ui=true
2026-08-19T14:21:30.631274Z  INFO herdr::logging: api request completed event="api.request.complete" subsystem="api" outcome="ok" request_id="herdr-nvim-nav" method="pane.focus_direction"
2026-08-19T14:21:30.947828Z  INFO herdr::logging: api request received event="api.request.start" subsystem="api" outcome="started" request_id="herdr-nvim-nav" method="pane.focus_direction" changes_ui=true
2026-08-19T14:21:30.948164Z  INFO herdr::logging: api request completed event="api.request.complete" subsystem="api" outcome="ok" request_id="herdr-nvim-nav" method="pane.focus_direction"
2026-08-19T14:21:31.236174Z  INFO herdr::logging: api request received event="api.request.start" subsystem="api" outcome="started" request_id="herdr-nvim-nav" method="pane.focus_direction" changes_ui=true
2026-08-19T14:21:31.236314Z  INFO herdr::logging: api request completed event="api.request.complete" subsystem="api" outcome="ok" request_id="herdr-nvim-nav" method="pane.focus_direction"
2026-08-19T14:21:36.025554Z  INFO herdr::logging: api request received event="api.request.start" subsystem="api" outcome="started" request_id="herdr-nvim-nav" method="pane.focus_direction" changes_ui=true
2026-08-19T14:21:36.025850Z  INFO herdr::logging: api request completed event="api.request.complete" subsystem="api" outcome="ok" request_id="herdr-nvim-nav" method="pane.focus_direction"
2026-08-19T14:21:36.226077Z  INFO herdr::logging: api request received event="api.request.start" subsystem="api" outcome="started" request_id="herdr-nvim-nav" method="pane.focus_direction" changes_ui=true
2026-08-19T14:21:36.226194Z  INFO herdr::logging: api request completed event="api.request.complete" subsystem="api" outcome="ok" request_id="herdr-nvim-nav" method="pane.focus_direction"
2026-08-19T14:21:36.487698Z  INFO herdr::logging: api request received event="api.request.start" subsystem="api" outcome="started" request_id="herdr-nvim-nav" method="pane.focus_direction" changes_ui=true
2026-08-19T14:21:36.488011Z  INFO herdr::logging: api request completed event="api.request.complete" subsystem="api" outcome="ok" request_id="herdr-nvim-nav" method="pane.focus_direction"
2026-08-19T14:21:39.727091Z  INFO herdr::logging: api request received event="api.request.start" subsystem="api" outcome="started" request_id="herdr-nvim-nav" method="pane.focus_direction" changes_ui=true
2026-08-19T14:21:39.727407Z  INFO herdr::logging: api request completed event="api.request.complete" subsystem="api" outcome="ok" request_id="herdr-nvim-nav" method="pane.focus_direction"
2026-08-19T14:21:39.991131Z  INFO herdr::logging: api request received event="api.request.start" subsystem="api" outcome="started" request_id="herdr-nvim-nav" method="pane.focus_direction" changes_ui=true
2026-08-19T14:21:39.991432Z  INFO herdr::logging: api request completed event="api.request.complete" subsystem="api" outcome="ok" request_id="herdr-nvim-nav" method="pane.focus_direction"
2026-08-19T14:21:40.185610Z  INFO herdr::logging: api request received event="api.request.start" subsystem="api" outcome="started" request_id="herdr-nvim-nav" method="pane.focus_direction" changes_ui=true
2026-08-19T14:21:40.185885Z  INFO herdr::logging: api request completed event="api.request.complete" subsystem="api" outcome="ok" request_id="herdr-nvim-nav" method="pane.focus_direction"
2026-08-19T14:21:40.377606Z  INFO herdr::logging: api request received event="api.request.start" subsystem="api" outcome="started" request_id="herdr-nvim-nav" method="pane.focus_direction" changes_ui=true
2026-08-19T14:21:40.377885Z  INFO herdr::logging: api request completed event="api.request.complete" subsystem="api" outcome="ok" request_id="herdr-nvim-nav" method="pane.focus_direction"
2026-08-19T14:21:40.552317Z  INFO herdr::logging: api request received event="api.request.start" subsystem="api" outcome="started" request_id="herdr-nvim-nav" method="pane.focus_direction" changes_ui=true
2026-08-19T14:21:40.552595Z  INFO herdr::logging: api request completed event="api.request.complete" subsystem="api" outcome="ok" request_id="herdr-nvim-nav" method="pane.focus_direction"
2026-08-19T14:21:40.884644Z  INFO herdr::logging: api request received event="api.request.start" subsystem="api" outcome="started" request_id="herdr-nvim-nav" method="pane.focus_direction" changes_ui=true
2026-08-19T14:21:40.884784Z  INFO herdr::logging: tab focused event="tab.focus" subsystem="tab" outcome="ok" workspace_id="w7" tab_id="w7:t1"
2026-08-19T14:21:40.884826Z  INFO herdr::logging: tab focused event="tab.focus" subsystem="tab" outcome="ok" workspace_id="w7" tab_id="w7:t1"
2026-08-19T14:21:40.884902Z  INFO herdr::logging: api request completed event="api.request.complete" subsystem="api" outcome="ok" request_id="herdr-nvim-nav" method="pane.focus_direction"
2026-08-19T14:21:41.092931Z  INFO herdr::logging: api request received event="api.request.start" subsystem="api" outcome="started" request_id="herdr-nvim-nav" method="pane.focus_direction" changes_ui=true
2026-08-19T14:21:41.093221Z  INFO herdr::logging: api request completed event="api.request.complete" subsystem="api" outcome="ok" request_id="herdr-nvim-nav" method="pane.focus_direction"
2026-08-19T14:21:41.355872Z  INFO herdr::logging: api request received event="api.request.start" subsystem="api" outcome="started" request_id="herdr-nvim-nav" method="pane.focus_direction" changes_ui=true
2026-08-19T14:21:41.355986Z  INFO herdr::logging: api request completed event="api.request.complete" subsystem="api" outcome="ok" request_id="herdr-nvim-nav" method="pane.focus_direction"
2026-08-19T14:21:41.812504Z  INFO herdr::logging: api request received event="api.request.start" subsystem="api" outcome="started" request_id="herdr-nvim-nav" method="pane.focus_direction" changes_ui=true
2026-08-19T14:21:41.812644Z  INFO herdr::logging: api request completed event="api.request.complete" subsystem="api" outcome="ok" request_id="herdr-nvim-nav" method="pane.focus_direction"
2026-08-19T14:21:42.085888Z  INFO herdr::logging: api request received event="api.request.start" subsystem="api" outcome="started" request_id="herdr-nvim-nav" method="pane.focus_direction" changes_ui=true
2026-08-19T14:21:42.086102Z  INFO herdr::logging: api request completed event="api.request.complete" subsystem="api" outcome="ok" request_id="herdr-nvim-nav" method="pane.focus_direction"
2026-08-19T14:21:42.344290Z  INFO herdr::logging: api request received event="api.request.start" subsystem="api" outcome="started" request_id="herdr-nvim-nav" method="pane.focus_direction" changes_ui=true
2026-08-19T14:21:42.344629Z  INFO herdr::logging: api request completed event="api.request.complete" subsystem="api" outcome="ok" request_id="herdr-nvim-nav" method="pane.focus_direction"
2026-08-19T14:21:42.534173Z  INFO herdr::logging: api request received event="api.request.start" subsystem="api" outcome="started" request_id="herdr-nvim-nav" method="pane.focus_direction" changes_ui=true
2026-08-19T14:21:42.534498Z  INFO herdr::logging: api request completed event="api.request.complete" subsystem="api" outcome="ok" request_id="herdr-nvim-nav" method="pane.focus_direction"
2026-08-19T14:21:42.764143Z  INFO herdr::logging: api request received event="api.request.start" subsystem="api" outcome="started" request_id="herdr-nvim-nav" method="pane.focus_direction" changes_ui=true
2026-08-19T14:21:42.764252Z  INFO herdr::logging: tab focused event="tab.focus" subsystem="tab" outcome="ok" workspace_id="w7" tab_id="w7:t1"
2026-08-19T14:21:42.764273Z  INFO herdr::logging: tab focused event="tab.focus" subsystem="tab" outcome="ok" workspace_id="w7" tab_id="w7:t1"
2026-08-19T14:21:42.764314Z  INFO herdr::logging: api request completed event="api.request.complete" subsystem="api" outcome="ok" request_id="herdr-nvim-nav" method="pane.focus_direction"
2026-08-19T14:21:43.018907Z  INFO herdr::logging: api request received event="api.request.start" subsystem="api" outcome="started" request_id="herdr-nvim-nav" method="pane.focus_direction" changes_ui=true
2026-08-19T14:21:43.019187Z  INFO herdr::logging: api request completed event="api.request.complete" subsystem="api" outcome="ok" request_id="herdr-nvim-nav" method="pane.focus_direction"
2026-08-19T14:21:43.426997Z  INFO herdr::logging: api request received event="api.request.start" subsystem="api" outcome="started" request_id="herdr-nvim-nav" method="pane.focus_direction" changes_ui=true
2026-08-19T14:21:43.427271Z  INFO herdr::logging: api request completed event="api.request.complete" subsystem="api" outcome="ok" request_id="herdr-nvim-nav" method="pane.focus_direction"
2026-08-19T14:21:43.678608Z  INFO herdr::logging: api request received event="api.request.start" subsystem="api" outcome="started" request_id="herdr-nvim-nav" method="pane.focus_direction" changes_ui=true
2026-08-19T14:21:43.678857Z  INFO herdr::logging: api request completed event="api.request.complete" subsystem="api" outcome="ok" request_id="herdr-nvim-nav" method="pane.focus_direction"
2026-08-19T14:21:44.152193Z  INFO herdr::logging: api request received event="api.request.start" subsystem="api" outcome="started" request_id="herdr-nvim-nav" method="pane.focus_direction" changes_ui=true
2026-08-19T14:21:44.152495Z  INFO herdr::logging: api request completed event="api.request.complete" subsystem="api" outcome="ok" request_id="herdr-nvim-nav" method="pane.focus_direction"
2026-08-19T14:21:44.385995Z  INFO herdr::logging: api request received event="api.request.start" subsystem="api" outcome="started" request_id="herdr-nvim-nav" method="pane.focus_direction" changes_ui=true
2026-08-19T14:21:44.386245Z  INFO herdr::logging: api request completed event="api.request.complete" subsystem="api" outcome="ok" request_id="herdr-nvim-nav" method="pane.focus_direction"
2026-08-19T14:21:44.566064Z  INFO herdr::logging: api request received event="api.request.start" subsystem="api" outcome="started" request_id="herdr-nvim-nav" method="pane.focus_direction" changes_ui=true
2026-08-19T14:21:44.566326Z  INFO herdr::logging: api request completed event="api.request.complete" subsystem="api" outcome="ok" request_id="herdr-nvim-nav" method="pane.focus_direction"
2026-08-19T14:21:44.768127Z  INFO herdr::logging: api request received event="api.request.start" subsystem="api" outcome="started" request_id="herdr-nvim-nav" method="pane.focus_direction" changes_ui=true
2026-08-19T14:21:44.768392Z  INFO herdr::logging: api request completed event="api.request.complete" subsystem="api" outcome="ok" request_id="herdr-nvim-nav" method="pane.focus_direction"
2026-08-19T14:21:44.967825Z  INFO herdr::logging: api request received event="api.request.start" subsystem="api" outcome="started" request_id="herdr-nvim-nav" method="pane.focus_direction" changes_ui=true
2026-08-19T14:21:44.968111Z  INFO herdr::logging: api request completed event="api.request.complete" subsystem="api" outcome="ok" request_id="herdr-nvim-nav" method="pane.focus_direction"
2026-08-19T14:21:45.208757Z  INFO herdr::logging: api request received event="api.request.start" subsystem="api" outcome="started" request_id="herdr-nvim-nav" method="pane.focus_direction" changes_ui=true
2026-08-19T14:21:45.208961Z  INFO herdr::logging: api request completed event="api.request.complete" subsystem="api" outcome="ok" request_id="herdr-nvim-nav" method="pane.focus_direction"
2026-08-19T14:21:45.508659Z  INFO herdr::logging: api request received event="api.request.start" subsystem="api" outcome="started" request_id="herdr-nvim-nav" method="pane.focus_direction" changes_ui=true
2026-08-19T14:21:45.508859Z  INFO herdr::logging: api request completed event="api.request.complete" subsystem="api" outcome="ok" request_id="herdr-nvim-nav" method="pane.focus_direction"
2026-08-19T14:21:45.720102Z  INFO herdr::logging: api request received event="api.request.start" subsystem="api" outcome="started" request_id="herdr-nvim-nav" method="pane.focus_direction" changes_ui=true
2026-08-19T14:21:45.720233Z  INFO herdr::logging: api request completed event="api.request.complete" subsystem="api" outcome="ok" request_id="herdr-nvim-nav" method="pane.focus_direction"
2026-08-19T14:21:46.029534Z  INFO herdr::logging: api request received event="api.request.start" subsystem="api" outcome="started" request_id="herdr-nvim-nav" method="pane.focus_direction" changes_ui=true
2026-08-19T14:21:46.029878Z  INFO herdr::logging: api request completed event="api.request.complete" subsystem="api" outcome="ok" request_id="herdr-nvim-nav" method="pane.focus_direction"
2026-08-19T14:21:46.271962Z  INFO herdr::logging: api request received event="api.request.start" subsystem="api" outcome="started" request_id="herdr-nvim-nav" method="pane.focus_direction" changes_ui=true
2026-08-19T14:21:46.272083Z  INFO herdr::logging: api request completed event="api.request.complete" subsystem="api" outcome="ok" request_id="herdr-nvim-nav" method="pane.focus_direction"
2026-08-19T14:21:46.577848Z  INFO herdr::logging: api request received event="api.request.start" subsystem="api" outcome="started" request_id="herdr-nvim-nav" method="pane.focus_direction" changes_ui=true
2026-08-19T14:21:46.578164Z  INFO herdr::logging: api request completed event="api.request.complete" subsystem="api" outcome="ok" request_id="herdr-nvim-nav" method="pane.focus_direction"
2026-08-19T14:21:46.842343Z  INFO herdr::logging: api request received event="api.request.start" subsystem="api" outcome="started" request_id="herdr-nvim-nav" method="pane.focus_direction" changes_ui=true
2026-08-19T14:21:46.842549Z  INFO herdr::logging: api request completed event="api.request.complete" subsystem="api" outcome="ok" request_id="herdr-nvim-nav" method="pane.focus_direction"
2026-08-19T14:21:47.051049Z  INFO herdr::logging: api request received event="api.request.start" subsystem="api" outcome="started" request_id="herdr-nvim-nav" method="pane.focus_direction" changes_ui=true
2026-08-19T14:21:47.051289Z  INFO herdr::logging: api request completed event="api.request.complete" subsystem="api" outcome="ok" request_id="herdr-nvim-nav" method="pane.focus_direction"
2026-08-19T14:21:47.274617Z  INFO herdr::logging: api request received event="api.request.start" subsystem="api" outcome="started" request_id="herdr-nvim-nav" method="pane.focus_direction" changes_ui=true
2026-08-19T14:21:47.274816Z  INFO herdr::logging: api request completed event="api.request.complete" subsystem="api" outcome="ok" request_id="herdr-nvim-nav" method="pane.focus_direction"
2026-08-19T14:21:47.499489Z  INFO herdr::logging: api request received event="api.request.start" subsystem="api" outcome="started" request_id="herdr-nvim-nav" method="pane.focus_direction" changes_ui=true
2026-08-19T14:21:47.499629Z  INFO herdr::logging: api request completed event="api.request.complete" subsystem="api" outcome="ok" request_id="herdr-nvim-nav" method="pane.focus_direction"
2026-08-19T14:21:47.772631Z  INFO herdr::logging: session saved event="persist.save" subsystem="persist" outcome="ok" path=/Users/jason/.config/herdr/session.json workspaces=7
2026-08-19T14:23:02.987122Z  INFO herdr::logging: api request received event="api.request.start" subsystem="api" outcome="started" request_id="herdr-nvim-nav" method="pane.focus_direction" changes_ui=true
2026-08-19T14:23:02.987394Z  INFO herdr::logging: api request completed event="api.request.complete" subsystem="api" outcome="ok" request_id="herdr-nvim-nav" method="pane.focus_direction"
2026-08-19T14:23:03.157999Z  INFO herdr::logging: api request received event="api.request.start" subsystem="api" outcome="started" request_id="herdr-nvim-nav" method="pane.focus_direction" changes_ui=true
2026-08-19T14:23:03.158206Z  INFO herdr::logging: api request completed event="api.request.complete" subsystem="api" outcome="ok" request_id="herdr-nvim-nav" method="pane.focus_direction"
2026-08-19T14:23:03.329066Z  INFO herdr::logging: api request received event="api.request.start" subsystem="api" outcome="started" request_id="herdr-nvim-nav" method="pane.focus_direction" changes_ui=true
2026-08-19T14:23:03.329161Z  INFO herdr::logging: api request completed event="api.request.complete" subsystem="api" outcome="ok" request_id="herdr-nvim-nav" method="pane.focus_direction"
2026-08-19T14:25:11.244153Z  INFO herdr::logging: tab focused event="tab.focus" subsystem="tab" outcome="ok" workspace_id="w7" tab_id="w7:t1"
2026-08-19T14:25:12.462984Z  INFO herdr::logging: api request received event="api.request.start" subsystem="api" outcome="started" request_id="herdr-nvim-nav" method="pane.focus_direction" changes_ui=true
2026-08-19T14:25:12.463115Z  INFO herdr::logging: tab focused event="tab.focus" subsystem="tab" outcome="ok" workspace_id="w7" tab_id="w7:t1"
2026-08-19T14:25:12.463152Z  INFO herdr::logging: tab focused event="tab.focus" subsystem="tab" outcome="ok" workspace_id="w7" tab_id="w7:t1"
2026-08-19T14:25:12.463206Z  INFO herdr::logging: api request completed event="api.request.complete" subsystem="api" outcome="ok" request_id="herdr-nvim-nav" method="pane.focus_direction"
2026-08-19T14:25:17.470594Z  INFO herdr::logging: session saved event="persist.save" subsystem="persist" outcome="ok" path=/Users/jason/.config/herdr/session.json workspaces=7
2026-08-19T14:26:03.680415Z  INFO herdr::logging: tab focused event="tab.focus" subsystem="tab" outcome="ok" workspace_id="w7" tab_id="w7:t1"
2026-08-19T14:26:04.686037Z  INFO herdr::logging: api request received event="api.request.start" subsystem="api" outcome="started" request_id="herdr-nvim-nav" method="pane.focus_direction" changes_ui=true
2026-08-19T14:26:04.686267Z  INFO herdr::logging: tab focused event="tab.focus" subsystem="tab" outcome="ok" workspace_id="w7" tab_id="w7:t1"
2026-08-19T14:26:04.686308Z  INFO herdr::logging: tab focused event="tab.focus" subsystem="tab" outcome="ok" workspace_id="w7" tab_id="w7:t1"
2026-08-19T14:26:04.686425Z  INFO herdr::logging: api request completed event="api.request.complete" subsystem="api" outcome="ok" request_id="herdr-nvim-nav" method="pane.focus_direction"
2026-08-19T14:26:09.695857Z  INFO herdr::logging: session saved event="persist.save" subsystem="persist" outcome="ok" path=/Users/jason/.config/herdr/session.json workspaces=7
2026-08-19T14:26:32.358649Z  INFO herdr::logging: api request received event="api.request.start" subsystem="api" outcome="started" request_id="herdr-nvim-nav" method="pane.focus_direction" changes_ui=true
2026-08-19T14:26:32.358745Z  INFO herdr::logging: tab focused event="tab.focus" subsystem="tab" outcome="ok" workspace_id="w7" tab_id="w7:t1"
2026-08-19T14:26:32.358765Z  INFO herdr::logging: tab focused event="tab.focus" subsystem="tab" outcome="ok" workspace_id="w7" tab_id="w7:t1"
2026-08-19T14:26:32.358815Z  INFO herdr::logging: api request completed event="api.request.complete" subsystem="api" outcome="ok" request_id="herdr-nvim-nav" method="pane.focus_direction"
2026-08-19T14:26:32.862327Z  INFO herdr::logging: api request received event="api.request.start" subsystem="api" outcome="started" request_id="herdr-nvim-nav" method="pane.focus_direction" changes_ui=true
2026-08-19T14:26:32.862503Z  INFO herdr::logging: tab focused event="tab.focus" subsystem="tab" outcome="ok" workspace_id="w7" tab_id="w7:t1"
2026-08-19T14:26:32.862564Z  INFO herdr::logging: tab focused event="tab.focus" subsystem="tab" outcome="ok" workspace_id="w7" tab_id="w7:t1"
2026-08-19T14:26:32.862652Z  INFO herdr::logging: api request completed event="api.request.complete" subsystem="api" outcome="ok" request_id="herdr-nvim-nav" method="pane.focus_direction"
2026-08-19T14:26:37.872246Z  INFO herdr::logging: session saved event="persist.save" subsystem="persist" outcome="ok" path=/Users/jason/.config/herdr/session.json workspaces=7
2026-08-19T14:28:25.195972Z  INFO herdr::logging: tab focused event="tab.focus" subsystem="tab" outcome="ok" workspace_id="w7" tab_id="w7:t1"
2026-08-19T14:28:26.085081Z  INFO herdr::logging: api request received event="api.request.start" subsystem="api" outcome="started" request_id="herdr-nvim-nav" method="pane.focus_direction" changes_ui=true
2026-08-19T14:28:26.085278Z  INFO herdr::logging: tab focused event="tab.focus" subsystem="tab" outcome="ok" workspace_id="w7" tab_id="w7:t1"
2026-08-19T14:28:26.085326Z  INFO herdr::logging: tab focused event="tab.focus" subsystem="tab" outcome="ok" workspace_id="w7" tab_id="w7:t1"
2026-08-19T14:28:26.085429Z  INFO herdr::logging: api request completed event="api.request.complete" subsystem="api" outcome="ok" request_id="herdr-nvim-nav" method="pane.focus_direction"
2026-08-19T14:28:31.090245Z  INFO herdr::logging: session saved event="persist.save" subsystem="persist" outcome="ok" path=/Users/jason/.config/herdr/session.json workspaces=7
2026-08-19T14:41:26.802822Z  INFO herdr::logging: tab focused event="tab.focus" subsystem="tab" outcome="ok" workspace_id="w7" tab_id="w7:t1"
2026-08-19T14:41:27.871516Z  INFO herdr::logging: api request received event="api.request.start" subsystem="api" outcome="started" request_id="herdr-nvim-nav" method="pane.focus_direction" changes_ui=true
2026-08-19T14:41:27.871733Z  INFO herdr::logging: tab focused event="tab.focus" subsystem="tab" outcome="ok" workspace_id="w7" tab_id="w7:t1"
2026-08-19T14:41:27.871790Z  INFO herdr::logging: tab focused event="tab.focus" subsystem="tab" outcome="ok" workspace_id="w7" tab_id="w7:t1"
2026-08-19T14:41:27.871906Z  INFO herdr::logging: api request completed event="api.request.complete" subsystem="api" outcome="ok" request_id="herdr-nvim-nav" method="pane.focus_direction"
2026-08-19T14:41:32.876134Z  INFO herdr::logging: session saved event="persist.save" subsystem="persist" outcome="ok" path=/Users/jason/.config/herdr/session.json workspaces=7
2026-08-19T14:42:12.081353Z  INFO herdr::logging: checking for updates event="update.check.start" subsystem="update" outcome="started"
2026-08-19T14:42:12.248382Z  WARN herdr::detect::manifest_update: skipping unknown remote manifest agent agent="qwen"
2026-08-19T15:12:12.099388Z  INFO herdr::logging: checking for updates event="update.check.start" subsystem="update" outcome="started"
2026-08-19T15:12:12.295779Z  WARN herdr::detect::manifest_update: skipping unknown remote manifest agent agent="qwen"
2026-08-19T15:42:12.109800Z  INFO herdr::logging: checking for updates event="update.check.start" subsystem="update" outcome="started"
2026-08-19T15:42:12.274515Z  WARN herdr::detect::manifest_update: skipping unknown remote manifest agent agent="qwen"
2026-08-19T16:12:12.114081Z  INFO herdr::logging: checking for updates event="update.check.start" subsystem="update" outcome="started"
2026-08-19T16:12:12.300670Z  WARN herdr::detect::manifest_update: skipping unknown remote manifest agent agent="qwen"
2026-08-19T16:42:12.120599Z  INFO herdr::logging: checking for updates event="update.check.start" subsystem="update" outcome="started"
2026-08-19T16:42:12.250443Z  WARN herdr::detect::manifest_update: skipping unknown remote manifest agent agent="qwen"
2026-08-19T17:12:12.119826Z  INFO herdr::logging: checking for updates event="update.check.start" subsystem="update" outcome="started"
2026-08-19T17:12:12.270610Z  WARN herdr::detect::manifest_update: skipping unknown remote manifest agent agent="qwen"
2026-08-19T17:42:12.119344Z  INFO herdr::logging: checking for updates event="update.check.start" subsystem="update" outcome="started"
2026-08-19T17:42:12.293345Z  WARN herdr::detect::manifest_update: skipping unknown remote manifest agent agent="qwen"
2026-08-19T18:12:12.121549Z  INFO herdr::logging: checking for updates event="update.check.start" subsystem="update" outcome="started"
2026-08-19T18:12:12.261534Z  WARN herdr::detect::manifest_update: skipping unknown remote manifest agent agent="qwen"
2026-08-19T18:42:12.123631Z  INFO herdr::logging: checking for updates event="update.check.start" subsystem="update" outcome="started"
2026-08-19T18:42:12.309234Z  WARN herdr::detect::manifest_update: skipping unknown remote manifest agent agent="qwen"
2026-08-19T19:12:12.134571Z  INFO herdr::logging: checking for updates event="update.check.start" subsystem="update" outcome="started"
2026-08-19T19:12:12.263162Z  WARN herdr::detect::manifest_update: skipping unknown remote manifest agent agent="qwen"
2026-08-19T19:42:12.132260Z  INFO herdr::logging: checking for updates event="update.check.start" subsystem="update" outcome="started"
2026-08-19T19:42:12.324788Z  WARN herdr::detect::manifest_update: skipping unknown remote manifest agent agent="qwen"
2026-08-19T20:12:12.139812Z  INFO herdr::logging: checking for updates event="update.check.start" subsystem="update" outcome="started"
2026-08-19T20:12:12.322873Z  WARN herdr::detect::manifest_update: skipping unknown remote manifest agent agent="qwen"
2026-08-19T20:42:12.141906Z  INFO herdr::logging: checking for updates event="update.check.start" subsystem="update" outcome="started"
2026-08-19T20:42:12.381155Z  WARN herdr::detect::manifest_update: skipping unknown remote manifest agent agent="qwen"
2026-08-19T21:12:12.150244Z  INFO herdr::logging: checking for updates event="update.check.start" subsystem="update" outcome="started"
2026-08-19T21:12:12.340181Z  WARN herdr::detect::manifest_update: skipping unknown remote manifest agent agent="qwen"
2026-08-19T21:42:12.158885Z  INFO herdr::logging: checking for updates event="update.check.start" subsystem="update" outcome="started"
2026-08-19T21:42:12.359984Z  WARN herdr::detect::manifest_update: skipping unknown remote manifest agent agent="qwen"
2026-08-19T22:12:12.171006Z  INFO herdr::logging: checking for updates event="update.check.start" subsystem="update" outcome="started"
2026-08-19T22:12:12.355435Z  INFO herdr::logging: update available event="update.available" subsystem="update" outcome="ok" version="0.8.2"
2026-08-19T22:12:12.364761Z  WARN herdr::detect::manifest_update: skipping unknown remote manifest agent agent="qwen"
2026-08-19T22:12:12.469791Z  INFO herdr::update: auto-update check: v0.8.2 available through Homebrew, waiting for explicit install
2026-08-19T23:45:36.980063Z  WARN herdr::detect::manifest_update: skipping unknown remote manifest agent agent="qwen"
2026-08-20T00:03:52.574285Z  INFO herdr::logging: api request received event="api.request.start" subsystem="api" outcome="started" request_id="herdr-nvim-nav" method="pane.focus_direction" changes_ui=true
2026-08-20T00:03:52.574702Z  INFO herdr::logging: tab focused event="tab.focus" subsystem="tab" outcome="ok" workspace_id="w7" tab_id="w7:t1"
2026-08-20T00:03:52.574723Z  INFO herdr::logging: tab focused event="tab.focus" subsystem="tab" outcome="ok" workspace_id="w7" tab_id="w7:t1"
2026-08-20T00:03:52.575249Z  INFO herdr::logging: api request completed event="api.request.complete" subsystem="api" outcome="ok" request_id="herdr-nvim-nav" method="pane.focus_direction"
2026-08-20T00:03:54.040178Z  INFO herdr::logging: pane child exited event="pane.exit" subsystem="pane" outcome="completed" pane_id=24 status="ExitStatus { code: 0, signal: None }"
2026-08-20T00:03:54.041248Z  INFO herdr::pane: pane session terminated pane=24 pid=28205 signal=Hangup
2026-08-20T00:03:59.047320Z  INFO herdr::logging: session saved event="persist.save" subsystem="persist" outcome="ok" path=/Users/jason/.config/herdr/session.json workspaces=7
2026-08-20T00:04:23.400360Z  INFO herdr::logging: tab focused event="tab.focus" subsystem="tab" outcome="ok" workspace_id="w7" tab_id="w7:t2"
2026-08-20T00:04:28.412927Z  INFO herdr::logging: session saved event="persist.save" subsystem="persist" outcome="ok" path=/Users/jason/.config/herdr/session.json workspaces=7
2026-08-20T00:04:43.953410Z  INFO herdr::logging: spawning pane terminal event="pane.spawn.start" subsystem="pane" outcome="started" pane_id=25 rows=39 cols=108 scrollback_limit_bytes=10000000
2026-08-20T00:04:43.964212Z  INFO herdr::logging: pane child spawned event="pane.spawned" subsystem="pane" outcome="ok" pane_id=25 pid=31027
2026-08-20T00:04:43.964992Z  INFO herdr::logging: tab focused event="tab.focus" subsystem="tab" outcome="ok" workspace_id="w7" tab_id="w7:t2"
2026-08-20T00:04:48.969274Z  INFO herdr::logging: session saved event="persist.save" subsystem="persist" outcome="ok" path=/Users/jason/.config/herdr/session.json workspaces=7
2026-08-20T00:05:18.629059Z  INFO herdr::logging: tab focused event="tab.focus" subsystem="tab" outcome="ok" workspace_id="w7" tab_id="w7:t2"
2026-08-20T00:05:20.615205Z  INFO herdr::logging: api request received event="api.request.start" subsystem="api" outcome="started" request_id="herdr-nvim-nav" method="pane.focus_direction" changes_ui=true
2026-08-20T00:05:20.615415Z  INFO herdr::logging: tab focused event="tab.focus" subsystem="tab" outcome="ok" workspace_id="w7" tab_id="w7:t2"
2026-08-20T00:05:20.615465Z  INFO herdr::logging: tab focused event="tab.focus" subsystem="tab" outcome="ok" workspace_id="w7" tab_id="w7:t2"
2026-08-20T00:05:20.615568Z  INFO herdr::logging: api request completed event="api.request.complete" subsystem="api" outcome="ok" request_id="herdr-nvim-nav" method="pane.focus_direction"
2026-08-20T00:05:25.622142Z  INFO herdr::logging: session saved event="persist.save" subsystem="persist" outcome="ok" path=/Users/jason/.config/herdr/session.json workspaces=7
2026-08-20T00:15:34.769207Z  WARN herdr::detect::manifest_update: skipping unknown remote manifest agent agent="qwen"
2026-08-20T00:16:36.686786Z  INFO herdr::server::headless: client resize client_id=6 cols=230 rows=61 cell_width_px=0 cell_height_px=0
2026-08-20T00:40:28.633013Z  INFO herdr::app::actions: copied selection to clipboard
2026-08-20T00:43:08.442484Z  INFO herdr::logging: api request received event="api.request.start" subsystem="api" outcome="started" request_id="nvim.nav" method="pane.focus_direction" changes_ui=true
2026-08-20T00:43:08.442571Z  INFO herdr::logging: tab focused event="tab.focus" subsystem="tab" outcome="ok" workspace_id="w7" tab_id="w7:t2"
2026-08-20T00:43:08.442594Z  INFO herdr::logging: tab focused event="tab.focus" subsystem="tab" outcome="ok" workspace_id="w7" tab_id="w7:t2"
2026-08-20T00:43:08.443167Z  INFO herdr::logging: api request completed event="api.request.complete" subsystem="api" outcome="ok" request_id="nvim.nav" method="pane.focus_direction"
2026-08-20T00:43:09.443022Z  INFO herdr::logging: api request received event="api.request.start" subsystem="api" outcome="started" request_id="herdr-nvim-nav" method="pane.focus_direction" changes_ui=true
2026-08-20T00:43:09.443101Z  INFO herdr::logging: tab focused event="tab.focus" subsystem="tab" outcome="ok" workspace_id="w7" tab_id="w7:t2"
2026-08-20T00:43:09.443121Z  INFO herdr::logging: tab focused event="tab.focus" subsystem="tab" outcome="ok" workspace_id="w7" tab_id="w7:t2"
2026-08-20T00:43:09.443178Z  INFO herdr::logging: api request completed event="api.request.complete" subsystem="api" outcome="ok" request_id="herdr-nvim-nav" method="pane.focus_direction"
2026-08-20T00:43:09.929753Z  INFO herdr::logging: api request received event="api.request.start" subsystem="api" outcome="started" request_id="nvim.nav" method="pane.focus_direction" changes_ui=true
2026-08-20T00:43:09.929825Z  INFO herdr::logging: tab focused event="tab.focus" subsystem="tab" outcome="ok" workspace_id="w7" tab_id="w7:t2"
2026-08-20T00:43:09.929845Z  INFO herdr::logging: tab focused event="tab.focus" subsystem="tab" outcome="ok" workspace_id="w7" tab_id="w7:t2"
2026-08-20T00:43:09.929912Z  INFO herdr::logging: api request completed event="api.request.complete" subsystem="api" outcome="ok" request_id="nvim.nav" method="pane.focus_direction"
2026-08-20T00:43:10.602944Z  INFO herdr::logging: api request received event="api.request.start" subsystem="api" outcome="started" request_id="herdr-nvim-nav" method="pane.focus_direction" changes_ui=true
2026-08-20T00:43:10.603035Z  INFO herdr::logging: tab focused event="tab.focus" subsystem="tab" outcome="ok" workspace_id="w7" tab_id="w7:t2"
2026-08-20T00:43:10.603059Z  INFO herdr::logging: tab focused event="tab.focus" subsystem="tab" outcome="ok" workspace_id="w7" tab_id="w7:t2"
2026-08-20T00:43:10.603110Z  INFO herdr::logging: api request completed event="api.request.complete" subsystem="api" outcome="ok" request_id="herdr-nvim-nav" method="pane.focus_direction"
2026-08-20T00:43:11.475266Z  INFO herdr::logging: api request received event="api.request.start" subsystem="api" outcome="started" request_id="nvim.nav" method="pane.focus_direction" changes_ui=true
2026-08-20T00:43:11.475352Z  INFO herdr::logging: tab focused event="tab.focus" subsystem="tab" outcome="ok" workspace_id="w7" tab_id="w7:t2"
2026-08-20T00:43:11.475388Z  INFO herdr::logging: tab focused event="tab.focus" subsystem="tab" outcome="ok" workspace_id="w7" tab_id="w7:t2"
2026-08-20T00:43:11.475458Z  INFO herdr::logging: api request completed event="api.request.complete" subsystem="api" outcome="ok" request_id="nvim.nav" method="pane.focus_direction"
2026-08-20T00:43:12.228522Z  INFO herdr::logging: api request received event="api.request.start" subsystem="api" outcome="started" request_id="herdr-nvim-nav" method="pane.focus_direction" changes_ui=true
2026-08-20T00:43:12.228602Z  INFO herdr::logging: tab focused event="tab.focus" subsystem="tab" outcome="ok" workspace_id="w7" tab_id="w7:t2"
2026-08-20T00:43:12.228622Z  INFO herdr::logging: tab focused event="tab.focus" subsystem="tab" outcome="ok" workspace_id="w7" tab_id="w7:t2"
2026-08-20T00:43:12.228683Z  INFO herdr::logging: api request completed event="api.request.complete" subsystem="api" outcome="ok" request_id="herdr-nvim-nav" method="pane.focus_direction"
2026-08-20T00:43:13.059243Z  INFO herdr::logging: api request received event="api.request.start" subsystem="api" outcome="started" request_id="nvim.nav" method="pane.focus_direction" changes_ui=true
2026-08-20T00:43:13.059401Z  INFO herdr::logging: tab focused event="tab.focus" subsystem="tab" outcome="ok" workspace_id="w7" tab_id="w7:t2"
2026-08-20T00:43:13.059423Z  INFO herdr::logging: tab focused event="tab.focus" subsystem="tab" outcome="ok" workspace_id="w7" tab_id="w7:t2"
2026-08-20T00:43:13.059605Z  INFO herdr::logging: api request completed event="api.request.complete" subsystem="api" outcome="ok" request_id="nvim.nav" method="pane.focus_direction"
2026-08-20T00:43:14.094855Z  INFO herdr::logging: api request received event="api.request.start" subsystem="api" outcome="started" request_id="herdr-nvim-nav" method="pane.focus_direction" changes_ui=true
2026-08-20T00:43:14.094934Z  INFO herdr::logging: tab focused event="tab.focus" subsystem="tab" outcome="ok" workspace_id="w7" tab_id="w7:t2"
2026-08-20T00:43:14.094954Z  INFO herdr::logging: tab focused event="tab.focus" subsystem="tab" outcome="ok" workspace_id="w7" tab_id="w7:t2"
2026-08-20T00:43:14.095017Z  INFO herdr::logging: api request completed event="api.request.complete" subsystem="api" outcome="ok" request_id="herdr-nvim-nav" method="pane.focus_direction"
2026-08-20T00:43:19.104623Z  INFO herdr::logging: session saved event="persist.save" subsystem="persist" outcome="ok" path=/Users/jason/.config/herdr/session.json workspaces=7
2026-08-20T00:45:34.729598Z  WARN herdr::detect::manifest_update: skipping unknown remote manifest agent agent="qwen"
2026-08-20T00:46:53.863400Z  INFO herdr::logging: api request received event="api.request.start" subsystem="api" outcome="started" request_id="nvim.nav" method="pane.focus_direction" changes_ui=true
2026-08-20T00:46:53.863567Z  INFO herdr::logging: tab focused event="tab.focus" subsystem="tab" outcome="ok" workspace_id="w7" tab_id="w7:t2"
2026-08-20T00:46:53.863620Z  INFO herdr::logging: tab focused event="tab.focus" subsystem="tab" outcome="ok" workspace_id="w7" tab_id="w7:t2"
2026-08-20T00:46:53.863677Z  INFO herdr::logging: api request completed event="api.request.complete" subsystem="api" outcome="ok" request_id="nvim.nav" method="pane.focus_direction"
2026-08-20T00:46:58.869894Z  INFO herdr::logging: session saved event="persist.save" subsystem="persist" outcome="ok" path=/Users/jason/.config/herdr/session.json workspaces=7
2026-08-20T00:47:27.982190Z  INFO herdr::app::actions: copied selection to clipboard
2026-08-20T00:47:56.029432Z  INFO herdr::server::headless: client detach requested via keybind client_id=6
2026-08-20T00:47:56.033808Z  INFO herdr::server::headless: client disconnected client_id=6
2026-08-20T00:48:11.684214Z  INFO herdr::server::headless: server shutdown initiated
2026-08-20T00:48:11.739028Z  INFO herdr::server::headless: completing server shutdown
2026-08-20T00:48:11.742133Z  INFO herdr::logging: session saved event="persist.save" subsystem="persist" outcome="ok" path=/Users/jason/.config/herdr/session.json workspaces=7
2026-08-20T00:48:11.743580Z  INFO herdr::server::headless: headless server exiting
2026-08-20T00:48:11.747204Z  INFO herdr::logging: pane child exited event="pane.exit" subsystem="pane" outcome="completed" pane_id=10 status="ExitStatus { code: 1, signal: Some(\"Hangup: 1\") }"
2026-08-20T00:48:11.770006Z  INFO herdr::pane: pane session terminated pane=10 pid=29705 signal=Hangup
2026-08-20T00:48:11.777017Z  INFO herdr::logging: pane child exited event="pane.exit" subsystem="pane" outcome="completed" pane_id=15 status="ExitStatus { code: 1, signal: Some(\"Hangup: 1\") }"
2026-08-20T00:48:11.796396Z  INFO herdr::pane: pane session terminated pane=15 pid=85562 signal=Hangup
2026-08-20T00:48:11.803405Z  INFO herdr::logging: pane child exited event="pane.exit" subsystem="pane" outcome="completed" pane_id=4 status="ExitStatus { code: 1, signal: Some(\"Hangup: 1\") }"
2026-08-20T00:48:11.823846Z  INFO herdr::pane: pane session terminated pane=4 pid=29699 signal=Hangup
2026-08-20T00:48:11.827614Z  INFO herdr::logging: pane child exited event="pane.exit" subsystem="pane" outcome="completed" pane_id=25 status="ExitStatus { code: 1, signal: Some(\"Hangup: 1\") }"
2026-08-20T00:48:11.850950Z  INFO herdr::pane: pane session terminated pane=25 pid=31027 signal=Hangup
2026-08-20T00:48:11.853599Z  INFO herdr::logging: pane child exited event="pane.exit" subsystem="pane" outcome="completed" pane_id=1 status="ExitStatus { code: 1, signal: Some(\"Hangup: 1\") }"
2026-08-20T00:48:11.874750Z  INFO herdr::pane: pane session terminated pane=1 pid=29696 signal=Hangup
2026-08-20T00:48:11.877102Z  INFO herdr::logging: pane child exited event="pane.exit" subsystem="pane" outcome="completed" pane_id=5 status="ExitStatus { code: 1, signal: Some(\"Hangup: 1\") }"
2026-08-20T00:48:11.896564Z  INFO herdr::pane: pane session terminated pane=5 pid=29700 signal=Hangup
2026-08-20T00:48:11.898845Z  INFO herdr::logging: pane child exited event="pane.exit" subsystem="pane" outcome="completed" pane_id=12 status="ExitStatus { code: 1, signal: Some(\"Hangup: 1\") }"
2026-08-20T00:48:11.921956Z  INFO herdr::pane: pane session terminated pane=12 pid=29707 signal=Hangup
2026-08-20T00:48:11.923718Z  INFO herdr::logging: pane child exited event="pane.exit" subsystem="pane" outcome="completed" pane_id=11 status="ExitStatus { code: 1, signal: Some(\"Hangup: 1\") }"
2026-08-20T00:48:11.947456Z  INFO herdr::pane: pane session terminated pane=11 pid=29706 signal=Hangup
2026-08-20T00:48:11.949747Z  INFO herdr::logging: pane child exited event="pane.exit" subsystem="pane" outcome="completed" pane_id=8 status="ExitStatus { code: 1, signal: Some(\"Hangup: 1\") }"
2026-08-20T00:48:11.972967Z  INFO herdr::pane: pane session terminated pane=8 pid=29703 signal=Hangup
2026-08-20T00:48:11.974913Z  INFO herdr::logging: pane child exited event="pane.exit" subsystem="pane" outcome="completed" pane_id=3 status="ExitStatus { code: 1, signal: Some(\"Hangup: 1\") }"
2026-08-20T00:48:11.998712Z  INFO herdr::pane: pane session terminated pane=3 pid=29698 signal=Hangup
2026-08-20T00:48:12.001190Z  INFO herdr::logging: pane child exited event="pane.exit" subsystem="pane" outcome="completed" pane_id=2 status="ExitStatus { code: 1, signal: Some(\"Hangup: 1\") }"
2026-08-20T00:48:12.024284Z  INFO herdr::pane: pane session terminated pane=2 pid=29697 signal=Hangup
2026-08-20T00:48:12.026487Z  INFO herdr::logging: pane child exited event="pane.exit" subsystem="pane" outcome="completed" pane_id=9 status="ExitStatus { code: 1, signal: Some(\"Hangup: 1\") }"
2026-08-20T00:48:12.048305Z  INFO herdr::pane: pane session terminated pane=9 pid=29704 signal=Hangup
2026-08-20T00:48:12.048900Z  INFO herdr::logging: herdr exiting event="app.shutdown" subsystem="server" outcome="completed" pid=29695
2026-08-20T00:48:14.339133Z  INFO herdr::platform::macos: raised server file descriptor soft limit previous=256 target=8192
2026-08-20T00:48:14.340514Z  INFO herdr::api::server: api server listening path=/Users/jason/.config/herdr/herdr.sock
2026-08-20T00:48:14.344761Z  INFO herdr::logging: spawning pane terminal event="pane.spawn.start" subsystem="pane" outcome="started" pane_id=1 rows=24 cols=80 scrollback_limit_bytes=10000000
2026-08-20T00:48:14.350610Z  INFO herdr::logging: pane child spawned event="pane.spawned" subsystem="pane" outcome="ok" pane_id=1 pid=58196
2026-08-20T00:48:14.352208Z  INFO herdr::logging: spawning pane terminal event="pane.spawn.start" subsystem="pane" outcome="started" pane_id=2 rows=24 cols=80 scrollback_limit_bytes=10000000
2026-08-20T00:48:14.355823Z  INFO herdr::logging: pane child spawned event="pane.spawned" subsystem="pane" outcome="ok" pane_id=2 pid=58197
2026-08-20T00:48:14.356052Z  INFO herdr::logging: spawning pane terminal event="pane.spawn.start" subsystem="pane" outcome="started" pane_id=3 rows=24 cols=80 scrollback_limit_bytes=10000000
2026-08-20T00:48:14.360207Z  INFO herdr::logging: pane child spawned event="pane.spawned" subsystem="pane" outcome="ok" pane_id=3 pid=58198
2026-08-20T00:48:14.360415Z  INFO herdr::logging: spawning pane terminal event="pane.spawn.start" subsystem="pane" outcome="started" pane_id=4 rows=24 cols=80 scrollback_limit_bytes=10000000
2026-08-20T00:48:14.364118Z  INFO herdr::logging: pane child spawned event="pane.spawned" subsystem="pane" outcome="ok" pane_id=4 pid=58199
2026-08-20T00:48:14.364494Z  INFO herdr::logging: spawning pane terminal event="pane.spawn.start" subsystem="pane" outcome="started" pane_id=5 rows=24 cols=80 scrollback_limit_bytes=10000000
2026-08-20T00:48:14.368009Z  INFO herdr::logging: pane child spawned event="pane.spawned" subsystem="pane" outcome="ok" pane_id=5 pid=58200
2026-08-20T00:48:14.368212Z  INFO herdr::logging: spawning pane terminal event="pane.spawn.start" subsystem="pane" outcome="started" pane_id=6 rows=24 cols=80 scrollback_limit_bytes=10000000
2026-08-20T00:48:14.371221Z  INFO herdr::logging: pane child spawned event="pane.spawned" subsystem="pane" outcome="ok" pane_id=6 pid=58201
2026-08-20T00:48:14.372275Z  INFO herdr::logging: spawning pane terminal event="pane.spawn.start" subsystem="pane" outcome="started" pane_id=7 rows=24 cols=80 scrollback_limit_bytes=10000000
2026-08-20T00:48:14.375539Z  INFO herdr::logging: pane child spawned event="pane.spawned" subsystem="pane" outcome="ok" pane_id=7 pid=58202
2026-08-20T00:48:14.376674Z  INFO herdr::logging: spawning pane terminal event="pane.spawn.start" subsystem="pane" outcome="started" pane_id=8 rows=24 cols=80 scrollback_limit_bytes=10000000
2026-08-20T00:48:14.379816Z  INFO herdr::logging: pane child spawned event="pane.spawned" subsystem="pane" outcome="ok" pane_id=8 pid=58203
2026-08-20T00:48:14.381054Z  INFO herdr::logging: spawning pane terminal event="pane.spawn.start" subsystem="pane" outcome="started" pane_id=9 rows=24 cols=80 scrollback_limit_bytes=10000000
2026-08-20T00:48:14.384575Z  INFO herdr::logging: pane child spawned event="pane.spawned" subsystem="pane" outcome="ok" pane_id=9 pid=58204
2026-08-20T00:48:14.384889Z  INFO herdr::logging: spawning pane terminal event="pane.spawn.start" subsystem="pane" outcome="started" pane_id=10 rows=24 cols=80 scrollback_limit_bytes=10000000
2026-08-20T00:48:14.389376Z  INFO herdr::logging: pane child spawned event="pane.spawned" subsystem="pane" outcome="ok" pane_id=10 pid=58205
2026-08-20T00:48:14.390212Z  INFO herdr::logging: spawning pane terminal event="pane.spawn.start" subsystem="pane" outcome="started" pane_id=11 rows=24 cols=80 scrollback_limit_bytes=10000000
2026-08-20T00:48:14.394852Z  INFO herdr::logging: pane child spawned event="pane.spawned" subsystem="pane" outcome="ok" pane_id=11 pid=58206
2026-08-20T00:48:14.395050Z  INFO herdr::logging: spawning pane terminal event="pane.spawn.start" subsystem="pane" outcome="started" pane_id=12 rows=24 cols=80 scrollback_limit_bytes=10000000
2026-08-20T00:48:14.399058Z  INFO herdr::logging: pane child spawned event="pane.spawned" subsystem="pane" outcome="ok" pane_id=12 pid=58207
2026-08-20T00:48:14.400000Z  INFO herdr::logging: session restore evaluated event="persist.restore" subsystem="persist" outcome="ok" workspaces=7
2026-08-20T00:48:14.400042Z  INFO herdr::app: using pane scrollback configuration pane_scrollback_limit_bytes=10000000
2026-08-20T00:48:14.439896Z  INFO herdr::logging: checking for updates event="update.check.start" subsystem="update" outcome="started"
2026-08-20T00:48:14.454921Z  INFO herdr::server::headless: restored session already has workspaces; ignoring startup cwd cwd=/Users/jason
2026-08-20T00:48:14.455254Z  INFO herdr::server::headless: client protocol socket listening path=/Users/jason/.config/herdr/herdr-client.sock
2026-08-20T00:48:14.455281Z  INFO herdr::server::headless: herdr server started api_socket=/Users/jason/.config/herdr/herdr.sock client_socket=/Users/jason/.config/herdr/herdr-client.sock
2026-08-20T00:48:14.456192Z  INFO herdr::logging: herdr starting event="app.startup" subsystem="server" outcome="started" pid=58195
2026-08-20T00:48:14.513716Z  INFO herdr::server::headless: client connected client_id=2 cols=230 rows=61 cell_width_px=0 cell_height_px=0 render_encoding=SemanticFrame
2026-08-20T00:48:25.011706Z  INFO herdr::logging: api request received event="api.request.start" subsystem="api" outcome="started" request_id="cli:plugin" method="plugin.unlink" changes_ui=true
2026-08-20T00:48:25.012511Z  INFO herdr::logging: api request completed event="api.request.complete" subsystem="api" outcome="ok" request_id="cli:plugin" method="plugin.unlink"
2026-08-20T00:51:12.980953Z  INFO herdr::server::headless: client detach requested via keybind client_id=2
2026-08-20T00:51:12.984432Z  INFO herdr::server::headless: client disconnected client_id=2
2026-08-20T00:51:16.779394Z  INFO herdr::server::headless: server shutdown initiated
2026-08-20T00:51:16.834472Z  INFO herdr::server::headless: completing server shutdown
2026-08-20T00:51:16.837144Z  INFO herdr::logging: session saved event="persist.save" subsystem="persist" outcome="ok" path=/Users/jason/.config/herdr/session.json workspaces=7
2026-08-20T00:51:16.837188Z  INFO herdr::server::headless: headless server exiting
2026-08-20T00:51:16.840067Z  INFO herdr::logging: pane child exited event="pane.exit" subsystem="pane" outcome="completed" pane_id=3 status="ExitStatus { code: 1, signal: Some(\"Hangup: 1\") }"
2026-08-20T00:51:16.859470Z  INFO herdr::pane: pane session terminated pane=3 pid=58198 signal=Hangup
2026-08-20T00:51:16.869028Z  INFO herdr::logging: pane child exited event="pane.exit" subsystem="pane" outcome="completed" pane_id=5 status="ExitStatus { code: 1, signal: Some(\"Hangup: 1\") }"
2026-08-20T00:51:16.889648Z  INFO herdr::pane: pane session terminated pane=5 pid=58200 signal=Hangup
2026-08-20T00:51:16.894404Z  INFO herdr::logging: pane child exited event="pane.exit" subsystem="pane" outcome="completed" pane_id=7 status="ExitStatus { code: 1, signal: Some(\"Hangup: 1\") }"
2026-08-20T00:51:16.916017Z  INFO herdr::pane: pane session terminated pane=7 pid=58202 signal=Hangup
2026-08-20T00:51:16.927576Z  INFO herdr::logging: pane child exited event="pane.exit" subsystem="pane" outcome="completed" pane_id=12 status="ExitStatus { code: 1, signal: Some(\"Hangup: 1\") }"
2026-08-20T00:51:16.942833Z  INFO herdr::pane: pane session terminated pane=12 pid=58207 signal=Hangup
2026-08-20T00:51:16.949251Z  INFO herdr::logging: pane child exited event="pane.exit" subsystem="pane" outcome="completed" pane_id=11 status="ExitStatus { code: 1, signal: Some(\"Hangup: 1\") }"
2026-08-20T00:51:16.969606Z  INFO herdr::pane: pane session terminated pane=11 pid=58206 signal=Hangup
2026-08-20T00:51:16.973552Z  INFO herdr::logging: pane child exited event="pane.exit" subsystem="pane" outcome="completed" pane_id=6 status="ExitStatus { code: 1, signal: Some(\"Hangup: 1\") }"
2026-08-20T00:51:16.993999Z  INFO herdr::pane: pane session terminated pane=6 pid=58201 signal=Hangup
2026-08-20T00:51:16.999004Z  INFO herdr::logging: pane child exited event="pane.exit" subsystem="pane" outcome="completed" pane_id=8 status="ExitStatus { code: 1, signal: Some(\"Hangup: 1\") }"
2026-08-20T00:51:17.017681Z  INFO herdr::pane: pane session terminated pane=8 pid=58203 signal=Hangup
2026-08-20T00:51:17.022601Z  INFO herdr::logging: pane child exited event="pane.exit" subsystem="pane" outcome="completed" pane_id=4 status="ExitStatus { code: 1, signal: Some(\"Hangup: 1\") }"
2026-08-20T00:51:17.045296Z  INFO herdr::pane: pane session terminated pane=4 pid=58199 signal=Hangup
2026-08-20T00:51:17.050515Z  INFO herdr::logging: pane child exited event="pane.exit" subsystem="pane" outcome="completed" pane_id=10 status="ExitStatus { code: 1, signal: Some(\"Hangup: 1\") }"
2026-08-20T00:51:17.074411Z  INFO herdr::pane: pane session terminated pane=10 pid=58205 signal=Hangup
2026-08-20T00:51:17.079102Z  INFO herdr::logging: pane child exited event="pane.exit" subsystem="pane" outcome="completed" pane_id=9 status="ExitStatus { code: 1, signal: Some(\"Hangup: 1\") }"
2026-08-20T00:51:17.100712Z  INFO herdr::pane: pane session terminated pane=9 pid=58204 signal=Hangup
2026-08-20T00:51:17.105456Z  INFO herdr::logging: pane child exited event="pane.exit" subsystem="pane" outcome="completed" pane_id=2 status="ExitStatus { code: 1, signal: Some(\"Hangup: 1\") }"
2026-08-20T00:51:17.128401Z  INFO herdr::pane: pane session terminated pane=2 pid=58197 signal=Hangup
2026-08-20T00:51:17.134550Z  INFO herdr::logging: pane child exited event="pane.exit" subsystem="pane" outcome="completed" pane_id=1 status="ExitStatus { code: 1, signal: Some(\"Hangup: 1\") }"
2026-08-20T00:51:17.151081Z  INFO herdr::pane: pane session terminated pane=1 pid=58196 signal=Hangup
2026-08-20T00:51:17.152955Z  INFO herdr::logging: herdr exiting event="app.shutdown" subsystem="server" outcome="completed" pid=58195
2026-08-20T00:51:20.353092Z  INFO herdr::platform::macos: raised server file descriptor soft limit previous=256 target=8192
2026-08-20T00:51:20.353664Z  INFO herdr::api::server: api server listening path=/Users/jason/.config/herdr/herdr.sock
2026-08-20T00:51:20.354437Z  INFO herdr::logging: spawning pane terminal event="pane.spawn.start" subsystem="pane" outcome="started" pane_id=1 rows=24 cols=80 scrollback_limit_bytes=10000000
2026-08-20T00:51:20.359494Z  INFO herdr::logging: pane child spawned event="pane.spawned" subsystem="pane" outcome="ok" pane_id=1 pid=60504
2026-08-20T00:51:20.359787Z  INFO herdr::logging: spawning pane terminal event="pane.spawn.start" subsystem="pane" outcome="started" pane_id=2 rows=24 cols=80 scrollback_limit_bytes=10000000
2026-08-20T00:51:20.362799Z  INFO herdr::logging: pane child spawned event="pane.spawned" subsystem="pane" outcome="ok" pane_id=2 pid=60505
2026-08-20T00:51:20.363014Z  INFO herdr::logging: spawning pane terminal event="pane.spawn.start" subsystem="pane" outcome="started" pane_id=3 rows=24 cols=80 scrollback_limit_bytes=10000000
2026-08-20T00:51:20.366069Z  INFO herdr::logging: pane child spawned event="pane.spawned" subsystem="pane" outcome="ok" pane_id=3 pid=60506
2026-08-20T00:51:20.366255Z  INFO herdr::logging: spawning pane terminal event="pane.spawn.start" subsystem="pane" outcome="started" pane_id=4 rows=24 cols=80 scrollback_limit_bytes=10000000
2026-08-20T00:51:20.369446Z  INFO herdr::logging: pane child spawned event="pane.spawned" subsystem="pane" outcome="ok" pane_id=4 pid=60507
2026-08-20T00:51:20.369816Z  INFO herdr::logging: spawning pane terminal event="pane.spawn.start" subsystem="pane" outcome="started" pane_id=5 rows=24 cols=80 scrollback_limit_bytes=10000000
2026-08-20T00:51:20.372912Z  INFO herdr::logging: pane child spawned event="pane.spawned" subsystem="pane" outcome="ok" pane_id=5 pid=60508
2026-08-20T00:51:20.373112Z  INFO herdr::logging: spawning pane terminal event="pane.spawn.start" subsystem="pane" outcome="started" pane_id=6 rows=24 cols=80 scrollback_limit_bytes=10000000
2026-08-20T00:51:20.376779Z  INFO herdr::logging: pane child spawned event="pane.spawned" subsystem="pane" outcome="ok" pane_id=6 pid=60509
2026-08-20T00:51:20.377940Z  INFO herdr::logging: spawning pane terminal event="pane.spawn.start" subsystem="pane" outcome="started" pane_id=7 rows=24 cols=80 scrollback_limit_bytes=10000000
2026-08-20T00:51:20.381366Z  INFO herdr::logging: pane child spawned event="pane.spawned" subsystem="pane" outcome="ok" pane_id=7 pid=60510
2026-08-20T00:51:20.382234Z  INFO herdr::logging: spawning pane terminal event="pane.spawn.start" subsystem="pane" outcome="started" pane_id=8 rows=24 cols=80 scrollback_limit_bytes=10000000
2026-08-20T00:51:20.385535Z  INFO herdr::logging: pane child spawned event="pane.spawned" subsystem="pane" outcome="ok" pane_id=8 pid=60511
2026-08-20T00:51:20.386545Z  INFO herdr::logging: spawning pane terminal event="pane.spawn.start" subsystem="pane" outcome="started" pane_id=9 rows=24 cols=80 scrollback_limit_bytes=10000000
2026-08-20T00:51:20.390514Z  INFO herdr::logging: pane child spawned event="pane.spawned" subsystem="pane" outcome="ok" pane_id=9 pid=60512
2026-08-20T00:51:20.390764Z  INFO herdr::logging: spawning pane terminal event="pane.spawn.start" subsystem="pane" outcome="started" pane_id=10 rows=24 cols=80 scrollback_limit_bytes=10000000
2026-08-20T00:51:20.395049Z  INFO herdr::logging: pane child spawned event="pane.spawned" subsystem="pane" outcome="ok" pane_id=10 pid=60513
2026-08-20T00:51:20.395944Z  INFO herdr::logging: spawning pane terminal event="pane.spawn.start" subsystem="pane" outcome="started" pane_id=11 rows=24 cols=80 scrollback_limit_bytes=10000000
2026-08-20T00:51:20.400872Z  INFO herdr::logging: pane child spawned event="pane.spawned" subsystem="pane" outcome="ok" pane_id=11 pid=60514
2026-08-20T00:51:20.401094Z  INFO herdr::logging: spawning pane terminal event="pane.spawn.start" subsystem="pane" outcome="started" pane_id=12 rows=24 cols=80 scrollback_limit_bytes=10000000
2026-08-20T00:51:20.405372Z  INFO herdr::logging: pane child spawned event="pane.spawned" subsystem="pane" outcome="ok" pane_id=12 pid=60515
2026-08-20T00:51:20.406121Z  INFO herdr::logging: session restore evaluated event="persist.restore" subsystem="persist" outcome="ok" workspaces=7
2026-08-20T00:51:20.406155Z  INFO herdr::app: using pane scrollback configuration pane_scrollback_limit_bytes=10000000
2026-08-20T00:51:20.443918Z  INFO herdr::logging: checking for updates event="update.check.start" subsystem="update" outcome="started"
2026-08-20T00:51:20.454893Z  INFO herdr::server::headless: restored session already has workspaces; ignoring startup cwd cwd=/Users/jason
2026-08-20T00:51:20.455071Z  INFO herdr::server::headless: client protocol socket listening path=/Users/jason/.config/herdr/herdr-client.sock
2026-08-20T00:51:20.455094Z  INFO herdr::server::headless: herdr server started api_socket=/Users/jason/.config/herdr/herdr.sock client_socket=/Users/jason/.config/herdr/herdr-client.sock
2026-08-20T00:51:20.455362Z  INFO herdr::logging: herdr starting event="app.startup" subsystem="server" outcome="started" pid=60503
2026-08-20T00:51:20.473717Z  INFO herdr::server::headless: client connected client_id=2 cols=230 rows=61 cell_width_px=0 cell_height_px=0 render_encoding=SemanticFrame
2026-08-20T00:51:26.102582Z  INFO herdr::logging: api request received event="api.request.start" subsystem="api" outcome="started" request_id="cli:plugin" method="plugin.pane.open" changes_ui=true
2026-08-20T00:51:26.103365Z  INFO herdr::logging: spawning pane terminal event="pane.spawn.start" subsystem="pane" outcome="started" pane_id=13 rows=60 cols=102 scrollback_limit_bytes=10000000
2026-08-20T00:51:26.106191Z ERROR herdr::pane: failed to spawn argv command pane pane=13 err=Unable to spawn target/release/herdr-palette because:
No viable candidates found in PATH "/Users/jason/.cache/lm-studio/bin:/opt/homebrew/sbin:/opt/homebrew/bin:/Users/jason/.composer/vendor/bin:/Users/jason/.npm-packages/bin:/bin:/usr/bin:/opt/homebrew/bin/libxml2/bin:/usr/local/bin:/usr/sbin:/sbin:/var/run/com.apple.security.cryptexd/codex.system/bootstrap/usr/local/bin:/var/run/com.apple.security.cryptexd/codex.system/bootstrap/usr/bin:/var/run/com.apple.security.cryptexd/codex.system/bootstrap/usr/appleinternal/bin:/pkg/env/global/bin:/Library/Apple/usr/bin:/usr/local/MacGPG2/bin:/Applications/Ghostty.app/Contents/MacOS"
2026-08-20T00:51:26.106322Z  INFO herdr::logging: api request completed event="api.request.complete" subsystem="api" outcome="error" request_id="cli:plugin" method="plugin.pane.open"
2026-08-20T00:51:27.790192Z  INFO herdr::logging: api request received event="api.request.start" subsystem="api" outcome="started" request_id="cli:plugin" method="plugin.pane.open" changes_ui=true
2026-08-20T00:51:27.790728Z  INFO herdr::logging: spawning pane terminal event="pane.spawn.start" subsystem="pane" outcome="started" pane_id=14 rows=60 cols=102 scrollback_limit_bytes=10000000
2026-08-20T00:51:27.793258Z ERROR herdr::pane: failed to spawn argv command pane pane=14 err=Unable to spawn target/release/herdr-palette because:
No viable candidates found in PATH "/Users/jason/.cache/lm-studio/bin:/opt/homebrew/sbin:/opt/homebrew/bin:/Users/jason/.composer/vendor/bin:/Users/jason/.npm-packages/bin:/bin:/usr/bin:/opt/homebrew/bin/libxml2/bin:/usr/local/bin:/usr/sbin:/sbin:/var/run/com.apple.security.cryptexd/codex.system/bootstrap/usr/local/bin:/var/run/com.apple.security.cryptexd/codex.system/bootstrap/usr/bin:/var/run/com.apple.security.cryptexd/codex.system/bootstrap/usr/appleinternal/bin:/pkg/env/global/bin:/Library/Apple/usr/bin:/usr/local/MacGPG2/bin:/Applications/Ghostty.app/Contents/MacOS"
2026-08-20T00:51:27.793325Z  INFO herdr::logging: api request completed event="api.request.complete" subsystem="api" outcome="error" request_id="cli:plugin" method="plugin.pane.open"
2026-08-20T00:51:29.108779Z  INFO herdr::logging: api request received event="api.request.start" subsystem="api" outcome="started" request_id="cli:plugin" method="plugin.pane.open" changes_ui=true
2026-08-20T00:51:29.109376Z  INFO herdr::logging: spawning pane terminal event="pane.spawn.start" subsystem="pane" outcome="started" pane_id=15 rows=60 cols=102 scrollback_limit_bytes=10000000
2026-08-20T00:51:29.111675Z ERROR herdr::pane: failed to spawn argv command pane pane=15 err=Unable to spawn target/release/herdr-palette because:
No viable candidates found in PATH "/Users/jason/.cache/lm-studio/bin:/opt/homebrew/sbin:/opt/homebrew/bin:/Users/jason/.composer/vendor/bin:/Users/jason/.npm-packages/bin:/bin:/usr/bin:/opt/homebrew/bin/libxml2/bin:/usr/local/bin:/usr/sbin:/sbin:/var/run/com.apple.security.cryptexd/codex.system/bootstrap/usr/local/bin:/var/run/com.apple.security.cryptexd/codex.system/bootstrap/usr/bin:/var/run/com.apple.security.cryptexd/codex.system/bootstrap/usr/appleinternal/bin:/pkg/env/global/bin:/Library/Apple/usr/bin:/usr/local/MacGPG2/bin:/Applications/Ghostty.app/Contents/MacOS"
2026-08-20T00:51:29.111740Z  INFO herdr::logging: api request completed event="api.request.complete" subsystem="api" outcome="error" request_id="cli:plugin" method="plugin.pane.open"
2026-08-20T00:52:17.374847Z  INFO herdr::logging: api request received event="api.request.start" subsystem="api" outcome="started" request_id="nvim.nav" method="pane.focus_direction" changes_ui=true
2026-08-20T00:52:17.375101Z  INFO herdr::logging: tab focused event="tab.focus" subsystem="tab" outcome="ok" workspace_id="w7" tab_id="w7:t2"
2026-08-20T00:52:17.375122Z  INFO herdr::logging: tab focused event="tab.focus" subsystem="tab" outcome="ok" workspace_id="w7" tab_id="w7:t2"
2026-08-20T00:52:17.375578Z  INFO herdr::logging: api request completed event="api.request.complete" subsystem="api" outcome="ok" request_id="nvim.nav" method="pane.focus_direction"
2026-08-20T00:52:18.589885Z  INFO herdr::logging: pane child exited event="pane.exit" subsystem="pane" outcome="completed" pane_id=4 status="ExitStatus { code: 0, signal: None }"
2026-08-20T00:52:18.590244Z  INFO herdr::pane: pane session terminated pane=4 pid=60507 signal=Hangup
2026-08-20T00:52:23.594523Z  INFO herdr::logging: session saved event="persist.save" subsystem="persist" outcome="ok" path=/Users/jason/.config/herdr/session.json workspaces=7
2026-08-20T00:52:50.932725Z  INFO herdr::logging: api request received event="api.request.start" subsystem="api" outcome="started" request_id="herdr-nvim-nav" method="pane.focus_direction" changes_ui=true
2026-08-20T00:52:50.932850Z  INFO herdr::logging: api request completed event="api.request.complete" subsystem="api" outcome="ok" request_id="herdr-nvim-nav" method="pane.focus_direction"
2026-08-20T00:52:53.078512Z  INFO herdr::logging: tab focused event="tab.focus" subsystem="tab" outcome="ok" workspace_id="w7" tab_id="w7:t1"
2026-08-20T00:52:58.084556Z  INFO herdr::logging: session saved event="persist.save" subsystem="persist" outcome="ok" path=/Users/jason/.config/herdr/session.json workspaces=7
2026-08-20T00:52:59.041894Z  INFO herdr::logging: api request received event="api.request.start" subsystem="api" outcome="started" request_id="cli:plugin" method="plugin.pane.open" changes_ui=true
2026-08-20T00:52:59.042842Z  INFO herdr::logging: spawning pane terminal event="pane.spawn.start" subsystem="pane" outcome="started" pane_id=16 rows=60 cols=204 scrollback_limit_bytes=10000000
2026-08-20T00:52:59.047361Z ERROR herdr::pane: failed to spawn argv command pane pane=16 err=Unable to spawn target/release/herdr-palette because:
No viable candidates found in PATH "/Users/jason/.cache/lm-studio/bin:/opt/homebrew/sbin:/opt/homebrew/bin:/Users/jason/.composer/vendor/bin:/Users/jason/.npm-packages/bin:/bin:/usr/bin:/opt/homebrew/bin/libxml2/bin:/usr/local/bin:/usr/sbin:/sbin:/var/run/com.apple.security.cryptexd/codex.system/bootstrap/usr/local/bin:/var/run/com.apple.security.cryptexd/codex.system/bootstrap/usr/bin:/var/run/com.apple.security.cryptexd/codex.system/bootstrap/usr/appleinternal/bin:/pkg/env/global/bin:/Library/Apple/usr/bin:/usr/local/MacGPG2/bin:/Applications/Ghostty.app/Contents/MacOS"
2026-08-20T00:52:59.047468Z  INFO herdr::logging: api request completed event="api.request.complete" subsystem="api" outcome="error" request_id="cli:plugin" method="plugin.pane.open"
2026-08-20T00:52:59.734366Z  INFO herdr::logging: api request received event="api.request.start" subsystem="api" outcome="started" request_id="cli:plugin" method="plugin.pane.open" changes_ui=true
2026-08-20T00:52:59.734897Z  INFO herdr::logging: spawning pane terminal event="pane.spawn.start" subsystem="pane" outcome="started" pane_id=17 rows=60 cols=204 scrollback_limit_bytes=10000000
2026-08-20T00:52:59.737499Z ERROR herdr::pane: failed to spawn argv command pane pane=17 err=Unable to spawn target/release/herdr-palette because:
No viable candidates found in PATH "/Users/jason/.cache/lm-studio/bin:/opt/homebrew/sbin:/opt/homebrew/bin:/Users/jason/.composer/vendor/bin:/Users/jason/.npm-packages/bin:/bin:/usr/bin:/opt/homebrew/bin/libxml2/bin:/usr/local/bin:/usr/sbin:/sbin:/var/run/com.apple.security.cryptexd/codex.system/bootstrap/usr/local/bin:/var/run/com.apple.security.cryptexd/codex.system/bootstrap/usr/bin:/var/run/com.apple.security.cryptexd/codex.system/bootstrap/usr/appleinternal/bin:/pkg/env/global/bin:/Library/Apple/usr/bin:/usr/local/MacGPG2/bin:/Applications/Ghostty.app/Contents/MacOS"
2026-08-20T00:52:59.737568Z  INFO herdr::logging: api request completed event="api.request.complete" subsystem="api" outcome="error" request_id="cli:plugin" method="plugin.pane.open"
2026-08-20T00:53:00.324760Z  INFO herdr::logging: api request received event="api.request.start" subsystem="api" outcome="started" request_id="cli:plugin" method="plugin.pane.open" changes_ui=true
2026-08-20T00:53:00.325743Z  INFO herdr::logging: spawning pane terminal event="pane.spawn.start" subsystem="pane" outcome="started" pane_id=18 rows=60 cols=204 scrollback_limit_bytes=10000000
2026-08-20T00:53:00.328787Z ERROR herdr::pane: failed to spawn argv command pane pane=18 err=Unable to spawn target/release/herdr-palette because:
No viable candidates found in PATH "/Users/jason/.cache/lm-studio/bin:/opt/homebrew/sbin:/opt/homebrew/bin:/Users/jason/.composer/vendor/bin:/Users/jason/.npm-packages/bin:/bin:/usr/bin:/opt/homebrew/bin/libxml2/bin:/usr/local/bin:/usr/sbin:/sbin:/var/run/com.apple.security.cryptexd/codex.system/bootstrap/usr/local/bin:/var/run/com.apple.security.cryptexd/codex.system/bootstrap/usr/bin:/var/run/com.apple.security.cryptexd/codex.system/bootstrap/usr/appleinternal/bin:/pkg/env/global/bin:/Library/Apple/usr/bin:/usr/local/MacGPG2/bin:/Applications/Ghostty.app/Contents/MacOS"
2026-08-20T00:53:00.328899Z  INFO herdr::logging: api request completed event="api.request.complete" subsystem="api" outcome="error" request_id="cli:plugin" method="plugin.pane.open"
2026-08-20T00:53:00.923752Z  INFO herdr::logging: api request received event="api.request.start" subsystem="api" outcome="started" request_id="cli:plugin" method="plugin.pane.open" changes_ui=true
2026-08-20T00:53:00.924242Z  INFO herdr::logging: spawning pane terminal event="pane.spawn.start" subsystem="pane" outcome="started" pane_id=19 rows=60 cols=204 scrollback_limit_bytes=10000000
2026-08-20T00:53:00.926689Z ERROR herdr::pane: failed to spawn argv command pane pane=19 err=Unable to spawn target/release/herdr-palette because:
No viable candidates found in PATH "/Users/jason/.cache/lm-studio/bin:/opt/homebrew/sbin:/opt/homebrew/bin:/Users/jason/.composer/vendor/bin:/Users/jason/.npm-packages/bin:/bin:/usr/bin:/opt/homebrew/bin/libxml2/bin:/usr/local/bin:/usr/sbin:/sbin:/var/run/com.apple.security.cryptexd/codex.system/bootstrap/usr/local/bin:/var/run/com.apple.security.cryptexd/codex.system/bootstrap/usr/bin:/var/run/com.apple.security.cryptexd/codex.system/bootstrap/usr/appleinternal/bin:/pkg/env/global/bin:/Library/Apple/usr/bin:/usr/local/MacGPG2/bin:/Applications/Ghostty.app/Contents/MacOS"
2026-08-20T00:53:00.926758Z  INFO herdr::logging: api request completed event="api.request.complete" subsystem="api" outcome="error" request_id="cli:plugin" method="plugin.pane.open"
2026-08-20T00:53:01.591419Z  INFO herdr::logging: api request received event="api.request.start" subsystem="api" outcome="started" request_id="cli:plugin" method="plugin.pane.open" changes_ui=true
2026-08-20T00:53:01.592013Z  INFO herdr::logging: spawning pane terminal event="pane.spawn.start" subsystem="pane" outcome="started" pane_id=20 rows=60 cols=204 scrollback_limit_bytes=10000000
2026-08-20T00:53:01.596117Z ERROR herdr::pane: failed to spawn argv command pane pane=20 err=Unable to spawn target/release/herdr-palette because:
No viable candidates found in PATH "/Users/jason/.cache/lm-studio/bin:/opt/homebrew/sbin:/opt/homebrew/bin:/Users/jason/.composer/vendor/bin:/Users/jason/.npm-packages/bin:/bin:/usr/bin:/opt/homebrew/bin/libxml2/bin:/usr/local/bin:/usr/sbin:/sbin:/var/run/com.apple.security.cryptexd/codex.system/bootstrap/usr/local/bin:/var/run/com.apple.security.cryptexd/codex.system/bootstrap/usr/bin:/var/run/com.apple.security.cryptexd/codex.system/bootstrap/usr/appleinternal/bin:/pkg/env/global/bin:/Library/Apple/usr/bin:/usr/local/MacGPG2/bin:/Applications/Ghostty.app/Contents/MacOS"
2026-08-20T00:53:01.596198Z  INFO herdr::logging: api request completed event="api.request.complete" subsystem="api" outcome="error" request_id="cli:plugin" method="plugin.pane.open"
2026-08-20T00:53:03.198135Z  INFO herdr::logging: api request received event="api.request.start" subsystem="api" outcome="started" request_id="cli:plugin" method="plugin.pane.open" changes_ui=true
2026-08-20T00:53:03.198692Z  INFO herdr::logging: spawning pane terminal event="pane.spawn.start" subsystem="pane" outcome="started" pane_id=21 rows=60 cols=204 scrollback_limit_bytes=10000000
2026-08-20T00:53:03.201225Z ERROR herdr::pane: failed to spawn argv command pane pane=21 err=Unable to spawn target/release/herdr-palette because:
No viable candidates found in PATH "/Users/jason/.cache/lm-studio/bin:/opt/homebrew/sbin:/opt/homebrew/bin:/Users/jason/.composer/vendor/bin:/Users/jason/.npm-packages/bin:/bin:/usr/bin:/opt/homebrew/bin/libxml2/bin:/usr/local/bin:/usr/sbin:/sbin:/var/run/com.apple.security.cryptexd/codex.system/bootstrap/usr/local/bin:/var/run/com.apple.security.cryptexd/codex.system/bootstrap/usr/bin:/var/run/com.apple.security.cryptexd/codex.system/bootstrap/usr/appleinternal/bin:/pkg/env/global/bin:/Library/Apple/usr/bin:/usr/local/MacGPG2/bin:/Applications/Ghostty.app/Contents/MacOS"
2026-08-20T00:53:03.201336Z  INFO herdr::logging: api request completed event="api.request.complete" subsystem="api" outcome="error" request_id="cli:plugin" method="plugin.pane.open"
2026-08-20T00:53:03.902033Z  INFO herdr::logging: api request received event="api.request.start" subsystem="api" outcome="started" request_id="cli:plugin" method="plugin.pane.open" changes_ui=true
2026-08-20T00:53:03.902520Z  INFO herdr::logging: spawning pane terminal event="pane.spawn.start" subsystem="pane" outcome="started" pane_id=22 rows=60 cols=204 scrollback_limit_bytes=10000000
2026-08-20T00:53:03.904806Z ERROR herdr::pane: failed to spawn argv command pane pane=22 err=Unable to spawn target/release/herdr-palette because:
No viable candidates found in PATH "/Users/jason/.cache/lm-studio/bin:/opt/homebrew/sbin:/opt/homebrew/bin:/Users/jason/.composer/vendor/bin:/Users/jason/.npm-packages/bin:/bin:/usr/bin:/opt/homebrew/bin/libxml2/bin:/usr/local/bin:/usr/sbin:/sbin:/var/run/com.apple.security.cryptexd/codex.system/bootstrap/usr/local/bin:/var/run/com.apple.security.cryptexd/codex.system/bootstrap/usr/bin:/var/run/com.apple.security.cryptexd/codex.system/bootstrap/usr/appleinternal/bin:/pkg/env/global/bin:/Library/Apple/usr/bin:/usr/local/MacGPG2/bin:/Applications/Ghostty.app/Contents/MacOS"
2026-08-20T00:53:03.904867Z  INFO herdr::logging: api request completed event="api.request.complete" subsystem="api" outcome="error" request_id="cli:plugin" method="plugin.pane.open"
2026-08-20T00:53:04.629697Z  INFO herdr::logging: api request received event="api.request.start" subsystem="api" outcome="started" request_id="cli:plugin" method="plugin.pane.open" changes_ui=true
2026-08-20T00:53:04.630255Z  INFO herdr::logging: spawning pane terminal event="pane.spawn.start" subsystem="pane" outcome="started" pane_id=23 rows=60 cols=204 scrollback_limit_bytes=10000000
2026-08-20T00:53:04.632805Z ERROR herdr::pane: failed to spawn argv command pane pane=23 err=Unable to spawn target/release/herdr-palette because:
No viable candidates found in PATH "/Users/jason/.cache/lm-studio/bin:/opt/homebrew/sbin:/opt/homebrew/bin:/Users/jason/.composer/vendor/bin:/Users/jason/.npm-packages/bin:/bin:/usr/bin:/opt/homebrew/bin/libxml2/bin:/usr/local/bin:/usr/sbin:/sbin:/var/run/com.apple.security.cryptexd/codex.system/bootstrap/usr/local/bin:/var/run/com.apple.security.cryptexd/codex.system/bootstrap/usr/bin:/var/run/com.apple.security.cryptexd/codex.system/bootstrap/usr/appleinternal/bin:/pkg/env/global/bin:/Library/Apple/usr/bin:/usr/local/MacGPG2/bin:/Applications/Ghostty.app/Contents/MacOS"
2026-08-20T00:53:04.632874Z  INFO herdr::logging: api request completed event="api.request.complete" subsystem="api" outcome="error" request_id="cli:plugin" method="plugin.pane.open"
2026-08-20T00:53:05.358528Z  INFO herdr::logging: api request received event="api.request.start" subsystem="api" outcome="started" request_id="cli:plugin" method="plugin.pane.open" changes_ui=true
2026-08-20T00:53:05.359439Z  INFO herdr::logging: spawning pane terminal event="pane.spawn.start" subsystem="pane" outcome="started" pane_id=24 rows=60 cols=204 scrollback_limit_bytes=10000000
2026-08-20T00:53:05.362995Z ERROR herdr::pane: failed to spawn argv command pane pane=24 err=Unable to spawn target/release/herdr-palette because:
No viable candidates found in PATH "/Users/jason/.cache/lm-studio/bin:/opt/homebrew/sbin:/opt/homebrew/bin:/Users/jason/.composer/vendor/bin:/Users/jason/.npm-packages/bin:/bin:/usr/bin:/opt/homebrew/bin/libxml2/bin:/usr/local/bin:/usr/sbin:/sbin:/var/run/com.apple.security.cryptexd/codex.system/bootstrap/usr/local/bin:/var/run/com.apple.security.cryptexd/codex.system/bootstrap/usr/bin:/var/run/com.apple.security.cryptexd/codex.system/bootstrap/usr/appleinternal/bin:/pkg/env/global/bin:/Library/Apple/usr/bin:/usr/local/MacGPG2/bin:/Applications/Ghostty.app/Contents/MacOS"
2026-08-20T00:53:05.363060Z  INFO herdr::logging: api request completed event="api.request.complete" subsystem="api" outcome="error" request_id="cli:plugin" method="plugin.pane.open"
2026-08-20T00:53:06.050551Z  INFO herdr::logging: api request received event="api.request.start" subsystem="api" outcome="started" request_id="cli:plugin" method="plugin.pane.open" changes_ui=true
2026-08-20T00:53:06.051176Z  INFO herdr::logging: spawning pane terminal event="pane.spawn.start" subsystem="pane" outcome="started" pane_id=25 rows=60 cols=204 scrollback_limit_bytes=10000000
2026-08-20T00:53:06.053819Z ERROR herdr::pane: failed to spawn argv command pane pane=25 err=Unable to spawn target/release/herdr-palette because:
No viable candidates found in PATH "/Users/jason/.cache/lm-studio/bin:/opt/homebrew/sbin:/opt/homebrew/bin:/Users/jason/.composer/vendor/bin:/Users/jason/.npm-packages/bin:/bin:/usr/bin:/opt/homebrew/bin/libxml2/bin:/usr/local/bin:/usr/sbin:/sbin:/var/run/com.apple.security.cryptexd/codex.system/bootstrap/usr/local/bin:/var/run/com.apple.security.cryptexd/codex.system/bootstrap/usr/bin:/var/run/com.apple.security.cryptexd/codex.system/bootstrap/usr/appleinternal/bin:/pkg/env/global/bin:/Library/Apple/usr/bin:/usr/local/MacGPG2/bin:/Applications/Ghostty.app/Contents/MacOS"
2026-08-20T00:53:06.053879Z  INFO herdr::logging: api request completed event="api.request.complete" subsystem="api" outcome="error" request_id="cli:plugin" method="plugin.pane.open"
2026-08-20T00:53:06.956258Z  INFO herdr::logging: api request received event="api.request.start" subsystem="api" outcome="started" request_id="cli:plugin" method="plugin.pane.open" changes_ui=true
2026-08-20T00:53:06.957217Z  INFO herdr::logging: spawning pane terminal event="pane.spawn.start" subsystem="pane" outcome="started" pane_id=26 rows=60 cols=204 scrollback_limit_bytes=10000000
2026-08-20T00:53:06.960552Z ERROR herdr::pane: failed to spawn argv command pane pane=26 err=Unable to spawn target/release/herdr-palette because:
No viable candidates found in PATH "/Users/jason/.cache/lm-studio/bin:/opt/homebrew/sbin:/opt/homebrew/bin:/Users/jason/.composer/vendor/bin:/Users/jason/.npm-packages/bin:/bin:/usr/bin:/opt/homebrew/bin/libxml2/bin:/usr/local/bin:/usr/sbin:/sbin:/var/run/com.apple.security.cryptexd/codex.system/bootstrap/usr/local/bin:/var/run/com.apple.security.cryptexd/codex.system/bootstrap/usr/bin:/var/run/com.apple.security.cryptexd/codex.system/bootstrap/usr/appleinternal/bin:/pkg/env/global/bin:/Library/Apple/usr/bin:/usr/local/MacGPG2/bin:/Applications/Ghostty.app/Contents/MacOS"
2026-08-20T00:53:06.960618Z  INFO herdr::logging: api request completed event="api.request.complete" subsystem="api" outcome="error" request_id="cli:plugin" method="plugin.pane.open"
2026-08-20T00:53:07.733427Z  INFO herdr::logging: api request received event="api.request.start" subsystem="api" outcome="started" request_id="cli:plugin" method="plugin.pane.open" changes_ui=true
2026-08-20T00:53:07.734017Z  INFO herdr::logging: spawning pane terminal event="pane.spawn.start" subsystem="pane" outcome="started" pane_id=27 rows=60 cols=204 scrollback_limit_bytes=10000000
2026-08-20T00:53:07.736279Z ERROR herdr::pane: failed to spawn argv command pane pane=27 err=Unable to spawn target/release/herdr-palette because:
No viable candidates found in PATH "/Users/jason/.cache/lm-studio/bin:/opt/homebrew/sbin:/opt/homebrew/bin:/Users/jason/.composer/vendor/bin:/Users/jason/.npm-packages/bin:/bin:/usr/bin:/opt/homebrew/bin/libxml2/bin:/usr/local/bin:/usr/sbin:/sbin:/var/run/com.apple.security.cryptexd/codex.system/bootstrap/usr/local/bin:/var/run/com.apple.security.cryptexd/codex.system/bootstrap/usr/bin:/var/run/com.apple.security.cryptexd/codex.system/bootstrap/usr/appleinternal/bin:/pkg/env/global/bin:/Library/Apple/usr/bin:/usr/local/MacGPG2/bin:/Applications/Ghostty.app/Contents/MacOS"
2026-08-20T00:53:07.736368Z  INFO herdr::logging: api request completed event="api.request.complete" subsystem="api" outcome="error" request_id="cli:plugin" method="plugin.pane.open"
2026-08-20T00:53:08.286496Z  INFO herdr::logging: api request received event="api.request.start" subsystem="api" outcome="started" request_id="cli:plugin" method="plugin.pane.open" changes_ui=true
2026-08-20T00:53:08.287145Z  INFO herdr::logging: spawning pane terminal event="pane.spawn.start" subsystem="pane" outcome="started" pane_id=28 rows=60 cols=204 scrollback_limit_bytes=10000000
2026-08-20T00:53:08.290324Z ERROR herdr::pane: failed to spawn argv command pane pane=28 err=Unable to spawn target/release/herdr-palette because:
No viable candidates found in PATH "/Users/jason/.cache/lm-studio/bin:/opt/homebrew/sbin:/opt/homebrew/bin:/Users/jason/.composer/vendor/bin:/Users/jason/.npm-packages/bin:/bin:/usr/bin:/opt/homebrew/bin/libxml2/bin:/usr/local/bin:/usr/sbin:/sbin:/var/run/com.apple.security.cryptexd/codex.system/bootstrap/usr/local/bin:/var/run/com.apple.security.cryptexd/codex.system/bootstrap/usr/bin:/var/run/com.apple.security.cryptexd/codex.system/bootstrap/usr/appleinternal/bin:/pkg/env/global/bin:/Library/Apple/usr/bin:/usr/local/MacGPG2/bin:/Applications/Ghostty.app/Contents/MacOS"
2026-08-20T00:53:08.290433Z  INFO herdr::logging: api request completed event="api.request.complete" subsystem="api" outcome="error" request_id="cli:plugin" method="plugin.pane.open"
2026-08-20T00:53:37.338623Z  INFO herdr::logging: api request completed event="api.request.complete" subsystem="api" outcome="error" request_id="cli:plugin" method="plugin.link"
2026-08-20T00:53:51.405554Z  INFO herdr::logging: api request completed event="api.request.complete" subsystem="api" outcome="error" request_id="cli:plugin" method="plugin.link"
2026-08-20T00:53:51.412603Z  INFO herdr::logging: api request received event="api.request.start" subsystem="api" outcome="started" request_id="cli:plugin" method="plugin.pane.open" changes_ui=true
2026-08-20T00:53:51.413810Z  INFO herdr::logging: spawning pane terminal event="pane.spawn.start" subsystem="pane" outcome="started" pane_id=29 rows=60 cols=204 scrollback_limit_bytes=10000000
2026-08-20T00:53:51.416136Z ERROR herdr::pane: failed to spawn argv command pane pane=29 err=Unable to spawn target/release/herdr-palette because:
No viable candidates found in PATH "/Users/jason/.cache/lm-studio/bin:/opt/homebrew/sbin:/opt/homebrew/bin:/Users/jason/.composer/vendor/bin:/Users/jason/.npm-packages/bin:/bin:/usr/bin:/opt/homebrew/bin/libxml2/bin:/usr/local/bin:/usr/sbin:/sbin:/var/run/com.apple.security.cryptexd/codex.system/bootstrap/usr/local/bin:/var/run/com.apple.security.cryptexd/codex.system/bootstrap/usr/bin:/var/run/com.apple.security.cryptexd/codex.system/bootstrap/usr/appleinternal/bin:/pkg/env/global/bin:/Library/Apple/usr/bin:/usr/local/MacGPG2/bin:/Applications/Ghostty.app/Contents/MacOS"
2026-08-20T00:53:51.416234Z  INFO herdr::logging: api request completed event="api.request.complete" subsystem="api" outcome="error" request_id="cli:plugin" method="plugin.pane.open"
2026-08-20T00:54:11.468201Z  INFO herdr::logging: session saved event="persist.save" subsystem="persist" outcome="ok" path=/Users/jason/.config/herdr/session.json workspaces=7
2026-08-20T00:54:12.962910Z  INFO herdr::app::actions: copied selection to clipboard
2026-08-20T00:56:33.702108Z  INFO herdr::logging: api request completed event="api.request.complete" subsystem="api" outcome="error" request_id="cli:plugin" method="plugin.link"
2026-08-20T00:56:49.453254Z  INFO herdr::logging: api request completed event="api.request.complete" subsystem="api" outcome="error" request_id="cli:plugin" method="plugin.link"
2026-08-20T00:58:15.137731Z  INFO herdr::logging: api request completed event="api.request.complete" subsystem="api" outcome="error" request_id="cli:plugin" method="plugin.link"
2026-08-20T01:21:20.456076Z  INFO herdr::logging: checking for updates event="update.check.start" subsystem="update" outcome="started"
2026-08-20T01:44:26.100514Z  INFO herdr::logging: workspace focused event="workspace.focus" subsystem="workspace" outcome="ok" workspace_id="w8"
2026-08-20T01:44:26.100601Z  INFO herdr::logging: tab focused event="tab.focus" subsystem="tab" outcome="ok" workspace_id="w8" tab_id="w8:t1"
2026-08-20T01:44:31.118244Z  INFO herdr::logging: session saved event="persist.save" subsystem="persist" outcome="ok" path=/Users/jason/.config/herdr/session.json workspaces=7
2026-08-20T01:51:20.481851Z  INFO herdr::logging: checking for updates event="update.check.start" subsystem="update" outcome="started"
2026-08-20T02:20:01.062013Z  INFO herdr::server::headless: client resize client_id=2 cols=134 rows=40 cell_width_px=0 cell_height_px=0
2026-08-20T02:21:20.494190Z  INFO herdr::logging: checking for updates event="update.check.start" subsystem="update" outcome="started"
2026-08-20T02:28:12.950115Z  INFO herdr::logging: tab focused event="tab.focus" subsystem="tab" outcome="ok" workspace_id="w8" tab_id="w8:t2"
2026-08-20T02:28:17.639025Z  INFO herdr::pane: agent changed pane=6 previous_agent=None agent=Some(OpenCode) process=opencode pgid=Some(4244)
2026-08-20T02:28:17.955405Z  INFO herdr::logging: session saved event="persist.save" subsystem="persist" outcome="ok" path=/Users/jason/.config/herdr/session.json workspaces=7
2026-08-20T02:29:11.122817Z  INFO herdr::pane: agent changed pane=6 previous_agent=None agent=Some(OpenCode) process=opencode pgid=Some(4244)
2026-08-20T02:29:16.018712Z  INFO herdr::logging: session saved event="persist.save" subsystem="persist" outcome="ok" path=/Users/jason/.config/herdr/session.json workspaces=7
2026-08-20T02:37:51.970565Z  INFO herdr::logging: tab focused event="tab.focus" subsystem="tab" outcome="ok" workspace_id="w8" tab_id="w8:t1"
2026-08-20T02:37:56.977941Z  INFO herdr::logging: session saved event="persist.save" subsystem="persist" outcome="ok" path=/Users/jason/.config/herdr/session.json workspaces=7
2026-08-20T02:40:46.561706Z  INFO herdr::server::headless: client resize client_id=2 cols=230 rows=61 cell_width_px=0 cell_height_px=0
2026-08-20T02:40:46.814000Z  INFO herdr::server::headless: client resize client_id=2 cols=230 rows=61 cell_width_px=0 cell_height_px=0
2026-08-20T02:44:55.112012Z  INFO herdr::logging: tab focused event="tab.focus" subsystem="tab" outcome="ok" workspace_id="w8" tab_id="w8:t2"
2026-08-20T02:45:00.120254Z  INFO herdr::logging: session saved event="persist.save" subsystem="persist" outcome="ok" path=/Users/jason/.config/herdr/session.json workspaces=7
2026-08-20T02:45:59.273155Z  INFO herdr::logging: tab focused event="tab.focus" subsystem="tab" outcome="ok" workspace_id="w8" tab_id="w8:t1"
2026-08-20T02:46:01.262944Z  INFO herdr::logging: tab focused event="tab.focus" subsystem="tab" outcome="ok" workspace_id="w8" tab_id="w8:t2"
2026-08-20T02:46:06.267147Z  INFO herdr::logging: session saved event="persist.save" subsystem="persist" outcome="ok" path=/Users/jason/.config/herdr/session.json workspaces=7
2026-08-20T02:51:20.509492Z  INFO herdr::logging: checking for updates event="update.check.start" subsystem="update" outcome="started"
2026-08-20T03:21:20.520800Z  INFO herdr::logging: checking for updates event="update.check.start" subsystem="update" outcome="started"
2026-08-20T03:24:13.419766Z  INFO herdr::server::headless: client resize client_id=2 cols=134 rows=40 cell_width_px=0 cell_height_px=0
2026-08-20T03:44:22.328234Z  INFO herdr::server::headless: client resize client_id=2 cols=230 rows=61 cell_width_px=0 cell_height_px=0
2026-08-20T03:44:22.418713Z  INFO herdr::server::headless: client resize client_id=2 cols=230 rows=61 cell_width_px=0 cell_height_px=0
2026-08-20T03:47:11.499435Z  INFO herdr::logging: tab focused event="tab.focus" subsystem="tab" outcome="ok" workspace_id="w8" tab_id="w8:t1"
2026-08-20T03:47:16.506721Z  INFO herdr::logging: session saved event="persist.save" subsystem="persist" outcome="ok" path=/Users/jason/.config/herdr/session.json workspaces=7
2026-08-20T03:51:20.532287Z  INFO herdr::logging: checking for updates event="update.check.start" subsystem="update" outcome="started"
2026-08-20T03:54:39.634881Z  INFO herdr::logging: api request received event="api.request.start" subsystem="api" outcome="started" request_id="nvim.nav" method="pane.focus_direction" changes_ui=true
2026-08-20T03:54:39.635224Z  INFO herdr::logging: api request completed event="api.request.complete" subsystem="api" outcome="ok" request_id="nvim.nav" method="pane.focus_direction"
2026-08-20T04:01:58.025173Z  INFO herdr::logging: tab focused event="tab.focus" subsystem="tab" outcome="ok" workspace_id="w8" tab_id="w8:t2"
2026-08-20T04:02:03.034946Z  INFO herdr::logging: session saved event="persist.save" subsystem="persist" outcome="ok" path=/Users/jason/.config/herdr/session.json workspaces=7
2026-08-20T04:02:12.108334Z  INFO herdr::logging: tab focused event="tab.focus" subsystem="tab" outcome="ok" workspace_id="w8" tab_id="w8:t1"
2026-08-20T04:02:14.428361Z  INFO herdr::logging: tab focused event="tab.focus" subsystem="tab" outcome="ok" workspace_id="w8" tab_id="w8:t2"
2026-08-20T04:02:19.431701Z  INFO herdr::logging: session saved event="persist.save" subsystem="persist" outcome="ok" path=/Users/jason/.config/herdr/session.json workspaces=7
2026-08-20T04:02:33.492703Z  INFO herdr::logging: tab focused event="tab.focus" subsystem="tab" outcome="ok" workspace_id="w8" tab_id="w8:t1"
2026-08-20T04:02:38.496856Z  INFO herdr::logging: session saved event="persist.save" subsystem="persist" outcome="ok" path=/Users/jason/.config/herdr/session.json workspaces=7
2026-08-20T04:03:43.529352Z  INFO herdr::logging: tab focused event="tab.focus" subsystem="tab" outcome="ok" workspace_id="w8" tab_id="w8:t2"
2026-08-20T04:03:48.537048Z  INFO herdr::logging: session saved event="persist.save" subsystem="persist" outcome="ok" path=/Users/jason/.config/herdr/session.json workspaces=7
2026-08-20T04:04:47.592077Z  INFO herdr::logging: tab focused event="tab.focus" subsystem="tab" outcome="ok" workspace_id="w8" tab_id="w8:t1"
2026-08-20T04:04:52.599032Z  INFO herdr::logging: session saved event="persist.save" subsystem="persist" outcome="ok" path=/Users/jason/.config/herdr/session.json workspaces=7
2026-08-20T04:21:20.542063Z  INFO herdr::logging: checking for updates event="update.check.start" subsystem="update" outcome="started"
2026-08-20T04:51:20.556422Z  INFO herdr::logging: checking for updates event="update.check.start" subsystem="update" outcome="started"
2026-08-20T04:52:30.973055Z  INFO herdr::server::headless: client resize client_id=2 cols=134 rows=40 cell_width_px=0 cell_height_px=0
2026-08-20T05:00:12.024907Z  INFO herdr::server::headless: client resize client_id=2 cols=230 rows=61 cell_width_px=0 cell_height_px=0
2026-08-20T05:02:25.758063Z  INFO herdr::logging: tab focused event="tab.focus" subsystem="tab" outcome="ok" workspace_id="w8" tab_id="w8:t2"
2026-08-20T05:02:30.766956Z  INFO herdr::logging: session saved event="persist.save" subsystem="persist" outcome="ok" path=/Users/jason/.config/herdr/session.json workspaces=7
2026-08-20T05:02:47.064125Z  INFO herdr::logging: tab focused event="tab.focus" subsystem="tab" outcome="ok" workspace_id="w8" tab_id="w8:t1"
2026-08-20T05:02:52.068015Z  INFO herdr::logging: session saved event="persist.save" subsystem="persist" outcome="ok" path=/Users/jason/.config/herdr/session.json workspaces=7
2026-08-20T05:02:53.514301Z  INFO herdr::logging: tab focused event="tab.focus" subsystem="tab" outcome="ok" workspace_id="w8" tab_id="w8:t2"
2026-08-20T05:02:58.517269Z  INFO herdr::logging: session saved event="persist.save" subsystem="persist" outcome="ok" path=/Users/jason/.config/herdr/session.json workspaces=7
2026-08-20T05:06:54.994450Z  INFO herdr::logging: tab focused event="tab.focus" subsystem="tab" outcome="ok" workspace_id="w8" tab_id="w8:t1"
2026-08-20T05:07:00.001879Z  INFO herdr::logging: session saved event="persist.save" subsystem="persist" outcome="ok" path=/Users/jason/.config/herdr/session.json workspaces=7
2026-08-20T05:17:32.084260Z  INFO herdr::server::headless: client resize client_id=2 cols=134 rows=40 cell_width_px=0 cell_height_px=0
2026-08-20T05:21:20.568135Z  INFO herdr::logging: checking for updates event="update.check.start" subsystem="update" outcome="started"
2026-08-20T05:25:06.442250Z  INFO herdr::server::headless: client resize client_id=2 cols=230 rows=61 cell_width_px=0 cell_height_px=0
2026-08-20T05:51:20.581767Z  INFO herdr::logging: checking for updates event="update.check.start" subsystem="update" outcome="started"
2026-08-20T06:00:00.483144Z  INFO herdr::logging: tab focused event="tab.focus" subsystem="tab" outcome="ok" workspace_id="w8" tab_id="w8:t2"
2026-08-20T06:00:05.495247Z  INFO herdr::logging: session saved event="persist.save" subsystem="persist" outcome="ok" path=/Users/jason/.config/herdr/session.json workspaces=7
2026-08-20T06:00:09.548612Z  INFO herdr::logging: tab focused event="tab.focus" subsystem="tab" outcome="ok" workspace_id="w8" tab_id="w8:t1"
2026-08-20T06:00:14.551789Z  INFO herdr::logging: session saved event="persist.save" subsystem="persist" outcome="ok" path=/Users/jason/.config/herdr/session.json workspaces=7
2026-08-20T06:21:20.594036Z  INFO herdr::logging: checking for updates event="update.check.start" subsystem="update" outcome="started"
2026-08-20T06:49:44.551066Z  INFO herdr::logging: workspace focused event="workspace.focus" subsystem="workspace" outcome="ok" workspace_id="wF"
2026-08-20T06:49:44.551806Z  INFO herdr::logging: tab focused event="tab.focus" subsystem="tab" outcome="ok" workspace_id="wF" tab_id="wF:t1"
2026-08-20T06:49:49.560960Z  INFO herdr::logging: session saved event="persist.save" subsystem="persist" outcome="ok" path=/Users/jason/.config/herdr/session.json workspaces=7
2026-08-20T06:51:20.606719Z  INFO herdr::logging: checking for updates event="update.check.start" subsystem="update" outcome="started"
2026-08-20T07:18:57.666178Z  INFO herdr::server::headless: client resize client_id=2 cols=134 rows=40 cell_width_px=0 cell_height_px=0
2026-08-20T07:21:20.618729Z  INFO herdr::logging: checking for updates event="update.check.start" subsystem="update" outcome="started"
2026-08-20T12:45:55.097592Z  INFO herdr::logging: checking for updates event="update.check.start" subsystem="update" outcome="started"
2026-08-20T23:33:26.697872Z  INFO herdr::logging: checking for updates event="update.check.start" subsystem="update" outcome="started"
2026-08-21T00:03:26.695354Z  INFO herdr::logging: checking for updates event="update.check.start" subsystem="update" outcome="started"
2026-08-21T00:33:26.706323Z  INFO herdr::logging: checking for updates event="update.check.start" subsystem="update" outcome="started"
2026-08-21T01:03:26.719093Z  INFO herdr::logging: checking for updates event="update.check.start" subsystem="update" outcome="started"
2026-08-21T01:38:20.542169Z  INFO herdr::logging: checking for updates event="update.check.start" subsystem="update" outcome="started"
2026-08-21T02:08:20.552637Z  INFO herdr::logging: checking for updates event="update.check.start" subsystem="update" outcome="started"
2026-08-21T02:38:20.566480Z  INFO herdr::logging: checking for updates event="update.check.start" subsystem="update" outcome="started"
2026-08-21T02:59:53.989532Z  INFO herdr::logging: workspace focused event="workspace.focus" subsystem="workspace" outcome="ok" workspace_id="wD"
2026-08-21T02:59:53.989625Z  INFO herdr::logging: tab focused event="tab.focus" subsystem="tab" outcome="ok" workspace_id="wD" tab_id="wD:t1"
2026-08-21T02:59:59.000508Z  INFO herdr::logging: session saved event="persist.save" subsystem="persist" outcome="ok" path=/Users/jason/.config/herdr/session.json workspaces=7
2026-08-21T03:00:02.138690Z  INFO herdr::logging: tab focused event="tab.focus" subsystem="tab" outcome="ok" workspace_id="wD" tab_id="wD:t2"
2026-08-21T03:00:06.454837Z  INFO herdr::logging: tab focused event="tab.focus" subsystem="tab" outcome="ok" workspace_id="wD" tab_id="wD:t1"
2026-08-21T03:00:07.227066Z  INFO herdr::logging: tab focused event="tab.focus" subsystem="tab" outcome="ok" workspace_id="wD" tab_id="wD:t2"
2026-08-21T03:00:12.230771Z  INFO herdr::logging: session saved event="persist.save" subsystem="persist" outcome="ok" path=/Users/jason/.config/herdr/session.json workspaces=7
2026-08-21T03:00:13.985124Z  INFO herdr::pane: agent changed pane=12 previous_agent=None agent=Some(OpenCode) process=opencode pgid=Some(84448)
2026-08-21T03:00:22.333881Z  INFO herdr::app::actions: copied selection to clipboard
2026-08-21T03:00:23.950482Z  INFO herdr::pane: agent changed pane=12 previous_agent=Some(OpenCode) agent=None pgid=Some(60515)
2026-08-21T03:00:30.473931Z  INFO herdr::pane: agent changed pane=12 previous_agent=None agent=Some(OpenCode) process=opencode pgid=Some(84617)
2026-08-21T03:01:55.429977Z  INFO herdr::logging: api request received event="api.request.start" subsystem="api" outcome="started" request_id="herdr-nvim-nav" method="pane.focus_direction" changes_ui=true
2026-08-21T03:01:55.430551Z  INFO herdr::logging: api request completed event="api.request.complete" subsystem="api" outcome="ok" request_id="herdr-nvim-nav" method="pane.focus_direction"
2026-08-21T03:08:20.577594Z  INFO herdr::logging: checking for updates event="update.check.start" subsystem="update" outcome="started"
2026-08-21T03:21:04.897391Z  INFO herdr::logging: tab focused event="tab.focus" subsystem="tab" outcome="ok" workspace_id="wD" tab_id="wD:t1"
2026-08-21T03:21:09.905712Z  INFO herdr::logging: session saved event="persist.save" subsystem="persist" outcome="ok" path=/Users/jason/.config/herdr/session.json workspaces=7
2026-08-21T03:38:20.590616Z  INFO herdr::logging: checking for updates event="update.check.start" subsystem="update" outcome="started"
2026-08-21T04:08:20.603859Z  INFO herdr::logging: checking for updates event="update.check.start" subsystem="update" outcome="started"
2026-08-21T04:38:20.618095Z  INFO herdr::logging: checking for updates event="update.check.start" subsystem="update" outcome="started"
2026-08-21T04:55:46.650074Z  INFO herdr::logging: tab focused event="tab.focus" subsystem="tab" outcome="ok" workspace_id="wD" tab_id="wD:t2"
2026-08-21T04:55:51.661301Z  INFO herdr::logging: session saved event="persist.save" subsystem="persist" outcome="ok" path=/Users/jason/.config/herdr/session.json workspaces=7
2026-08-21T05:00:56.397547Z  INFO herdr::logging: tab focused event="tab.focus" subsystem="tab" outcome="ok" workspace_id="wD" tab_id="wD:t1"
2026-08-21T05:01:01.403164Z  INFO herdr::logging: session saved event="persist.save" subsystem="persist" outcome="ok" path=/Users/jason/.config/herdr/session.json workspaces=7
2026-08-21T05:01:17.513982Z  INFO herdr::logging: tab focused event="tab.focus" subsystem="tab" outcome="ok" workspace_id="wD" tab_id="wD:t2"
2026-08-21T05:01:22.519073Z  INFO herdr::logging: session saved event="persist.save" subsystem="persist" outcome="ok" path=/Users/jason/.config/herdr/session.json workspaces=7
2026-08-21T05:08:20.626504Z  INFO herdr::logging: checking for updates event="update.check.start" subsystem="update" outcome="started"
2026-08-21T05:38:20.641465Z  INFO herdr::logging: checking for updates event="update.check.start" subsystem="update" outcome="started"
2026-08-21T05:49:44.632547Z  INFO herdr::logging: tab focused event="tab.focus" subsystem="tab" outcome="ok" workspace_id="wD" tab_id="wD:t1"
2026-08-21T05:49:49.641687Z  INFO herdr::logging: session saved event="persist.save" subsystem="persist" outcome="ok" path=/Users/jason/.config/herdr/session.json workspaces=7
2026-08-21T05:50:58.657143Z  INFO herdr::logging: tab focused event="tab.focus" subsystem="tab" outcome="ok" workspace_id="wD" tab_id="wD:t2"
2026-08-21T05:51:03.663789Z  INFO herdr::logging: session saved event="persist.save" subsystem="persist" outcome="ok" path=/Users/jason/.config/herdr/session.json workspaces=7
2026-08-21T06:03:33.241372Z  INFO herdr::logging: tab focused event="tab.focus" subsystem="tab" outcome="ok" workspace_id="wD" tab_id="wD:t1"
2026-08-21T06:03:38.248707Z  INFO herdr::logging: session saved event="persist.save" subsystem="persist" outcome="ok" path=/Users/jason/.config/herdr/session.json workspaces=7
2026-08-21T06:08:20.651201Z  INFO herdr::logging: checking for updates event="update.check.start" subsystem="update" outcome="started"
2026-08-21T06:14:57.953532Z  INFO herdr::logging: tab focused event="tab.focus" subsystem="tab" outcome="ok" workspace_id="wD" tab_id="wD:t2"
2026-08-21T06:15:02.958686Z  INFO herdr::logging: session saved event="persist.save" subsystem="persist" outcome="ok" path=/Users/jason/.config/herdr/session.json workspaces=7
2026-08-21T06:38:20.663985Z  INFO herdr::logging: checking for updates event="update.check.start" subsystem="update" outcome="started"
2026-08-21T07:08:20.676156Z  INFO herdr::logging: checking for updates event="update.check.start" subsystem="update" outcome="started"
2026-08-21T07:09:19.611197Z  INFO herdr::logging: tab focused event="tab.focus" subsystem="tab" outcome="ok" workspace_id="wD" tab_id="wD:t1"
2026-08-21T07:09:24.624308Z  INFO herdr::logging: session saved event="persist.save" subsystem="persist" outcome="ok" path=/Users/jason/.config/herdr/session.json workspaces=7
2026-08-21T07:38:20.689098Z  INFO herdr::logging: checking for updates event="update.check.start" subsystem="update" outcome="started"
2026-08-21T07:40:59.816996Z  INFO herdr::logging: tab focused event="tab.focus" subsystem="tab" outcome="ok" workspace_id="wD" tab_id="wD:t2"
2026-08-21T07:41:02.417190Z  INFO herdr::pane: agent changed pane=12 previous_agent=Some(OpenCode) agent=None pgid=Some(60515)
2026-08-21T07:41:03.699539Z  INFO herdr::logging: workspace focused event="workspace.focus" subsystem="workspace" outcome="ok" workspace_id="w8"
2026-08-21T07:41:03.699612Z  INFO herdr::logging: tab focused event="tab.focus" subsystem="tab" outcome="ok" workspace_id="w8" tab_id="w8:t1"
2026-08-21T07:41:04.965910Z  INFO herdr::logging: tab focused event="tab.focus" subsystem="tab" outcome="ok" workspace_id="w8" tab_id="w8:t2"
2026-08-21T07:41:09.970609Z  INFO herdr::logging: session saved event="persist.save" subsystem="persist" outcome="ok" path=/Users/jason/.config/herdr/session.json workspaces=7
2026-08-21T07:41:21.591510Z  INFO herdr::logging: tab focused event="tab.focus" subsystem="tab" outcome="ok" workspace_id="w8" tab_id="w8:t1"
2026-08-21T07:41:26.597015Z  INFO herdr::logging: session saved event="persist.save" subsystem="persist" outcome="ok" path=/Users/jason/.config/herdr/session.json workspaces=7
2026-08-21T07:53:20.695510Z  INFO herdr::logging: workspace focused event="workspace.focus" subsystem="workspace" outcome="ok" workspace_id="wF"
2026-08-21T07:53:20.697054Z  INFO herdr::logging: tab focused event="tab.focus" subsystem="tab" outcome="ok" workspace_id="wF" tab_id="wF:t1"
2026-08-21T07:53:25.701091Z  INFO herdr::logging: session saved event="persist.save" subsystem="persist" outcome="ok" path=/Users/jason/.config/herdr/session.json workspaces=7
2026-08-21T08:08:20.698413Z  INFO herdr::logging: checking for updates event="update.check.start" subsystem="update" outcome="started"
2026-08-21T08:38:20.715893Z  INFO herdr::logging: checking for updates event="update.check.start" subsystem="update" outcome="started"
2026-08-21T09:08:20.726337Z  INFO herdr::logging: checking for updates event="update.check.start" subsystem="update" outcome="started"
2026-08-21T09:38:20.737335Z  INFO herdr::logging: checking for updates event="update.check.start" subsystem="update" outcome="started"
2026-08-21T10:08:20.749025Z  INFO herdr::logging: checking for updates event="update.check.start" subsystem="update" outcome="started"
2026-08-21T10:38:20.759123Z  INFO herdr::logging: checking for updates event="update.check.start" subsystem="update" outcome="started"
2026-08-21T11:08:20.771432Z  INFO herdr::logging: checking for updates event="update.check.start" subsystem="update" outcome="started"
2026-08-21T11:38:20.780852Z  INFO herdr::logging: checking for updates event="update.check.start" subsystem="update" outcome="started"
2026-08-21T12:08:20.793042Z  INFO herdr::logging: checking for updates event="update.check.start" subsystem="update" outcome="started"
2026-08-21T12:38:20.800023Z  INFO herdr::logging: checking for updates event="update.check.start" subsystem="update" outcome="started"
2026-08-21T13:08:20.809911Z  INFO herdr::logging: checking for updates event="update.check.start" subsystem="update" outcome="started"
2026-08-21T14:26:17.210663Z  INFO herdr::logging: checking for updates event="update.check.start" subsystem="update" outcome="started"
2026-08-21T14:56:17.205100Z  INFO herdr::logging: checking for updates event="update.check.start" subsystem="update" outcome="started"
2026-08-21T15:26:17.217076Z  INFO herdr::logging: checking for updates event="update.check.start" subsystem="update" outcome="started"
2026-08-21T15:56:17.229592Z  INFO herdr::logging: checking for updates event="update.check.start" subsystem="update" outcome="started"
2026-08-21T16:26:17.241868Z  INFO herdr::logging: checking for updates event="update.check.start" subsystem="update" outcome="started"
2026-08-21T16:56:17.257433Z  INFO herdr::logging: checking for updates event="update.check.start" subsystem="update" outcome="started"
2026-08-21T17:26:17.271175Z  INFO herdr::logging: checking for updates event="update.check.start" subsystem="update" outcome="started"
2026-08-21T17:56:17.284427Z  INFO herdr::logging: checking for updates event="update.check.start" subsystem="update" outcome="started"
2026-08-21T18:26:17.297562Z  INFO herdr::logging: checking for updates event="update.check.start" subsystem="update" outcome="started"
2026-08-21T19:06:17.510906Z  INFO herdr::logging: checking for updates event="update.check.start" subsystem="update" outcome="started"
2026-08-21T19:36:17.520884Z  INFO herdr::logging: checking for updates event="update.check.start" subsystem="update" outcome="started"
2026-08-21T20:06:17.531522Z  INFO herdr::logging: checking for updates event="update.check.start" subsystem="update" outcome="started"
2026-08-21T20:36:17.541399Z  INFO herdr::logging: checking for updates event="update.check.start" subsystem="update" outcome="started"
2026-08-21T21:06:17.549497Z  INFO herdr::logging: checking for updates event="update.check.start" subsystem="update" outcome="started"
2026-08-21T21:36:17.561981Z  INFO herdr::logging: checking for updates event="update.check.start" subsystem="update" outcome="started"
2026-08-21T22:06:17.575953Z  INFO herdr::logging: checking for updates event="update.check.start" subsystem="update" outcome="started"
2026-08-21T22:36:17.588827Z  INFO herdr::logging: checking for updates event="update.check.start" subsystem="update" outcome="started"
2026-08-21T23:06:17.602441Z  INFO herdr::logging: checking for updates event="update.check.start" subsystem="update" outcome="started"
2026-08-22T00:00:44.586768Z  INFO herdr::logging: checking for updates event="update.check.start" subsystem="update" outcome="started"
2026-08-22T00:16:43.713623Z  WARN herdr::logging: update check failed event="update.check.complete" subsystem="update" outcome="error" err="failed to fetch Homebrew formula JSON"
2026-08-22T00:16:43.713789Z  WARN herdr::detect::manifest_update: agent detection manifest update failed: failed to fetch https://herdr.dev/agent-detection/index.toml
2026-08-22T10:41:39.523887Z  INFO herdr::logging: checking for updates event="update.check.start" subsystem="update" outcome="started"
2026-08-22T21:34:17.516944Z  INFO herdr::logging: checking for updates event="update.check.start" subsystem="update" outcome="started"
2026-08-23T03:59:31.897293Z  INFO herdr::logging: checking for updates event="update.check.start" subsystem="update" outcome="started"
2026-08-23T11:05:12.737851Z  INFO herdr::logging: checking for updates event="update.check.start" subsystem="update" outcome="started"
2026-08-23T11:05:17.887919Z  WARN herdr::logging: update check failed event="update.check.complete" subsystem="update" outcome="error" err="failed to fetch Homebrew formula JSON"
2026-08-23T11:05:17.936823Z  WARN herdr::detect::manifest_update: agent detection manifest update failed: failed to fetch https://herdr.dev/agent-detection/index.toml
2026-08-23T19:27:25.212483Z  INFO herdr::logging: checking for updates event="update.check.start" subsystem="update" outcome="started"
2026-08-23T23:16:41.187124Z  INFO herdr::logging: checking for updates event="update.check.start" subsystem="update" outcome="started"
2026-08-23T23:36:59.071262Z  INFO herdr::server::headless: client resize client_id=2 cols=230 rows=61 cell_width_px=0 cell_height_px=0
2026-08-24T00:02:20.032559Z  INFO herdr::logging: checking for updates event="update.check.start" subsystem="update" outcome="started"
2026-08-24T00:32:20.042274Z  INFO herdr::logging: checking for updates event="update.check.start" subsystem="update" outcome="started"
2026-08-24T00:40:40.332458Z  INFO herdr::server::headless: client resize client_id=2 cols=134 rows=40 cell_width_px=0 cell_height_px=0
2026-08-24T00:40:40.751581Z  INFO herdr::server::headless: client resize client_id=2 cols=134 rows=40 cell_width_px=0 cell_height_px=0
2026-08-24T01:02:20.055508Z  INFO herdr::logging: checking for updates event="update.check.start" subsystem="update" outcome="started"
2026-08-24T01:32:20.069134Z  INFO herdr::logging: checking for updates event="update.check.start" subsystem="update" outcome="started"
2026-08-24T02:02:20.085009Z  INFO herdr::logging: checking for updates event="update.check.start" subsystem="update" outcome="started"
2026-08-24T02:32:20.100630Z  INFO herdr::logging: checking for updates event="update.check.start" subsystem="update" outcome="started"
2026-08-24T03:02:20.111274Z  INFO herdr::logging: checking for updates event="update.check.start" subsystem="update" outcome="started"
2026-08-24T03:32:20.127010Z  INFO herdr::logging: checking for updates event="update.check.start" subsystem="update" outcome="started"
2026-08-24T04:02:20.137750Z  INFO herdr::logging: checking for updates event="update.check.start" subsystem="update" outcome="started"
2026-08-24T04:32:20.152504Z  INFO herdr::logging: checking for updates event="update.check.start" subsystem="update" outcome="started"
2026-08-24T05:02:20.163139Z  INFO herdr::logging: checking for updates event="update.check.start" subsystem="update" outcome="started"
2026-08-24T05:32:20.177824Z  INFO herdr::logging: checking for updates event="update.check.start" subsystem="update" outcome="started"
2026-08-24T06:02:20.190003Z  INFO herdr::logging: checking for updates event="update.check.start" subsystem="update" outcome="started"
2026-08-24T06:32:20.201400Z  INFO herdr::logging: checking for updates event="update.check.start" subsystem="update" outcome="started"
2026-08-24T14:59:44.879907Z  INFO herdr::logging: checking for updates event="update.check.start" subsystem="update" outcome="started"
2026-08-24T15:29:44.879867Z  INFO herdr::logging: checking for updates event="update.check.start" subsystem="update" outcome="started"
2026-08-24T15:39:02.575155Z  INFO herdr::logging: api request received event="api.request.start" subsystem="api" outcome="started" request_id="cli:workspace:focus" method="workspace.focus" changes_ui=true
2026-08-24T15:39:02.576314Z  INFO herdr::logging: workspace focused event="workspace.focus" subsystem="workspace" outcome="ok" workspace_id="w7"
2026-08-24T15:39:02.576344Z  INFO herdr::logging: tab focused event="tab.focus" subsystem="tab" outcome="ok" workspace_id="w7" tab_id="w7:t1"
2026-08-24T15:39:02.576457Z  INFO herdr::logging: api request completed event="api.request.complete" subsystem="api" outcome="ok" request_id="cli:workspace:focus" method="workspace.focus"
2026-08-24T15:39:07.582806Z  INFO herdr::logging: session saved event="persist.save" subsystem="persist" outcome="ok" path=/Users/jason/.config/herdr/session.json workspaces=7
2026-08-24T15:39:46.664879Z  INFO herdr::logging: api request received event="api.request.start" subsystem="api" outcome="started" request_id="cli:workspace:focus" method="workspace.focus" changes_ui=true
2026-08-24T15:39:46.664972Z  INFO herdr::logging: workspace focused event="workspace.focus" subsystem="workspace" outcome="ok" workspace_id="w8"
2026-08-24T15:39:46.664998Z  INFO herdr::logging: tab focused event="tab.focus" subsystem="tab" outcome="ok" workspace_id="w8" tab_id="w8:t1"
2026-08-24T15:39:46.665033Z  INFO herdr::logging: api request completed event="api.request.complete" subsystem="api" outcome="ok" request_id="cli:workspace:focus" method="workspace.focus"
2026-08-24T15:39:51.669769Z  INFO herdr::logging: session saved event="persist.save" subsystem="persist" outcome="ok" path=/Users/jason/.config/herdr/session.json workspaces=7
2026-08-24T15:39:58.646441Z  INFO herdr::logging: api request received event="api.request.start" subsystem="api" outcome="started" request_id="cli:workspace:focus" method="workspace.focus" changes_ui=true
2026-08-24T15:39:58.646531Z  INFO herdr::logging: workspace focused event="workspace.focus" subsystem="workspace" outcome="ok" workspace_id="wF"
2026-08-24T15:39:58.646559Z  INFO herdr::logging: tab focused event="tab.focus" subsystem="tab" outcome="ok" workspace_id="wF" tab_id="wF:t1"
2026-08-24T15:39:58.646590Z  INFO herdr::logging: api request completed event="api.request.complete" subsystem="api" outcome="ok" request_id="cli:workspace:focus" method="workspace.focus"
2026-08-24T15:40:03.650927Z  INFO herdr::logging: session saved event="persist.save" subsystem="persist" outcome="ok" path=/Users/jason/.config/herdr/session.json workspaces=7
2026-08-24T15:41:58.842787Z  INFO herdr::logging: api request received event="api.request.start" subsystem="api" outcome="started" request_id="cli:workspace:focus" method="workspace.focus" changes_ui=true
2026-08-24T15:41:58.842907Z  INFO herdr::logging: workspace focused event="workspace.focus" subsystem="workspace" outcome="ok" workspace_id="w9"
2026-08-24T15:41:58.842941Z  INFO herdr::logging: tab focused event="tab.focus" subsystem="tab" outcome="ok" workspace_id="w9" tab_id="w9:t1"
2026-08-24T15:41:58.843009Z  INFO herdr::logging: api request completed event="api.request.complete" subsystem="api" outcome="ok" request_id="cli:workspace:focus" method="workspace.focus"
2026-08-24T15:42:03.847602Z  INFO herdr::logging: session saved event="persist.save" subsystem="persist" outcome="ok" path=/Users/jason/.config/herdr/session.json workspaces=7
2026-08-24T15:42:20.935187Z  INFO herdr::logging: api request received event="api.request.start" subsystem="api" outcome="started" request_id="cli:workspace:focus" method="workspace.focus" changes_ui=true
2026-08-24T15:42:20.935289Z  INFO herdr::logging: workspace focused event="workspace.focus" subsystem="workspace" outcome="ok" workspace_id="wF"
2026-08-24T15:42:20.935316Z  INFO herdr::logging: tab focused event="tab.focus" subsystem="tab" outcome="ok" workspace_id="wF" tab_id="wF:t1"
2026-08-24T15:42:20.935364Z  INFO herdr::logging: api request completed event="api.request.complete" subsystem="api" outcome="ok" request_id="cli:workspace:focus" method="workspace.focus"
2026-08-24T15:42:25.940228Z  INFO herdr::logging: session saved event="persist.save" subsystem="persist" outcome="ok" path=/Users/jason/.config/herdr/session.json workspaces=7
2026-08-24T15:42:48.013196Z  INFO herdr::app::actions: copied selection to clipboard
2026-08-24T15:59:44.891662Z  INFO herdr::logging: checking for updates event="update.check.start" subsystem="update" outcome="started"
2026-08-24T16:29:44.907009Z  INFO herdr::logging: checking for updates event="update.check.start" subsystem="update" outcome="started"
2026-08-24T16:59:44.926984Z  INFO herdr::logging: checking for updates event="update.check.start" subsystem="update" outcome="started"
2026-08-24T17:29:44.941561Z  INFO herdr::logging: checking for updates event="update.check.start" subsystem="update" outcome="started"
2026-08-24T17:59:44.954328Z  INFO herdr::logging: checking for updates event="update.check.start" subsystem="update" outcome="started"
2026-08-24T18:29:44.967735Z  INFO herdr::logging: checking for updates event="update.check.start" subsystem="update" outcome="started"
2026-08-24T18:59:44.981155Z  INFO herdr::logging: checking for updates event="update.check.start" subsystem="update" outcome="started"
2026-08-24T19:29:44.994619Z  INFO herdr::logging: checking for updates event="update.check.start" subsystem="update" outcome="started"
2026-08-24T19:59:45.007417Z  INFO herdr::logging: checking for updates event="update.check.start" subsystem="update" outcome="started"
2026-08-24T20:29:45.020650Z  INFO herdr::logging: checking for updates event="update.check.start" subsystem="update" outcome="started"
2026-08-24T20:59:45.033042Z  INFO herdr::logging: checking for updates event="update.check.start" subsystem="update" outcome="started"
2026-08-24T21:29:45.046889Z  INFO herdr::logging: checking for updates event="update.check.start" subsystem="update" outcome="started"
2026-08-24T21:59:45.059429Z  INFO herdr::logging: checking for updates event="update.check.start" subsystem="update" outcome="started"
2026-08-24T22:29:45.073540Z  INFO herdr::logging: checking for updates event="update.check.start" subsystem="update" outcome="started"
2026-08-24T22:59:45.086938Z  INFO herdr::logging: checking for updates event="update.check.start" subsystem="update" outcome="started"
2026-08-24T23:29:45.099724Z  INFO herdr::logging: checking for updates event="update.check.start" subsystem="update" outcome="started"
2026-08-24T23:59:45.111641Z  INFO herdr::logging: checking for updates event="update.check.start" subsystem="update" outcome="started"
2026-08-25T00:29:45.123195Z  INFO herdr::logging: checking for updates event="update.check.start" subsystem="update" outcome="started"
2026-08-25T00:59:45.136760Z  INFO herdr::logging: checking for updates event="update.check.start" subsystem="update" outcome="started"
2026-08-25T01:29:45.145718Z  INFO herdr::logging: checking for updates event="update.check.start" subsystem="update" outcome="started"
2026-08-25T01:59:45.157020Z  INFO herdr::logging: checking for updates event="update.check.start" subsystem="update" outcome="started"
2026-08-25T02:05:30.060993Z  INFO herdr::server::headless: client detached client_id=2
2026-08-25T02:05:30.070874Z  INFO herdr::server::headless: client disconnected client_id=2
2026-08-25T02:05:37.257931Z  INFO herdr::server::headless: server shutdown initiated
2026-08-25T02:05:37.274434Z  INFO herdr::logging: pane child exited event="pane.exit" subsystem="pane" outcome="completed" pane_id=5 status="ExitStatus { code: 1, signal: Some(\"Terminated: 15\") }"
2026-08-25T02:05:37.275734Z  INFO herdr::logging: pane child exited event="pane.exit" subsystem="pane" outcome="completed" pane_id=2 status="ExitStatus { code: 1, signal: Some(\"Terminated: 15\") }"
2026-08-25T02:05:37.274873Z  INFO herdr::logging: pane child exited event="pane.exit" subsystem="pane" outcome="completed" pane_id=7 status="ExitStatus { code: 1, signal: Some(\"Terminated: 15\") }"
2026-08-25T02:05:37.276013Z  INFO herdr::logging: pane child exited event="pane.exit" subsystem="pane" outcome="completed" pane_id=9 status="ExitStatus { code: 1, signal: Some(\"Terminated: 15\") }"
2026-08-25T02:05:37.274886Z  INFO herdr::logging: pane child exited event="pane.exit" subsystem="pane" outcome="completed" pane_id=1 status="ExitStatus { code: 1, signal: Some(\"Terminated: 15\") }"
2026-08-25T02:05:37.275385Z  INFO herdr::logging: pane child exited event="pane.exit" subsystem="pane" outcome="completed" pane_id=3 status="ExitStatus { code: 1, signal: Some(\"Terminated: 15\") }"
2026-08-25T02:05:37.274897Z  INFO herdr::logging: pane child exited event="pane.exit" subsystem="pane" outcome="completed" pane_id=12 status="ExitStatus { code: 1, signal: Some(\"Terminated: 15\") }"
2026-08-25T02:05:37.276915Z  INFO herdr::logging: pane child exited event="pane.exit" subsystem="pane" outcome="completed" pane_id=10 status="ExitStatus { code: 1, signal: Some(\"Terminated: 15\") }"
2026-08-25T02:05:37.277726Z  INFO herdr::logging: pane child exited event="pane.exit" subsystem="pane" outcome="completed" pane_id=8 status="ExitStatus { code: 1, signal: Some(\"Terminated: 15\") }"
2026-08-25T02:05:37.280675Z  INFO herdr::logging: pane child exited event="pane.exit" subsystem="pane" outcome="completed" pane_id=11 status="ExitStatus { code: 1, signal: Some(\"Terminated: 15\") }"
2026-08-25T02:05:37.282672Z  INFO herdr::logging: pane child exited event="pane.exit" subsystem="pane" outcome="completed" pane_id=6 status="ExitStatus { code: 1, signal: Some(\"Terminated: 15\") }"
2026-08-25T02:05:37.315464Z  INFO herdr::server::headless: completing server shutdown
2026-08-25T02:05:37.318055Z  INFO herdr::logging: session saved event="persist.save" subsystem="persist" outcome="ok" path=/Users/jason/.config/herdr/session.json workspaces=7
2026-08-25T02:05:37.318074Z  INFO herdr::server::headless: headless server exiting
2026-08-25T02:05:37.318679Z  INFO herdr::pane: pane session terminated pane=9 pid=60512 signal=Hangup
2026-08-25T02:05:37.319265Z  INFO herdr::pane: pane session terminated pane=12 pid=60515 signal=Hangup
2026-08-25T02:05:37.319813Z  INFO herdr::pane: pane session terminated pane=11 pid=60514 signal=Hangup
2026-08-25T02:05:37.319956Z  INFO herdr::pane: pane session terminated pane=1 pid=60504 signal=Hangup
2026-08-25T02:05:37.320034Z  INFO herdr::pane: pane session terminated pane=3 pid=60506 signal=Hangup
2026-08-25T02:05:37.320047Z  INFO herdr::pane: pane session terminated pane=7 pid=60510 signal=Hangup
2026-08-25T02:05:37.320230Z  INFO herdr::pane: pane session terminated pane=2 pid=60505 signal=Hangup
2026-08-25T02:05:37.320861Z  INFO herdr::pane: pane session terminated pane=10 pid=60513 signal=Hangup
2026-08-25T02:05:37.321084Z  INFO herdr::pane: pane session terminated pane=6 pid=60509 signal=Hangup
2026-08-25T02:05:37.322085Z  INFO herdr::pane: pane session terminated pane=5 pid=60508 signal=Hangup
2026-08-25T02:05:37.322128Z  INFO herdr::pane: pane session terminated pane=8 pid=60511 signal=Hangup
2026-08-25T02:05:37.324068Z  INFO herdr::logging: herdr exiting event="app.shutdown" subsystem="server" outcome="completed" pid=60503
2026-08-25T03:12:10.196697Z  INFO herdr::platform::macos: raised server file descriptor soft limit previous=256 target=8192
2026-08-25T03:12:10.198169Z  INFO herdr::api::server: api server listening path=/Users/jason/.config/herdr/herdr.sock
2026-08-25T03:12:10.202634Z  INFO herdr::logging: spawning pane terminal event="pane.spawn.start" subsystem="pane" outcome="started" pane_id=1 rows=24 cols=80 scrollback_limit_bytes=10000000
2026-08-25T03:12:10.208758Z  INFO herdr::logging: pane child spawned event="pane.spawned" subsystem="pane" outcome="ok" pane_id=1 pid=11417
2026-08-25T03:12:10.209869Z  INFO herdr::logging: spawning pane terminal event="pane.spawn.start" subsystem="pane" outcome="started" pane_id=2 rows=24 cols=80 scrollback_limit_bytes=10000000
2026-08-25T03:12:10.212619Z  INFO herdr::logging: pane child spawned event="pane.spawned" subsystem="pane" outcome="ok" pane_id=2 pid=11418
2026-08-25T03:12:10.212964Z  INFO herdr::logging: spawning pane terminal event="pane.spawn.start" subsystem="pane" outcome="started" pane_id=3 rows=24 cols=80 scrollback_limit_bytes=10000000
2026-08-25T03:12:10.215905Z  INFO herdr::logging: pane child spawned event="pane.spawned" subsystem="pane" outcome="ok" pane_id=3 pid=11419
2026-08-25T03:12:10.216914Z  INFO herdr::logging: spawning pane terminal event="pane.spawn.start" subsystem="pane" outcome="started" pane_id=4 rows=24 cols=80 scrollback_limit_bytes=10000000
2026-08-25T03:12:10.220156Z  INFO herdr::logging: pane child spawned event="pane.spawned" subsystem="pane" outcome="ok" pane_id=4 pid=11420
2026-08-25T03:12:10.221632Z  INFO herdr::logging: spawning pane terminal event="pane.spawn.start" subsystem="pane" outcome="started" pane_id=6 rows=24 cols=80 scrollback_limit_bytes=10000000
2026-08-25T03:12:10.225418Z  INFO herdr::logging: pane child spawned event="pane.spawned" subsystem="pane" outcome="ok" pane_id=6 pid=11421
2026-08-25T03:12:10.226487Z  INFO herdr::logging: spawning pane terminal event="pane.spawn.start" subsystem="pane" outcome="started" pane_id=7 rows=24 cols=80 scrollback_limit_bytes=10000000
2026-08-25T03:12:10.230718Z  INFO herdr::logging: pane child spawned event="pane.spawned" subsystem="pane" outcome="ok" pane_id=7 pid=11422
2026-08-25T03:12:10.232086Z  INFO herdr::logging: spawning pane terminal event="pane.spawn.start" subsystem="pane" outcome="started" pane_id=8 rows=24 cols=80 scrollback_limit_bytes=10000000
2026-08-25T03:12:10.235954Z  INFO herdr::logging: pane child spawned event="pane.spawned" subsystem="pane" outcome="ok" pane_id=8 pid=11423
2026-08-25T03:12:10.236821Z  INFO herdr::logging: spawning pane terminal event="pane.spawn.start" subsystem="pane" outcome="started" pane_id=9 rows=24 cols=80 scrollback_limit_bytes=10000000
2026-08-25T03:12:10.243625Z  INFO herdr::logging: pane child spawned event="pane.spawned" subsystem="pane" outcome="ok" pane_id=9 pid=11424
2026-08-25T03:12:10.244978Z  INFO herdr::logging: spawning pane terminal event="pane.spawn.start" subsystem="pane" outcome="started" pane_id=10 rows=24 cols=80 scrollback_limit_bytes=10000000
2026-08-25T03:12:10.249458Z  INFO herdr::logging: pane child spawned event="pane.spawned" subsystem="pane" outcome="ok" pane_id=10 pid=11425
2026-08-25T03:12:10.250006Z  INFO herdr::logging: spawning pane terminal event="pane.spawn.start" subsystem="pane" outcome="started" pane_id=11 rows=24 cols=80 scrollback_limit_bytes=10000000
2026-08-25T03:12:10.254485Z  INFO herdr::logging: pane child spawned event="pane.spawned" subsystem="pane" outcome="ok" pane_id=11 pid=11426
2026-08-25T03:12:10.255568Z  INFO herdr::logging: session restore evaluated event="persist.restore" subsystem="persist" outcome="ok" workspaces=7
2026-08-25T03:12:10.255611Z  INFO herdr::app: using pane scrollback configuration pane_scrollback_limit_bytes=10000000
2026-08-25T03:12:10.304339Z  INFO herdr::logging: checking for updates event="update.check.start" subsystem="update" outcome="started"
2026-08-25T03:12:10.314229Z  INFO herdr::server::headless: restored session already has workspaces; ignoring startup cwd cwd=/Users/jason
2026-08-25T03:12:10.314596Z  INFO herdr::server::headless: client protocol socket listening path=/Users/jason/.config/herdr/herdr-client.sock
2026-08-25T03:12:10.314636Z  INFO herdr::server::headless: herdr server started api_socket=/Users/jason/.config/herdr/herdr.sock client_socket=/Users/jason/.config/herdr/herdr-client.sock
2026-08-25T03:12:10.315457Z  INFO herdr::logging: herdr starting event="app.startup" subsystem="server" outcome="started" pid=11416
2026-08-25T03:12:10.356414Z  INFO herdr::server::headless: client connected client_id=2 cols=134 rows=40 cell_width_px=0 cell_height_px=0 render_encoding=SemanticFrame
2026-08-25T03:12:10.360140Z  INFO herdr::logging: spawning pane terminal event="pane.spawn.start" subsystem="pane" outcome="started" pane_id=5 rows=39 cols=97 scrollback_limit_bytes=10000000
2026-08-25T03:12:10.366204Z  INFO herdr::logging: pane child spawned event="pane.spawned" subsystem="pane" outcome="ok" pane_id=5 pid=11545
2026-08-25T03:12:10.920734Z  INFO herdr::pane: agent changed pane=5 previous_agent=None agent=Some(OpenCode) process=opencode pgid=Some(11729)
2026-08-25T03:12:12.376847Z  INFO herdr::logging: workspace focused event="workspace.focus" subsystem="workspace" outcome="ok" workspace_id="w8"
2026-08-25T03:12:12.376906Z  INFO herdr::logging: tab focused event="tab.focus" subsystem="tab" outcome="ok" workspace_id="w8" tab_id="w8:t1"
2026-08-25T03:12:17.381505Z  INFO herdr::logging: session saved event="persist.save" subsystem="persist" outcome="ok" path=/Users/jason/.config/herdr/session.json workspaces=7
2026-08-25T03:20:38.916180Z  INFO herdr::logging: tab focused event="tab.focus" subsystem="tab" outcome="ok" workspace_id="w8" tab_id="w8:t2"
2026-08-25T03:20:43.921650Z  INFO herdr::logging: session saved event="persist.save" subsystem="persist" outcome="ok" path=/Users/jason/.config/herdr/session.json workspaces=7
2026-08-25T03:20:49.417943Z  INFO herdr::pane: agent changed pane=5 previous_agent=Some(OpenCode) agent=None pgid=Some(11545)
2026-08-25T03:20:54.119856Z  INFO herdr::logging: session saved event="persist.save" subsystem="persist" outcome="ok" path=/Users/jason/.config/herdr/session.json workspaces=7
2026-08-25T03:42:10.311900Z  INFO herdr::logging: checking for updates event="update.check.start" subsystem="update" outcome="started"
2026-08-25T03:57:07.292038Z  INFO herdr::logging: workspace focused event="workspace.focus" subsystem="workspace" outcome="ok" workspace_id="wF"
2026-08-25T03:57:07.292210Z  INFO herdr::logging: tab focused event="tab.focus" subsystem="tab" outcome="ok" workspace_id="wF" tab_id="wF:t1"
2026-08-25T03:57:12.299311Z  INFO herdr::logging: session saved event="persist.save" subsystem="persist" outcome="ok" path=/Users/jason/.config/herdr/session.json workspaces=7
2026-08-25T04:12:10.320426Z  INFO herdr::logging: checking for updates event="update.check.start" subsystem="update" outcome="started"
2026-08-25T04:42:10.328741Z  INFO herdr::logging: checking for updates event="update.check.start" subsystem="update" outcome="started"
2026-08-25T05:12:10.334297Z  INFO herdr::logging: checking for updates event="update.check.start" subsystem="update" outcome="started"
2026-08-25T05:42:10.343132Z  INFO herdr::logging: checking for updates event="update.check.start" subsystem="update" outcome="started"
2026-08-25T06:12:10.350039Z  INFO herdr::logging: checking for updates event="update.check.start" subsystem="update" outcome="started"
2026-08-25T06:27:28.843932Z  INFO herdr::logging: workspace focused event="workspace.focus" subsystem="workspace" outcome="ok" workspace_id="wD"
2026-08-25T06:27:28.844546Z  INFO herdr::logging: tab focused event="tab.focus" subsystem="tab" outcome="ok" workspace_id="wD" tab_id="wD:t2"
2026-08-25T06:27:31.708469Z  INFO herdr::logging: tab focused event="tab.focus" subsystem="tab" outcome="ok" workspace_id="wD" tab_id="wD:t1"
2026-08-25T06:27:36.715626Z  INFO herdr::logging: session saved event="persist.save" subsystem="persist" outcome="ok" path=/Users/jason/.config/herdr/session.json workspaces=7
2026-08-25T06:42:10.354263Z  INFO herdr::logging: checking for updates event="update.check.start" subsystem="update" outcome="started"
2026-08-25T07:12:10.362507Z  INFO herdr::logging: checking for updates event="update.check.start" subsystem="update" outcome="started"
2026-08-25T07:42:10.368917Z  INFO herdr::logging: checking for updates event="update.check.start" subsystem="update" outcome="started"
2026-08-25T08:12:10.374704Z  INFO herdr::logging: checking for updates event="update.check.start" subsystem="update" outcome="started"
2026-08-25T08:42:10.377121Z  INFO herdr::logging: checking for updates event="update.check.start" subsystem="update" outcome="started"
2026-08-25T09:12:10.380943Z  INFO herdr::logging: checking for updates event="update.check.start" subsystem="update" outcome="started"
2026-08-25T09:42:10.385060Z  INFO herdr::logging: checking for updates event="update.check.start" subsystem="update" outcome="started"
2026-08-25T10:12:10.388868Z  INFO herdr::logging: checking for updates event="update.check.start" subsystem="update" outcome="started"
2026-08-25T10:42:10.398761Z  INFO herdr::logging: checking for updates event="update.check.start" subsystem="update" outcome="started"
2026-08-25T11:12:10.404747Z  INFO herdr::logging: checking for updates event="update.check.start" subsystem="update" outcome="started"
2026-08-25T11:42:10.410604Z  INFO herdr::logging: checking for updates event="update.check.start" subsystem="update" outcome="started"
2026-08-25T12:12:10.418093Z  INFO herdr::logging: checking for updates event="update.check.start" subsystem="update" outcome="started"
2026-08-25T12:42:10.421798Z  INFO herdr::logging: checking for updates event="update.check.start" subsystem="update" outcome="started"
2026-08-25T13:12:10.424321Z  INFO herdr::logging: checking for updates event="update.check.start" subsystem="update" outcome="started"
2026-08-25T13:42:10.430688Z  INFO herdr::logging: checking for updates event="update.check.start" subsystem="update" outcome="started"
2026-08-25T14:12:10.433482Z  INFO herdr::logging: checking for updates event="update.check.start" subsystem="update" outcome="started"
2026-08-25T14:42:10.438188Z  INFO herdr::logging: checking for updates event="update.check.start" subsystem="update" outcome="started"
2026-08-25T15:12:10.442823Z  INFO herdr::logging: checking for updates event="update.check.start" subsystem="update" outcome="started"
2026-08-25T15:42:10.446353Z  INFO herdr::logging: checking for updates event="update.check.start" subsystem="update" outcome="started"
2026-08-25T16:12:10.450439Z  INFO herdr::logging: checking for updates event="update.check.start" subsystem="update" outcome="started"
2026-08-25T16:42:10.453215Z  INFO herdr::logging: checking for updates event="update.check.start" subsystem="update" outcome="started"
2026-08-25T17:12:10.452575Z  INFO herdr::logging: checking for updates event="update.check.start" subsystem="update" outcome="started"
2026-08-25T17:42:10.452819Z  INFO herdr::logging: checking for updates event="update.check.start" subsystem="update" outcome="started"
2026-08-25T18:12:10.455783Z  INFO herdr::logging: checking for updates event="update.check.start" subsystem="update" outcome="started"
2026-08-25T18:42:10.458426Z  INFO herdr::logging: checking for updates event="update.check.start" subsystem="update" outcome="started"
2026-08-25T19:12:10.458770Z  INFO herdr::logging: checking for updates event="update.check.start" subsystem="update" outcome="started"
2026-08-25T19:42:10.461043Z  INFO herdr::logging: checking for updates event="update.check.start" subsystem="update" outcome="started"
2026-08-25T20:12:10.461922Z  INFO herdr::logging: checking for updates event="update.check.start" subsystem="update" outcome="started"
2026-08-25T20:42:10.463580Z  INFO herdr::logging: checking for updates event="update.check.start" subsystem="update" outcome="started"
2026-08-25T21:12:10.463799Z  INFO herdr::logging: checking for updates event="update.check.start" subsystem="update" outcome="started"
2026-08-25T21:42:10.465107Z  INFO herdr::logging: checking for updates event="update.check.start" subsystem="update" outcome="started"
2026-08-25T22:12:10.466163Z  INFO herdr::logging: checking for updates event="update.check.start" subsystem="update" outcome="started"
2026-08-25T22:42:10.467087Z  INFO herdr::logging: checking for updates event="update.check.start" subsystem="update" outcome="started"
2026-08-25T22:58:25.897111Z  INFO herdr::logging: workspace focused event="workspace.focus" subsystem="workspace" outcome="ok" workspace_id="w8"
2026-08-25T22:58:25.897549Z  INFO herdr::logging: tab focused event="tab.focus" subsystem="tab" outcome="ok" workspace_id="w8" tab_id="w8:t2"
2026-08-25T22:58:30.909492Z  INFO herdr::logging: session saved event="persist.save" subsystem="persist" outcome="ok" path=/Users/jason/.config/herdr/session.json workspaces=7
2026-08-25T23:06:21.884976Z  INFO herdr::logging: tab focused event="tab.focus" subsystem="tab" outcome="ok" workspace_id="w8" tab_id="w8:t1"
2026-08-25T23:06:23.203429Z  INFO herdr::logging: tab focused event="tab.focus" subsystem="tab" outcome="ok" workspace_id="w8" tab_id="w8:t2"
2026-08-25T23:06:28.210883Z  INFO herdr::logging: session saved event="persist.save" subsystem="persist" outcome="ok" path=/Users/jason/.config/herdr/session.json workspaces=7
2026-08-25T23:12:10.469293Z  INFO herdr::logging: checking for updates event="update.check.start" subsystem="update" outcome="started"
2026-08-25T23:18:58.377217Z  INFO herdr::app::actions: copied selection to clipboard
2026-08-25T23:36:55.236117Z  INFO herdr::app::actions: copied selection to clipboard
2026-08-25T23:38:06.582760Z  INFO herdr::app::actions: copied selection to clipboard
2026-08-25T23:42:10.476173Z  INFO herdr::logging: checking for updates event="update.check.start" subsystem="update" outcome="started"
2026-08-26T00:12:10.480402Z  INFO herdr::logging: checking for updates event="update.check.start" subsystem="update" outcome="started"
2026-08-26T02:01:20.074656Z  INFO herdr::logging: checking for updates event="update.check.start" subsystem="update" outcome="started"
2026-08-26T02:31:20.076689Z  INFO herdr::logging: checking for updates event="update.check.start" subsystem="update" outcome="started"
2026-08-26T03:01:20.080193Z  INFO herdr::logging: checking for updates event="update.check.start" subsystem="update" outcome="started"
2026-08-26T03:31:20.086066Z  INFO herdr::logging: checking for updates event="update.check.start" subsystem="update" outcome="started"
2026-08-26T04:01:20.093709Z  INFO herdr::logging: checking for updates event="update.check.start" subsystem="update" outcome="started"
2026-08-26T04:31:20.101552Z  INFO herdr::logging: checking for updates event="update.check.start" subsystem="update" outcome="started"
2026-08-26T05:01:20.108543Z  INFO herdr::logging: checking for updates event="update.check.start" subsystem="update" outcome="started"
2026-08-26T05:31:20.111380Z  INFO herdr::logging: checking for updates event="update.check.start" subsystem="update" outcome="started"
2026-08-26T06:01:20.115645Z  INFO herdr::logging: checking for updates event="update.check.start" subsystem="update" outcome="started"
2026-08-26T06:31:20.123538Z  INFO herdr::logging: checking for updates event="update.check.start" subsystem="update" outcome="started"
2026-08-26T07:01:20.128904Z  INFO herdr::logging: checking for updates event="update.check.start" subsystem="update" outcome="started"
2026-08-26T10:04:59.781559Z  INFO herdr::logging: checking for updates event="update.check.start" subsystem="update" outcome="started"
2026-08-26T10:34:59.785309Z  INFO herdr::logging: checking for updates event="update.check.start" subsystem="update" outcome="started"
2026-08-26T11:04:59.795544Z  INFO herdr::logging: checking for updates event="update.check.start" subsystem="update" outcome="started"
2026-08-26T17:13:51.114575Z  INFO herdr::logging: checking for updates event="update.check.start" subsystem="update" outcome="started"
2026-08-26T23:30:13.127150Z  INFO herdr::logging: checking for updates event="update.check.start" subsystem="update" outcome="started"
2026-08-27T00:15:57.263443Z  INFO herdr::logging: checking for updates event="update.check.start" subsystem="update" outcome="started"
2026-08-27T00:45:57.267964Z  INFO herdr::logging: checking for updates event="update.check.start" subsystem="update" outcome="started"
2026-08-27T01:15:57.272912Z  INFO herdr::logging: checking for updates event="update.check.start" subsystem="update" outcome="started"
2026-08-27T01:45:57.279523Z  INFO herdr::logging: checking for updates event="update.check.start" subsystem="update" outcome="started"
2026-08-27T02:08:56.003237Z  INFO herdr::server::headless: client resize client_id=2 cols=230 rows=61 cell_width_px=0 cell_height_px=0
2026-08-27T02:13:22.106052Z  INFO herdr::logging: tab focused event="tab.focus" subsystem="tab" outcome="ok" workspace_id="w8" tab_id="w8:t1"
2026-08-27T02:13:27.115199Z  INFO herdr::logging: session saved event="persist.save" subsystem="persist" outcome="ok" path=/Users/jason/.config/herdr/session.json workspaces=7
2026-08-27T02:13:47.389659Z  INFO herdr::logging: tab focused event="tab.focus" subsystem="tab" outcome="ok" workspace_id="w8" tab_id="w8:t2"
2026-08-27T02:13:51.949585Z  INFO herdr::logging: tab focused event="tab.focus" subsystem="tab" outcome="ok" workspace_id="w8" tab_id="w8:t1"
2026-08-27T02:13:56.955112Z  INFO herdr::logging: session saved event="persist.save" subsystem="persist" outcome="ok" path=/Users/jason/.config/herdr/session.json workspaces=7
2026-08-27T02:14:51.911537Z  INFO herdr::logging: tab focused event="tab.focus" subsystem="tab" outcome="ok" workspace_id="w8" tab_id="w8:t2"
2026-08-27T02:14:56.917762Z  INFO herdr::logging: session saved event="persist.save" subsystem="persist" outcome="ok" path=/Users/jason/.config/herdr/session.json workspaces=7
2026-08-27T02:15:05.568057Z  INFO herdr::logging: tab focused event="tab.focus" subsystem="tab" outcome="ok" workspace_id="w8" tab_id="w8:t1"
2026-08-27T02:15:10.575007Z  INFO herdr::logging: session saved event="persist.save" subsystem="persist" outcome="ok" path=/Users/jason/.config/herdr/session.json workspaces=7
2026-08-27T02:15:57.290975Z  INFO herdr::logging: checking for updates event="update.check.start" subsystem="update" outcome="started"
2026-08-27T02:31:29.323399Z  INFO herdr::logging: api request received event="api.request.start" subsystem="api" outcome="started" request_id="nvim.nav" method="pane.focus_direction" changes_ui=true
2026-08-27T02:31:29.323913Z  INFO herdr::logging: api request completed event="api.request.complete" subsystem="api" outcome="ok" request_id="nvim.nav" method="pane.focus_direction"
2026-08-27T02:31:34.216431Z  INFO herdr::logging: api request received event="api.request.start" subsystem="api" outcome="started" request_id="nvim.nav" method="pane.focus_direction" changes_ui=true
2026-08-27T02:31:34.216707Z  INFO herdr::logging: api request completed event="api.request.complete" subsystem="api" outcome="ok" request_id="nvim.nav" method="pane.focus_direction"
2026-08-27T02:45:57.299551Z  INFO herdr::logging: checking for updates event="update.check.start" subsystem="update" outcome="started"
2026-08-27T03:01:13.383783Z  INFO herdr::logging: workspace focused event="workspace.focus" subsystem="workspace" outcome="ok" workspace_id="wD"
2026-08-27T03:01:13.384446Z  INFO herdr::logging: tab focused event="tab.focus" subsystem="tab" outcome="ok" workspace_id="wD" tab_id="wD:t1"
2026-08-27T03:01:18.391160Z  INFO herdr::logging: session saved event="persist.save" subsystem="persist" outcome="ok" path=/Users/jason/.config/herdr/session.json workspaces=7
2026-08-27T03:15:57.316080Z  INFO herdr::logging: checking for updates event="update.check.start" subsystem="update" outcome="started"
2026-08-27T03:45:57.323302Z  INFO herdr::logging: checking for updates event="update.check.start" subsystem="update" outcome="started"
2026-08-27T04:15:57.334859Z  INFO herdr::logging: checking for updates event="update.check.start" subsystem="update" outcome="started"
2026-08-27T04:45:57.358534Z  INFO herdr::logging: checking for updates event="update.check.start" subsystem="update" outcome="started"
2026-08-27T05:15:57.369950Z  INFO herdr::logging: checking for updates event="update.check.start" subsystem="update" outcome="started"
2026-08-27T05:45:57.376810Z  INFO herdr::logging: checking for updates event="update.check.start" subsystem="update" outcome="started"
2026-08-27T05:59:29.075242Z  INFO herdr::logging: workspace focused event="workspace.focus" subsystem="workspace" outcome="ok" workspace_id="w8"
2026-08-27T05:59:29.075881Z  INFO herdr::logging: tab focused event="tab.focus" subsystem="tab" outcome="ok" workspace_id="w8" tab_id="w8:t1"
2026-08-27T05:59:34.090748Z  INFO herdr::logging: session saved event="persist.save" subsystem="persist" outcome="ok" path=/Users/jason/.config/herdr/session.json workspaces=7
2026-08-27T06:15:57.384197Z  INFO herdr::logging: checking for updates event="update.check.start" subsystem="update" outcome="started"
2026-08-27T06:45:57.397638Z  INFO herdr::logging: checking for updates event="update.check.start" subsystem="update" outcome="started"
2026-08-27T06:53:33.859864Z  INFO herdr::server::headless: client resize client_id=2 cols=134 rows=40 cell_width_px=0 cell_height_px=0
2026-08-27T07:37:30.244005Z  INFO herdr::logging: checking for updates event="update.check.start" subsystem="update" outcome="started"
2026-08-27T08:05:04.548198Z  INFO herdr::logging: workspace focused event="workspace.focus" subsystem="workspace" outcome="ok" workspace_id="wD"
2026-08-27T08:05:04.548476Z  INFO herdr::logging: tab focused event="tab.focus" subsystem="tab" outcome="ok" workspace_id="wD" tab_id="wD:t1"
2026-08-27T08:05:09.077955Z  INFO herdr::logging: tab focused event="tab.focus" subsystem="tab" outcome="ok" workspace_id="wD" tab_id="wD:t2"
2026-08-27T08:05:14.084451Z  INFO herdr::logging: session saved event="persist.save" subsystem="persist" outcome="ok" path=/Users/jason/.config/herdr/session.json workspaces=7
2026-08-27T08:05:20.504305Z  INFO herdr::pane: agent changed pane=11 previous_agent=None agent=Some(OpenCode) process=opencode pgid=Some(89517)
2026-08-27T08:05:30.031988Z  INFO herdr::app::actions: copied selection to clipboard
2026-08-27T08:05:32.285407Z  INFO herdr::pane: agent changed pane=11 previous_agent=Some(OpenCode) agent=None pgid=Some(11426)
2026-08-27T08:05:38.317461Z  INFO herdr::pane: agent changed pane=11 previous_agent=None agent=Some(OpenCode) process=opencode pgid=Some(89768)
2026-08-27T08:05:54.921942Z  INFO herdr::logging: tab focused event="tab.focus" subsystem="tab" outcome="ok" workspace_id="wD" tab_id="wD:t1"
2026-08-27T08:05:59.926395Z  INFO herdr::logging: session saved event="persist.save" subsystem="persist" outcome="ok" path=/Users/jason/.config/herdr/session.json workspaces=7
2026-08-27T08:15:48.732217Z  INFO herdr::logging: checking for updates event="update.check.start" subsystem="update" outcome="started"
2026-08-27T08:45:48.733695Z  INFO herdr::logging: checking for updates event="update.check.start" subsystem="update" outcome="started"
2026-08-27T09:15:48.742627Z  INFO herdr::logging: checking for updates event="update.check.start" subsystem="update" outcome="started"
2026-08-27T09:45:48.751412Z  INFO herdr::logging: checking for updates event="update.check.start" subsystem="update" outcome="started"
2026-08-27T10:15:48.760252Z  INFO herdr::logging: checking for updates event="update.check.start" subsystem="update" outcome="started"
2026-08-27T15:41:12.664260Z  INFO herdr::logging: checking for updates event="update.check.start" subsystem="update" outcome="started"
2026-08-27T16:11:12.669002Z  INFO herdr::logging: checking for updates event="update.check.start" subsystem="update" outcome="started"
2026-08-27T16:41:12.680291Z  INFO herdr::logging: checking for updates event="update.check.start" subsystem="update" outcome="started"
2026-08-27T17:11:12.695914Z  INFO herdr::logging: checking for updates event="update.check.start" subsystem="update" outcome="started"
2026-08-27T17:41:12.711365Z  INFO herdr::logging: checking for updates event="update.check.start" subsystem="update" outcome="started"
2026-08-27T18:11:12.724374Z  INFO herdr::logging: checking for updates event="update.check.start" subsystem="update" outcome="started"
2026-08-27T18:41:12.738166Z  INFO herdr::logging: checking for updates event="update.check.start" subsystem="update" outcome="started"
2026-08-27T19:11:12.750355Z  INFO herdr::logging: checking for updates event="update.check.start" subsystem="update" outcome="started"
2026-08-27T19:41:12.761690Z  INFO herdr::logging: checking for updates event="update.check.start" subsystem="update" outcome="started"
2026-08-27T20:11:12.770573Z  INFO herdr::logging: checking for updates event="update.check.start" subsystem="update" outcome="started"
2026-08-27T20:41:12.780398Z  INFO herdr::logging: checking for updates event="update.check.start" subsystem="update" outcome="started"
2026-08-27T21:11:12.790964Z  INFO herdr::logging: checking for updates event="update.check.start" subsystem="update" outcome="started"
2026-08-27T21:41:12.803857Z  INFO herdr::logging: checking for updates event="update.check.start" subsystem="update" outcome="started"
2026-08-27T22:11:12.815402Z  INFO herdr::logging: checking for updates event="update.check.start" subsystem="update" outcome="started"
2026-08-27T22:41:12.827678Z  INFO herdr::logging: checking for updates event="update.check.start" subsystem="update" outcome="started"
2026-08-27T23:11:12.838331Z  INFO herdr::logging: checking for updates event="update.check.start" subsystem="update" outcome="started"
2026-08-27T23:41:12.846965Z  INFO herdr::logging: checking for updates event="update.check.start" subsystem="update" outcome="started"
2026-08-28T00:11:12.852957Z  INFO herdr::logging: checking for updates event="update.check.start" subsystem="update" outcome="started"
2026-08-28T00:41:12.863578Z  INFO herdr::logging: checking for updates event="update.check.start" subsystem="update" outcome="started"
2026-08-28T01:11:12.874602Z  INFO herdr::logging: checking for updates event="update.check.start" subsystem="update" outcome="started"
2026-08-28T01:41:12.884523Z  INFO herdr::logging: checking for updates event="update.check.start" subsystem="update" outcome="started"
2026-08-28T02:11:12.896937Z  INFO herdr::logging: checking for updates event="update.check.start" subsystem="update" outcome="started"
2026-08-28T02:41:12.906600Z  INFO herdr::logging: checking for updates event="update.check.start" subsystem="update" outcome="started"
2026-08-28T03:07:36.400821Z  INFO herdr::logging: workspace focused event="workspace.focus" subsystem="workspace" outcome="ok" workspace_id="wF"
2026-08-28T03:07:36.401303Z  INFO herdr::logging: tab focused event="tab.focus" subsystem="tab" outcome="ok" workspace_id="wF" tab_id="wF:t1"
2026-08-28T03:07:41.416053Z  INFO herdr::logging: session saved event="persist.save" subsystem="persist" outcome="ok" path=/Users/jason/.config/herdr/session.json workspaces=7
2026-08-28T03:11:12.914467Z  INFO herdr::logging: checking for updates event="update.check.start" subsystem="update" outcome="started"
2026-08-28T03:13:41.168017Z  INFO herdr::logging: spawning pane terminal event="pane.spawn.start" subsystem="pane" outcome="started" pane_id=12 rows=39 cols=130 scrollback_limit_bytes=10000000
2026-08-28T03:13:41.178552Z  INFO herdr::logging: pane child spawned event="pane.spawned" subsystem="pane" outcome="ok" pane_id=12 pid=71834
2026-08-28T03:13:41.179070Z  INFO herdr::logging: tab renamed event="tab.rename" subsystem="tab" outcome="ok" workspace_id="wF" tab_id="wF:t2"
2026-08-28T03:13:41.179088Z  INFO herdr::logging: tab focused event="tab.focus" subsystem="tab" outcome="ok" workspace_id="wF" tab_id="wF:t2"
2026-08-28T03:13:44.253383Z  INFO herdr::pane: agent changed pane=12 previous_agent=None agent=Some(OpenCode) process=opencode pgid=Some(71875)
2026-08-28T03:13:46.187525Z  INFO herdr::logging: session saved event="persist.save" subsystem="persist" outcome="ok" path=/Users/jason/.config/herdr/session.json workspaces=7
2026-08-28T03:13:57.699556Z  INFO herdr::logging: tab focused event="tab.focus" subsystem="tab" outcome="ok" workspace_id="wF" tab_id="wF:t1"
2026-08-28T03:14:02.702868Z  INFO herdr::logging: session saved event="persist.save" subsystem="persist" outcome="ok" path=/Users/jason/.config/herdr/session.json workspaces=7
2026-08-28T03:14:05.324554Z  INFO herdr::logging: tab focused event="tab.focus" subsystem="tab" outcome="ok" workspace_id="wF" tab_id="wF:t2"
2026-08-28T03:14:10.350358Z  INFO herdr::logging: session saved event="persist.save" subsystem="persist" outcome="ok" path=/Users/jason/.config/herdr/session.json workspaces=7
2026-08-28T03:14:59.832614Z  INFO herdr::logging: tab focused event="tab.focus" subsystem="tab" outcome="ok" workspace_id="wF" tab_id="wF:t1"
2026-08-28T03:15:00.644666Z  INFO herdr::logging: tab focused event="tab.focus" subsystem="tab" outcome="ok" workspace_id="wF" tab_id="wF:t2"
2026-08-28T03:15:05.654767Z  INFO herdr::logging: session saved event="persist.save" subsystem="persist" outcome="ok" path=/Users/jason/.config/herdr/session.json workspaces=7
2026-08-28T03:16:30.986101Z  INFO herdr::pane: agent changed pane=12 previous_agent=None agent=Some(OpenCode) process=opencode pgid=Some(71875)
2026-08-28T03:16:35.988220Z  INFO herdr::logging: session saved event="persist.save" subsystem="persist" outcome="ok" path=/Users/jason/.config/herdr/session.json workspaces=7
2026-08-28T03:19:56.210524Z  INFO herdr::logging: tab focused event="tab.focus" subsystem="tab" outcome="ok" workspace_id="wF" tab_id="wF:t1"
2026-08-28T03:20:01.219329Z  INFO herdr::logging: session saved event="persist.save" subsystem="persist" outcome="ok" path=/Users/jason/.config/herdr/session.json workspaces=7
2026-08-28T03:22:06.110148Z  INFO herdr::logging: tab focused event="tab.focus" subsystem="tab" outcome="ok" workspace_id="wF" tab_id="wF:t2"
2026-08-28T03:22:11.117641Z  INFO herdr::logging: session saved event="persist.save" subsystem="persist" outcome="ok" path=/Users/jason/.config/herdr/session.json workspaces=7
2026-08-28T03:22:31.620252Z  INFO herdr::logging: tab focused event="tab.focus" subsystem="tab" outcome="ok" workspace_id="wF" tab_id="wF:t1"
2026-08-28T03:22:36.245592Z  INFO herdr::logging: tab focused event="tab.focus" subsystem="tab" outcome="ok" workspace_id="wF" tab_id="wF:t2"
2026-08-28T03:22:41.253717Z  INFO herdr::logging: session saved event="persist.save" subsystem="persist" outcome="ok" path=/Users/jason/.config/herdr/session.json workspaces=7
2026-08-28T03:22:50.180662Z  INFO herdr::logging: tab focused event="tab.focus" subsystem="tab" outcome="ok" workspace_id="wF" tab_id="wF:t1"
2026-08-28T03:22:52.189395Z  INFO herdr::logging: tab focused event="tab.focus" subsystem="tab" outcome="ok" workspace_id="wF" tab_id="wF:t2"
2026-08-28T03:22:57.192826Z  INFO herdr::logging: session saved event="persist.save" subsystem="persist" outcome="ok" path=/Users/jason/.config/herdr/session.json workspaces=7
2026-08-28T03:24:46.777951Z  INFO herdr::logging: tab focused event="tab.focus" subsystem="tab" outcome="ok" workspace_id="wF" tab_id="wF:t1"
2026-08-28T03:24:50.180080Z  INFO herdr::logging: tab focused event="tab.focus" subsystem="tab" outcome="ok" workspace_id="wF" tab_id="wF:t2"
2026-08-28T03:24:55.186531Z  INFO herdr::logging: session saved event="persist.save" subsystem="persist" outcome="ok" path=/Users/jason/.config/herdr/session.json workspaces=7
2026-08-28T03:27:45.605670Z  INFO herdr::logging: tab focused event="tab.focus" subsystem="tab" outcome="ok" workspace_id="wF" tab_id="wF:t1"
2026-08-28T03:27:47.274069Z  INFO herdr::logging: tab focused event="tab.focus" subsystem="tab" outcome="ok" workspace_id="wF" tab_id="wF:t2"
2026-08-28T03:27:50.340538Z  INFO herdr::logging: tab focused event="tab.focus" subsystem="tab" outcome="ok" workspace_id="wF" tab_id="wF:t1"
2026-08-28T03:27:52.763909Z  INFO herdr::logging: tab focused event="tab.focus" subsystem="tab" outcome="ok" workspace_id="wF" tab_id="wF:t2"
2026-08-28T03:27:57.775498Z  INFO herdr::logging: session saved event="persist.save" subsystem="persist" outcome="ok" path=/Users/jason/.config/herdr/session.json workspaces=7
2026-08-28T03:28:33.323123Z  INFO herdr::logging: tab focused event="tab.focus" subsystem="tab" outcome="ok" workspace_id="wF" tab_id="wF:t1"
2026-08-28T03:28:38.335754Z  INFO herdr::logging: session saved event="persist.save" subsystem="persist" outcome="ok" path=/Users/jason/.config/herdr/session.json workspaces=7
2026-08-28T03:28:44.629139Z  INFO herdr::logging: tab focused event="tab.focus" subsystem="tab" outcome="ok" workspace_id="wF" tab_id="wF:t2"
2026-08-28T03:28:49.638776Z  INFO herdr::logging: session saved event="persist.save" subsystem="persist" outcome="ok" path=/Users/jason/.config/herdr/session.json workspaces=7
2026-08-28T03:29:00.709710Z  INFO herdr::logging: tab focused event="tab.focus" subsystem="tab" outcome="ok" workspace_id="wF" tab_id="wF:t1"
2026-08-28T03:29:02.626262Z  INFO herdr::logging: tab focused event="tab.focus" subsystem="tab" outcome="ok" workspace_id="wF" tab_id="wF:t2"
2026-08-28T03:29:07.636482Z  INFO herdr::logging: session saved event="persist.save" subsystem="persist" outcome="ok" path=/Users/jason/.config/herdr/session.json workspaces=7
2026-08-28T03:41:12.920466Z  INFO herdr::logging: checking for updates event="update.check.start" subsystem="update" outcome="started"
2026-08-28T03:48:56.816211Z  INFO herdr::pane: agent changed pane=12 previous_agent=Some(OpenCode) agent=None pgid=Some(71834)
2026-08-28T03:48:59.358648Z  INFO herdr::logging: tab focused event="tab.focus" subsystem="tab" outcome="ok" workspace_id="wF" tab_id="wF:t1"
2026-08-28T03:49:04.364233Z  INFO herdr::logging: session saved event="persist.save" subsystem="persist" outcome="ok" path=/Users/jason/.config/herdr/session.json workspaces=7
2026-08-28T04:11:12.930665Z  INFO herdr::logging: checking for updates event="update.check.start" subsystem="update" outcome="started"
2026-08-28T04:33:18.942945Z  INFO herdr::app::actions: copied selection to clipboard
2026-08-28T04:34:06.792861Z  INFO herdr::app::actions: copied selection to clipboard
2026-08-28T04:41:12.942148Z  INFO herdr::logging: checking for updates event="update.check.start" subsystem="update" outcome="started"
2026-08-28T05:11:12.948186Z  INFO herdr::logging: checking for updates event="update.check.start" subsystem="update" outcome="started"
2026-08-28T06:07:55.965860Z  INFO herdr::logging: checking for updates event="update.check.start" subsystem="update" outcome="started"
2026-08-28T06:37:55.971179Z  INFO herdr::logging: checking for updates event="update.check.start" subsystem="update" outcome="started"
2026-08-28T07:07:55.980214Z  INFO herdr::logging: checking for updates event="update.check.start" subsystem="update" outcome="started"
2026-08-28T07:37:55.993693Z  INFO herdr::logging: checking for updates event="update.check.start" subsystem="update" outcome="started"
2026-08-28T08:07:56.006612Z  INFO herdr::logging: checking for updates event="update.check.start" subsystem="update" outcome="started"
2026-08-28T08:09:24.461109Z  INFO herdr::logging: workspace focused event="workspace.focus" subsystem="workspace" outcome="ok" workspace_id="wD"
2026-08-28T08:09:24.461380Z  INFO herdr::logging: tab focused event="tab.focus" subsystem="tab" outcome="ok" workspace_id="wD" tab_id="wD:t1"
2026-08-28T08:09:29.468440Z  INFO herdr::logging: session saved event="persist.save" subsystem="persist" outcome="ok" path=/Users/jason/.config/herdr/session.json workspaces=7
2026-08-28T08:09:50.374056Z  INFO herdr::logging: tab focused event="tab.focus" subsystem="tab" outcome="ok" workspace_id="wD" tab_id="wD:t2"
2026-08-28T08:09:55.378168Z  INFO herdr::logging: session saved event="persist.save" subsystem="persist" outcome="ok" path=/Users/jason/.config/herdr/session.json workspaces=7
2026-08-28T08:23:22.588673Z  INFO herdr::pane: agent changed pane=11 previous_agent=Some(OpenCode) agent=None pgid=Some(11426)
2026-08-28T08:25:47.323111Z  INFO herdr::pane: agent changed pane=11 previous_agent=None agent=Some(OpenCode) process=opencode pgid=Some(82129)
2026-08-28T08:25:48.230656Z  INFO herdr::pane: agent changed pane=11 previous_agent=Some(OpenCode) agent=None pgid=Some(11426)
2026-08-28T08:26:18.115297Z  INFO herdr::app::actions: copied selection to clipboard
2026-08-28T08:26:24.923894Z  INFO herdr::logging: workspace focused event="workspace.focus" subsystem="workspace" outcome="ok" workspace_id="w7"
2026-08-28T08:26:24.923973Z  INFO herdr::logging: tab focused event="tab.focus" subsystem="tab" outcome="ok" workspace_id="w7" tab_id="w7:t1"
2026-08-28T08:26:29.931896Z  INFO herdr::logging: session saved event="persist.save" subsystem="persist" outcome="ok" path=/Users/jason/.config/herdr/session.json workspaces=7
2026-08-28T08:30:16.800066Z  INFO herdr::logging: workspace focused event="workspace.focus" subsystem="workspace" outcome="ok" workspace_id="wD"
2026-08-28T08:30:16.800166Z  INFO herdr::logging: tab focused event="tab.focus" subsystem="tab" outcome="ok" workspace_id="wD" tab_id="wD:t2"
2026-08-28T08:30:21.805930Z  INFO herdr::logging: session saved event="persist.save" subsystem="persist" outcome="ok" path=/Users/jason/.config/herdr/session.json workspaces=7
2026-08-28T08:30:22.025486Z  INFO herdr::pane: agent changed pane=11 previous_agent=None agent=Some(OpenCode) process=opencode pgid=Some(86334)
2026-08-28T08:30:27.841825Z  INFO herdr::app::actions: copied selection to clipboard
2026-08-28T08:30:30.476931Z  INFO herdr::pane: agent changed pane=11 previous_agent=Some(OpenCode) agent=None pgid=Some(11426)
2026-08-28T08:30:33.496876Z  INFO herdr::pane: agent changed pane=11 previous_agent=None agent=Some(OpenCode) process=opencode pgid=Some(86495)
2026-08-28T08:37:56.019306Z  INFO herdr::logging: checking for updates event="update.check.start" subsystem="update" outcome="started"
2026-08-28T09:07:41.216128Z  INFO herdr::logging: tab focused event="tab.focus" subsystem="tab" outcome="ok" workspace_id="wD" tab_id="wD:t1"
2026-08-28T09:07:46.223076Z  INFO herdr::logging: session saved event="persist.save" subsystem="persist" outcome="ok" path=/Users/jason/.config/herdr/session.json workspaces=7
2026-08-28T09:07:54.734710Z  INFO herdr::logging: tab focused event="tab.focus" subsystem="tab" outcome="ok" workspace_id="wD" tab_id="wD:t2"
2026-08-28T09:07:56.033096Z  INFO herdr::logging: checking for updates event="update.check.start" subsystem="update" outcome="started"
2026-08-28T09:07:59.739961Z  INFO herdr::logging: session saved event="persist.save" subsystem="persist" outcome="ok" path=/Users/jason/.config/herdr/session.json workspaces=7
2026-08-28T09:37:56.044781Z  INFO herdr::logging: checking for updates event="update.check.start" subsystem="update" outcome="started"
2026-08-28T10:07:56.060189Z  INFO herdr::logging: checking for updates event="update.check.start" subsystem="update" outcome="started"
2026-08-28T10:37:56.071818Z  INFO herdr::logging: checking for updates event="update.check.start" subsystem="update" outcome="started"
2026-08-28T11:07:56.083572Z  INFO herdr::logging: checking for updates event="update.check.start" subsystem="update" outcome="started"
2026-08-28T11:37:56.096384Z  INFO herdr::logging: checking for updates event="update.check.start" subsystem="update" outcome="started"
2026-08-28T11:48:20.161863Z  INFO herdr::logging: tab focused event="tab.focus" subsystem="tab" outcome="ok" workspace_id="wD" tab_id="wD:t1"
2026-08-28T11:48:25.174649Z  INFO herdr::logging: session saved event="persist.save" subsystem="persist" outcome="ok" path=/Users/jason/.config/herdr/session.json workspaces=7
2026-08-28T12:07:56.108102Z  INFO herdr::logging: checking for updates event="update.check.start" subsystem="update" outcome="started"
2026-08-28T12:37:56.122419Z  INFO herdr::logging: checking for updates event="update.check.start" subsystem="update" outcome="started"
2026-08-28T13:07:56.129168Z  INFO herdr::logging: checking for updates event="update.check.start" subsystem="update" outcome="started"
2026-08-28T13:37:56.138071Z  INFO herdr::logging: checking for updates event="update.check.start" subsystem="update" outcome="started"
2026-08-28T14:07:56.151983Z  INFO herdr::logging: checking for updates event="update.check.start" subsystem="update" outcome="started"
2026-08-28T14:37:56.167045Z  INFO herdr::logging: checking for updates event="update.check.start" subsystem="update" outcome="started"
2026-08-28T15:07:56.177521Z  INFO herdr::logging: checking for updates event="update.check.start" subsystem="update" outcome="started"
2026-08-28T15:37:56.191111Z  INFO herdr::logging: checking for updates event="update.check.start" subsystem="update" outcome="started"
2026-08-28T16:07:56.201999Z  INFO herdr::logging: checking for updates event="update.check.start" subsystem="update" outcome="started"
2026-08-28T16:37:56.214798Z  INFO herdr::logging: checking for updates event="update.check.start" subsystem="update" outcome="started"
2026-08-28T17:07:56.225575Z  INFO herdr::logging: checking for updates event="update.check.start" subsystem="update" outcome="started"
2026-08-28T17:37:56.237264Z  INFO herdr::logging: checking for updates event="update.check.start" subsystem="update" outcome="started"
2026-08-28T18:21:07.533371Z  INFO herdr::logging: checking for updates event="update.check.start" subsystem="update" outcome="started"
2026-08-28T18:51:07.543333Z  INFO herdr::logging: checking for updates event="update.check.start" subsystem="update" outcome="started"
2026-08-28T19:21:07.551609Z  INFO herdr::logging: checking for updates event="update.check.start" subsystem="update" outcome="started"
2026-08-28T19:51:07.560213Z  INFO herdr::logging: checking for updates event="update.check.start" subsystem="update" outcome="started"
2026-08-28T20:34:57.520480Z  INFO herdr::logging: checking for updates event="update.check.start" subsystem="update" outcome="started"
2026-08-28T21:04:57.527917Z  INFO herdr::logging: checking for updates event="update.check.start" subsystem="update" outcome="started"
2026-08-28T21:34:57.536635Z  INFO herdr::logging: checking for updates event="update.check.start" subsystem="update" outcome="started"
2026-08-28T22:04:57.545261Z  INFO herdr::logging: checking for updates event="update.check.start" subsystem="update" outcome="started"
2026-08-28T22:34:57.560408Z  INFO herdr::logging: checking for updates event="update.check.start" subsystem="update" outcome="started"
2026-08-28T23:04:57.572808Z  INFO herdr::logging: checking for updates event="update.check.start" subsystem="update" outcome="started"
2026-08-28T23:34:57.586613Z  INFO herdr::logging: checking for updates event="update.check.start" subsystem="update" outcome="started"
2026-08-29T00:04:57.597622Z  INFO herdr::logging: checking for updates event="update.check.start" subsystem="update" outcome="started"
2026-08-29T00:34:57.608312Z  INFO herdr::logging: checking for updates event="update.check.start" subsystem="update" outcome="started"
2026-08-29T01:22:50.165039Z  INFO herdr::logging: checking for updates event="update.check.start" subsystem="update" outcome="started"
2026-08-29T01:52:50.176101Z  INFO herdr::logging: checking for updates event="update.check.start" subsystem="update" outcome="started"
2026-08-29T11:04:37.184214Z  INFO herdr::logging: checking for updates event="update.check.start" subsystem="update" outcome="started"
2026-08-30T02:04:30.069426Z  INFO herdr::logging: checking for updates event="update.check.start" subsystem="update" outcome="started"
2026-08-30T02:04:33.111697Z  WARN herdr::logging: update check failed event="update.check.complete" subsystem="update" outcome="error" err="failed to fetch Homebrew formula JSON"
2026-08-30T02:04:33.114895Z  WARN herdr::detect::manifest_update: agent detection manifest update failed: failed to fetch https://herdr.dev/agent-detection/index.toml
2026-08-30T12:57:24.130815Z  INFO herdr::logging: checking for updates event="update.check.start" subsystem="update" outcome="started"
2026-08-30T13:20:21.140979Z  INFO herdr::logging: workspace focused event="workspace.focus" subsystem="workspace" outcome="ok" workspace_id="wF"
2026-08-30T13:20:21.141070Z  INFO herdr::logging: tab focused event="tab.focus" subsystem="tab" outcome="ok" workspace_id="wF" tab_id="wF:t1"
2026-08-30T13:20:26.149330Z  INFO herdr::logging: session saved event="persist.save" subsystem="persist" outcome="ok" path=/Users/jason/.config/herdr/session.json workspaces=7
2026-08-30T13:27:24.132762Z  INFO herdr::logging: checking for updates event="update.check.start" subsystem="update" outcome="started"
2026-08-30T13:57:24.141105Z  INFO herdr::logging: checking for updates event="update.check.start" subsystem="update" outcome="started"
2026-08-30T14:27:24.155002Z  INFO herdr::logging: checking for updates event="update.check.start" subsystem="update" outcome="started"
2026-08-30T14:57:24.165883Z  INFO herdr::logging: checking for updates event="update.check.start" subsystem="update" outcome="started"
2026-08-30T15:10:17.527656Z  INFO herdr::logging: tab focused event="tab.focus" subsystem="tab" outcome="ok" workspace_id="wF" tab_id="wF:t2"
2026-08-30T15:10:22.542439Z  INFO herdr::logging: session saved event="persist.save" subsystem="persist" outcome="ok" path=/Users/jason/.config/herdr/session.json workspaces=7
2026-08-30T15:10:35.978490Z  INFO herdr::logging: workspace focused event="workspace.focus" subsystem="workspace" outcome="ok" workspace_id="w7"
2026-08-30T15:10:35.978564Z  INFO herdr::logging: tab focused event="tab.focus" subsystem="tab" outcome="ok" workspace_id="w7" tab_id="w7:t1"
2026-08-30T15:10:40.983381Z  INFO herdr::logging: session saved event="persist.save" subsystem="persist" outcome="ok" path=/Users/jason/.config/herdr/session.json workspaces=7
2026-08-30T15:27:24.182123Z  INFO herdr::logging: checking for updates event="update.check.start" subsystem="update" outcome="started"
2026-08-30T15:44:00.879053Z  INFO herdr::server::headless: client resize client_id=2 cols=230 rows=61 cell_width_px=0 cell_height_px=0
2026-08-30T15:57:24.196960Z  INFO herdr::logging: checking for updates event="update.check.start" subsystem="update" outcome="started"
2026-08-30T16:01:51.786428Z  INFO herdr::logging: tab focused event="tab.focus" subsystem="tab" outcome="ok" workspace_id="w7" tab_id="w7:t2"
2026-08-30T16:01:56.798396Z  INFO herdr::logging: session saved event="persist.save" subsystem="persist" outcome="ok" path=/Users/jason/.config/herdr/session.json workspaces=7
2026-08-30T16:27:24.210365Z  INFO herdr::logging: checking for updates event="update.check.start" subsystem="update" outcome="started"
2026-08-30T16:57:24.215977Z  INFO herdr::logging: checking for updates event="update.check.start" subsystem="update" outcome="started"
2026-08-30T17:02:30.777412Z  INFO herdr::server::headless: client resize client_id=2 cols=134 rows=40 cell_width_px=0 cell_height_px=0
2026-08-30T17:02:31.679237Z  INFO herdr::server::headless: client resize client_id=2 cols=134 rows=40 cell_width_px=0 cell_height_px=0
2026-08-30T17:27:24.231161Z  INFO herdr::logging: checking for updates event="update.check.start" subsystem="update" outcome="started"
2026-08-30T17:57:24.247163Z  INFO herdr::logging: checking for updates event="update.check.start" subsystem="update" outcome="started"
2026-08-30T18:27:21.664932Z  INFO herdr::server::headless: client resize client_id=2 cols=230 rows=61 cell_width_px=0 cell_height_px=0
2026-08-30T18:27:22.599447Z  INFO herdr::server::headless: client resize client_id=2 cols=230 rows=61 cell_width_px=0 cell_height_px=0
2026-08-30T18:27:24.257772Z  INFO herdr::logging: checking for updates event="update.check.start" subsystem="update" outcome="started"
2026-08-30T18:43:25.205534Z  INFO herdr::server::headless: client resize client_id=2 cols=80 rows=24 cell_width_px=0 cell_height_px=0
2026-08-30T18:43:25.218895Z  INFO herdr::server::headless: client detached client_id=2
2026-08-30T18:43:25.219164Z  INFO herdr::server::headless: client disconnected client_id=2
2026-08-30T18:44:59.877654Z  INFO herdr::server::headless: server shutdown initiated
2026-08-30T18:44:59.901135Z  INFO herdr::logging: pane child exited event="pane.exit" subsystem="pane" outcome="completed" pane_id=12 status="ExitStatus { code: 1, signal: Some(\"Terminated: 15\") }"
2026-08-30T18:44:59.901283Z  INFO herdr::logging: pane child exited event="pane.exit" subsystem="pane" outcome="completed" pane_id=5 status="ExitStatus { code: 1, signal: Some(\"Terminated: 15\") }"
2026-08-30T18:44:59.901629Z  INFO herdr::logging: pane child exited event="pane.exit" subsystem="pane" outcome="completed" pane_id=1 status="ExitStatus { code: 1, signal: Some(\"Terminated: 15\") }"
2026-08-30T18:44:59.901719Z  INFO herdr::logging: pane child exited event="pane.exit" subsystem="pane" outcome="completed" pane_id=10 status="ExitStatus { code: 1, signal: Some(\"Terminated: 15\") }"
2026-08-30T18:44:59.901917Z  INFO herdr::logging: pane child exited event="pane.exit" subsystem="pane" outcome="completed" pane_id=3 status="ExitStatus { code: 1, signal: Some(\"Terminated: 15\") }"
2026-08-30T18:44:59.901155Z  INFO herdr::logging: pane child exited event="pane.exit" subsystem="pane" outcome="completed" pane_id=9 status="ExitStatus { code: 1, signal: Some(\"Terminated: 15\") }"
2026-08-30T18:44:59.902398Z  INFO herdr::logging: pane child exited event="pane.exit" subsystem="pane" outcome="completed" pane_id=8 status="ExitStatus { code: 1, signal: Some(\"Terminated: 15\") }"
2026-08-30T18:44:59.903082Z  INFO herdr::logging: pane child exited event="pane.exit" subsystem="pane" outcome="completed" pane_id=7 status="ExitStatus { code: 1, signal: Some(\"Terminated: 15\") }"
2026-08-30T18:44:59.906054Z  INFO herdr::logging: pane child exited event="pane.exit" subsystem="pane" outcome="completed" pane_id=2 status="ExitStatus { code: 1, signal: Some(\"Terminated: 15\") }"
2026-08-30T18:44:59.911969Z  INFO herdr::logging: pane child exited event="pane.exit" subsystem="pane" outcome="completed" pane_id=11 status="ExitStatus { code: 1, signal: Some(\"Terminated: 15\") }"
2026-08-30T18:44:59.914205Z  INFO herdr::logging: pane child exited event="pane.exit" subsystem="pane" outcome="completed" pane_id=6 status="ExitStatus { code: 1, signal: Some(\"Terminated: 15\") }"
2026-08-30T18:44:59.915710Z  INFO herdr::logging: pane child exited event="pane.exit" subsystem="pane" outcome="completed" pane_id=4 status="ExitStatus { code: 1, signal: Some(\"Terminated: 15\") }"
2026-08-30T18:44:59.944779Z  INFO herdr::server::headless: completing server shutdown
2026-08-30T18:44:59.964631Z  INFO herdr::logging: session saved event="persist.save" subsystem="persist" outcome="ok" path=/Users/jason/.config/herdr/session.json workspaces=7
2026-08-30T18:44:59.964670Z  INFO herdr::server::headless: headless server exiting
2026-08-30T18:44:59.965997Z  INFO herdr::pane: pane session terminated pane=9 pid=11424 signal=Hangup
2026-08-30T18:44:59.966030Z  INFO herdr::pane: pane session terminated pane=11 pid=11426 signal=Hangup
2026-08-30T18:44:59.966039Z  INFO herdr::pane: pane session terminated pane=5 pid=11545 signal=Hangup
2026-08-30T18:44:59.966049Z  INFO herdr::pane: pane session terminated pane=1 pid=11417 signal=Hangup
2026-08-30T18:44:59.966057Z  INFO herdr::pane: pane session terminated pane=8 pid=11423 signal=Hangup
2026-08-30T18:44:59.966344Z  INFO herdr::pane: pane session terminated pane=2 pid=11418 signal=Hangup
2026-08-30T18:44:59.966358Z  INFO herdr::pane: pane session terminated pane=10 pid=11425 signal=Hangup
2026-08-30T18:44:59.966368Z  INFO herdr::pane: pane session terminated pane=12 pid=71834 signal=Hangup
2026-08-30T18:44:59.966377Z  INFO herdr::pane: pane session terminated pane=6 pid=11421 signal=Hangup
2026-08-30T18:44:59.966385Z  INFO herdr::pane: pane session terminated pane=3 pid=11419 signal=Hangup
2026-08-30T18:44:59.966396Z  INFO herdr::pane: pane session terminated pane=7 pid=11422 signal=Hangup
2026-08-30T18:44:59.966404Z  INFO herdr::pane: pane session terminated pane=4 pid=11420 signal=Hangup
2026-08-30T18:44:59.969661Z  INFO herdr::logging: herdr exiting event="app.shutdown" subsystem="server" outcome="completed" pid=11416
2026-08-30T23:57:50.450607Z  INFO herdr::platform::macos: raised server file descriptor soft limit previous=256 target=8192
2026-08-30T23:57:50.451872Z  INFO herdr::api::server: api server listening path=/Users/jason/.config/herdr/herdr.sock
2026-08-30T23:57:50.455874Z  INFO herdr::logging: spawning pane terminal event="pane.spawn.start" subsystem="pane" outcome="started" pane_id=1 rows=24 cols=80 scrollback_limit_bytes=10000000
2026-08-30T23:57:50.468618Z  INFO herdr::logging: pane child spawned event="pane.spawned" subsystem="pane" outcome="ok" pane_id=1 pid=93631
2026-08-30T23:57:50.469318Z  INFO herdr::logging: spawning pane terminal event="pane.spawn.start" subsystem="pane" outcome="started" pane_id=2 rows=24 cols=80 scrollback_limit_bytes=10000000
2026-08-30T23:57:50.472825Z  INFO herdr::logging: pane child spawned event="pane.spawned" subsystem="pane" outcome="ok" pane_id=2 pid=93632
2026-08-30T23:57:50.473139Z  INFO herdr::logging: spawning pane terminal event="pane.spawn.start" subsystem="pane" outcome="started" pane_id=3 rows=24 cols=80 scrollback_limit_bytes=10000000
2026-08-30T23:57:50.476731Z  INFO herdr::logging: pane child spawned event="pane.spawned" subsystem="pane" outcome="ok" pane_id=3 pid=93633
2026-08-30T23:57:50.478287Z  INFO herdr::logging: spawning pane terminal event="pane.spawn.start" subsystem="pane" outcome="started" pane_id=4 rows=24 cols=80 scrollback_limit_bytes=10000000
2026-08-30T23:57:50.482042Z  INFO herdr::logging: pane child spawned event="pane.spawned" subsystem="pane" outcome="ok" pane_id=4 pid=93634
2026-08-30T23:57:50.482258Z  INFO herdr::logging: spawning pane terminal event="pane.spawn.start" subsystem="pane" outcome="started" pane_id=5 rows=24 cols=80 scrollback_limit_bytes=10000000
2026-08-30T23:57:50.486062Z  INFO herdr::logging: pane child spawned event="pane.spawned" subsystem="pane" outcome="ok" pane_id=5 pid=93635
2026-08-30T23:57:50.487595Z  INFO herdr::logging: spawning pane terminal event="pane.spawn.start" subsystem="pane" outcome="started" pane_id=6 rows=24 cols=80 scrollback_limit_bytes=10000000
2026-08-30T23:57:50.490827Z  INFO herdr::logging: pane child spawned event="pane.spawned" subsystem="pane" outcome="ok" pane_id=6 pid=93636
2026-08-30T23:57:50.491046Z  INFO herdr::logging: spawning pane terminal event="pane.spawn.start" subsystem="pane" outcome="started" pane_id=7 rows=24 cols=80 scrollback_limit_bytes=10000000
2026-08-30T23:57:50.494266Z  INFO herdr::logging: pane child spawned event="pane.spawned" subsystem="pane" outcome="ok" pane_id=7 pid=93637
2026-08-30T23:57:50.495487Z  INFO herdr::logging: spawning pane terminal event="pane.spawn.start" subsystem="pane" outcome="started" pane_id=8 rows=24 cols=80 scrollback_limit_bytes=10000000
2026-08-30T23:57:50.498944Z  INFO herdr::logging: pane child spawned event="pane.spawned" subsystem="pane" outcome="ok" pane_id=8 pid=93638
2026-08-30T23:57:50.500070Z  INFO herdr::logging: spawning pane terminal event="pane.spawn.start" subsystem="pane" outcome="started" pane_id=9 rows=24 cols=80 scrollback_limit_bytes=10000000
2026-08-30T23:57:50.504793Z  INFO herdr::logging: pane child spawned event="pane.spawned" subsystem="pane" outcome="ok" pane_id=9 pid=93639
2026-08-30T23:57:50.505152Z  INFO herdr::logging: spawning pane terminal event="pane.spawn.start" subsystem="pane" outcome="started" pane_id=10 rows=24 cols=80 scrollback_limit_bytes=10000000
2026-08-30T23:57:50.509038Z  INFO herdr::logging: pane child spawned event="pane.spawned" subsystem="pane" outcome="ok" pane_id=10 pid=93640
2026-08-30T23:57:50.510238Z  INFO herdr::logging: spawning pane terminal event="pane.spawn.start" subsystem="pane" outcome="started" pane_id=11 rows=24 cols=80 scrollback_limit_bytes=10000000
2026-08-30T23:57:50.514380Z  INFO herdr::logging: pane child spawned event="pane.spawned" subsystem="pane" outcome="ok" pane_id=11 pid=93641
2026-08-30T23:57:50.514634Z  INFO herdr::logging: spawning pane terminal event="pane.spawn.start" subsystem="pane" outcome="started" pane_id=12 rows=24 cols=80 scrollback_limit_bytes=10000000
2026-08-30T23:57:50.519064Z  INFO herdr::logging: pane child spawned event="pane.spawned" subsystem="pane" outcome="ok" pane_id=12 pid=93642
2026-08-30T23:57:50.520147Z  INFO herdr::logging: session restore evaluated event="persist.restore" subsystem="persist" outcome="ok" workspaces=7
2026-08-30T23:57:50.520205Z  INFO herdr::app: using pane scrollback configuration pane_scrollback_limit_bytes=10000000
2026-08-30T23:57:50.570243Z  INFO herdr::logging: checking for updates event="update.check.start" subsystem="update" outcome="started"
2026-08-30T23:57:50.578197Z  INFO herdr::server::headless: restored session already has workspaces; ignoring startup cwd cwd=/Users/jason
2026-08-30T23:57:50.578540Z  INFO herdr::server::headless: client protocol socket listening path=/Users/jason/.config/herdr/herdr-client.sock
2026-08-30T23:57:50.578564Z  INFO herdr::server::headless: herdr server started api_socket=/Users/jason/.config/herdr/herdr.sock client_socket=/Users/jason/.config/herdr/herdr-client.sock
2026-08-30T23:57:50.579456Z  INFO herdr::logging: herdr starting event="app.startup" subsystem="server" outcome="started" pid=93630
2026-08-30T23:57:50.717052Z  INFO herdr::server::headless: client connected client_id=2 cols=230 rows=61 cell_width_px=0 cell_height_px=0 render_encoding=SemanticFrame
2026-08-30T23:57:52.761807Z  INFO herdr::logging: workspace focused event="workspace.focus" subsystem="workspace" outcome="ok" workspace_id="wF"
2026-08-30T23:57:52.761962Z  INFO herdr::logging: tab focused event="tab.focus" subsystem="tab" outcome="ok" workspace_id="wF" tab_id="wF:t2"
2026-08-30T23:57:57.767757Z  INFO herdr::logging: session saved event="persist.save" subsystem="persist" outcome="ok" path=/Users/jason/.config/herdr/session.json workspaces=7
2026-08-31T00:06:16.011727Z  INFO herdr::logging: workspace focused event="workspace.focus" subsystem="workspace" outcome="ok" workspace_id="w8"
2026-08-31T00:06:16.012338Z  INFO herdr::logging: tab focused event="tab.focus" subsystem="tab" outcome="ok" workspace_id="w8" tab_id="w8:t1"
2026-08-31T00:06:21.018421Z  INFO herdr::logging: session saved event="persist.save" subsystem="persist" outcome="ok" path=/Users/jason/.config/herdr/session.json workspaces=7
2026-08-31T00:12:21.376961Z  INFO herdr::logging: workspace focused event="workspace.focus" subsystem="workspace" outcome="ok" workspace_id="w9"
2026-08-31T00:12:21.377105Z  INFO herdr::logging: tab focused event="tab.focus" subsystem="tab" outcome="ok" workspace_id="w9" tab_id="w9:t1"
2026-08-31T00:12:26.382701Z  INFO herdr::logging: session saved event="persist.save" subsystem="persist" outcome="ok" path=/Users/jason/.config/herdr/session.json workspaces=7
2026-08-31T00:13:27.810424Z  INFO herdr::logging: workspace focused event="workspace.focus" subsystem="workspace" outcome="ok" workspace_id="wF"
2026-08-31T00:13:27.810634Z  INFO herdr::logging: tab focused event="tab.focus" subsystem="tab" outcome="ok" workspace_id="wF" tab_id="wF:t2"
2026-08-31T00:13:32.819941Z  INFO herdr::logging: session saved event="persist.save" subsystem="persist" outcome="ok" path=/Users/jason/.config/herdr/session.json workspaces=7
2026-08-31T00:17:20.360834Z  INFO herdr::logging: workspace focused event="workspace.focus" subsystem="workspace" outcome="ok" workspace_id="w8"
2026-08-31T00:17:20.361035Z  INFO herdr::logging: tab focused event="tab.focus" subsystem="tab" outcome="ok" workspace_id="w8" tab_id="w8:t1"
2026-08-31T00:17:25.368779Z  INFO herdr::logging: session saved event="persist.save" subsystem="persist" outcome="ok" path=/Users/jason/.config/herdr/session.json workspaces=7
2026-08-31T00:19:34.280781Z  INFO herdr::server::headless: client resize client_id=2 cols=137 rows=42 cell_width_px=0 cell_height_px=0
2026-08-31T00:27:50.572013Z  INFO herdr::logging: checking for updates event="update.check.start" subsystem="update" outcome="started"
2026-08-31T00:30:04.021620Z  INFO herdr::logging: workspace focused event="workspace.focus" subsystem="workspace" outcome="ok" workspace_id="wF"
2026-08-31T00:30:04.021764Z  INFO herdr::logging: tab focused event="tab.focus" subsystem="tab" outcome="ok" workspace_id="wF" tab_id="wF:t2"
2026-08-31T00:30:09.031029Z  INFO herdr::logging: session saved event="persist.save" subsystem="persist" outcome="ok" path=/Users/jason/.config/herdr/session.json workspaces=7
2026-08-31T00:30:50.552605Z  INFO herdr::logging: workspace focused event="workspace.focus" subsystem="workspace" outcome="ok" workspace_id="w8"
2026-08-31T00:30:50.552674Z  INFO herdr::logging: tab focused event="tab.focus" subsystem="tab" outcome="ok" workspace_id="w8" tab_id="w8:t1"
2026-08-31T00:30:55.558334Z  INFO herdr::logging: session saved event="persist.save" subsystem="persist" outcome="ok" path=/Users/jason/.config/herdr/session.json workspaces=7
2026-08-31T00:34:19.882354Z  INFO herdr::server::headless: client resize client_id=2 cols=230 rows=61 cell_width_px=0 cell_height_px=0
2026-08-31T00:35:41.693263Z  INFO herdr::logging: workspace focused event="workspace.focus" subsystem="workspace" outcome="ok" workspace_id="wD"
2026-08-31T00:35:41.693736Z  INFO herdr::logging: tab focused event="tab.focus" subsystem="tab" outcome="ok" workspace_id="wD" tab_id="wD:t1"
2026-08-31T00:35:46.699901Z  INFO herdr::logging: session saved event="persist.save" subsystem="persist" outcome="ok" path=/Users/jason/.config/herdr/session.json workspaces=7
2026-08-31T00:41:24.375990Z  INFO herdr::logging: workspace focused event="workspace.focus" subsystem="workspace" outcome="ok" workspace_id="w8"
2026-08-31T00:41:24.376148Z  INFO herdr::logging: tab focused event="tab.focus" subsystem="tab" outcome="ok" workspace_id="w8" tab_id="w8:t1"
2026-08-31T00:41:29.384786Z  INFO herdr::logging: session saved event="persist.save" subsystem="persist" outcome="ok" path=/Users/jason/.config/herdr/session.json workspaces=7
2026-08-31T00:42:00.273520Z  INFO herdr::logging: workspace focused event="workspace.focus" subsystem="workspace" outcome="ok" workspace_id="wD"
2026-08-31T00:42:00.273591Z  INFO herdr::logging: tab focused event="tab.focus" subsystem="tab" outcome="ok" workspace_id="wD" tab_id="wD:t1"
2026-08-31T00:42:05.280639Z  INFO herdr::logging: session saved event="persist.save" subsystem="persist" outcome="ok" path=/Users/jason/.config/herdr/session.json workspaces=7
2026-08-31T00:52:12.542813Z  INFO herdr::logging: workspace focused event="workspace.focus" subsystem="workspace" outcome="ok" workspace_id="wF"
2026-08-31T00:52:12.543567Z  INFO herdr::logging: tab focused event="tab.focus" subsystem="tab" outcome="ok" workspace_id="wF" tab_id="wF:t2"
2026-08-31T00:52:17.550755Z  INFO herdr::logging: session saved event="persist.save" subsystem="persist" outcome="ok" path=/Users/jason/.config/herdr/session.json workspaces=7
2026-08-31T00:53:44.759446Z  INFO herdr::logging: workspace focused event="workspace.focus" subsystem="workspace" outcome="ok" workspace_id="wD"
2026-08-31T00:53:44.759614Z  INFO herdr::logging: tab focused event="tab.focus" subsystem="tab" outcome="ok" workspace_id="wD" tab_id="wD:t1"
2026-08-31T00:53:49.766764Z  INFO herdr::logging: session saved event="persist.save" subsystem="persist" outcome="ok" path=/Users/jason/.config/herdr/session.json workspaces=7
2026-08-31T00:57:50.573648Z  INFO herdr::logging: checking for updates event="update.check.start" subsystem="update" outcome="started"
2026-08-31T01:27:50.582538Z  INFO herdr::logging: checking for updates event="update.check.start" subsystem="update" outcome="started"
2026-08-31T01:48:29.267369Z  INFO herdr::logging: tab focused event="tab.focus" subsystem="tab" outcome="ok" workspace_id="wD" tab_id="wD:t2"
2026-08-31T01:48:30.350176Z  INFO herdr::logging: tab focused event="tab.focus" subsystem="tab" outcome="ok" workspace_id="wD" tab_id="wD:t1"
2026-08-31T01:48:35.357625Z  INFO herdr::logging: session saved event="persist.save" subsystem="persist" outcome="ok" path=/Users/jason/.config/herdr/session.json workspaces=7
2026-08-31T01:48:37.517219Z  INFO herdr::logging: workspace focused event="workspace.focus" subsystem="workspace" outcome="ok" workspace_id="wF"
2026-08-31T01:48:37.517355Z  INFO herdr::logging: tab focused event="tab.focus" subsystem="tab" outcome="ok" workspace_id="wF" tab_id="wF:t2"
2026-08-31T01:48:42.522568Z  INFO herdr::logging: session saved event="persist.save" subsystem="persist" outcome="ok" path=/Users/jason/.config/herdr/session.json workspaces=7
2026-08-31T01:57:50.586071Z  INFO herdr::logging: checking for updates event="update.check.start" subsystem="update" outcome="started"
2026-08-31T02:20:04.585925Z  INFO herdr::server::headless: client resize client_id=2 cols=137 rows=42 cell_width_px=0 cell_height_px=0
2026-08-31T02:20:05.185759Z  INFO herdr::server::headless: client resize client_id=2 cols=137 rows=42 cell_width_px=0 cell_height_px=0
2026-08-31T02:27:50.592968Z  INFO herdr::logging: checking for updates event="update.check.start" subsystem="update" outcome="started"
2026-08-31T02:29:33.766683Z  INFO herdr::server::headless: client resize client_id=2 cols=230 rows=61 cell_width_px=0 cell_height_px=0
2026-08-31T02:29:33.810803Z  INFO herdr::server::headless: client resize client_id=2 cols=230 rows=61 cell_width_px=0 cell_height_px=0
2026-08-31T02:57:50.611678Z  INFO herdr::logging: checking for updates event="update.check.start" subsystem="update" outcome="started"
2026-08-31T03:27:50.611987Z  INFO herdr::logging: checking for updates event="update.check.start" subsystem="update" outcome="started"
2026-08-31T03:38:06.608730Z  INFO herdr::logging: tab focused event="tab.focus" subsystem="tab" outcome="ok" workspace_id="wF" tab_id="wF:t1"
2026-08-31T03:38:11.617221Z  INFO herdr::logging: session saved event="persist.save" subsystem="persist" outcome="ok" path=/Users/jason/.config/herdr/session.json workspaces=7
2026-08-31T03:57:50.617478Z  INFO herdr::logging: checking for updates event="update.check.start" subsystem="update" outcome="started"
2026-08-31T04:26:13.055067Z  INFO herdr::server::headless: client resize client_id=2 cols=137 rows=42 cell_width_px=0 cell_height_px=0
2026-08-31T04:27:50.628489Z  INFO herdr::logging: checking for updates event="update.check.start" subsystem="update" outcome="started"
2026-08-31T04:35:45.996877Z  INFO herdr::logging: workspace focused event="workspace.focus" subsystem="workspace" outcome="ok" workspace_id="w6"
2026-08-31T04:35:45.997861Z  INFO herdr::logging: tab focused event="tab.focus" subsystem="tab" outcome="ok" workspace_id="w6" tab_id="w6:t1"
2026-08-31T04:35:51.010523Z  INFO herdr::logging: session saved event="persist.save" subsystem="persist" outcome="ok" path=/Users/jason/.config/herdr/session.json workspaces=7
2026-08-31T04:35:53.421854Z  INFO herdr::logging: workspace focused event="workspace.focus" subsystem="workspace" outcome="ok" workspace_id="w7"
2026-08-31T04:35:53.422049Z  INFO herdr::logging: tab focused event="tab.focus" subsystem="tab" outcome="ok" workspace_id="w7" tab_id="w7:t2"
2026-08-31T04:35:58.429796Z  INFO herdr::logging: session saved event="persist.save" subsystem="persist" outcome="ok" path=/Users/jason/.config/herdr/session.json workspaces=7
2026-08-31T04:37:40.492544Z  INFO herdr::logging: workspace focused event="workspace.focus" subsystem="workspace" outcome="ok" workspace_id="wF"
2026-08-31T04:37:40.492623Z  INFO herdr::logging: tab focused event="tab.focus" subsystem="tab" outcome="ok" workspace_id="wF" tab_id="wF:t1"
2026-08-31T04:37:45.498087Z  INFO herdr::logging: session saved event="persist.save" subsystem="persist" outcome="ok" path=/Users/jason/.config/herdr/session.json workspaces=7
2026-08-31T04:50:50.268161Z  INFO herdr::server::headless: client resize client_id=2 cols=230 rows=61 cell_width_px=0 cell_height_px=0
2026-08-31T04:50:51.177146Z  INFO herdr::server::headless: client resize client_id=2 cols=230 rows=61 cell_width_px=0 cell_height_px=0
2026-08-31T04:57:50.642067Z  INFO herdr::logging: checking for updates event="update.check.start" subsystem="update" outcome="started"
2026-08-31T04:58:34.025081Z  INFO herdr::logging: workspace focused event="workspace.focus" subsystem="workspace" outcome="ok" workspace_id="wA"
2026-08-31T04:58:34.025319Z  INFO herdr::logging: tab focused event="tab.focus" subsystem="tab" outcome="ok" workspace_id="wA" tab_id="wA:t1"
2026-08-31T04:58:39.033262Z  INFO herdr::logging: session saved event="persist.save" subsystem="persist" outcome="ok" path=/Users/jason/.config/herdr/session.json workspaces=7
2026-08-31T05:05:48.993276Z  INFO herdr::logging: tab focused event="tab.focus" subsystem="tab" outcome="ok" workspace_id="wA" tab_id="wA:t2"
2026-08-31T05:05:53.997450Z  INFO herdr::logging: session saved event="persist.save" subsystem="persist" outcome="ok" path=/Users/jason/.config/herdr/session.json workspaces=7
2026-08-31T05:06:14.429502Z  INFO herdr::logging: tab focused event="tab.focus" subsystem="tab" outcome="ok" workspace_id="wA" tab_id="wA:t2"
2026-08-31T05:06:14.660847Z  INFO herdr::logging: tab focused event="tab.focus" subsystem="tab" outcome="ok" workspace_id="wA" tab_id="wA:t2"
2026-08-31T05:06:17.060662Z  INFO herdr::logging: workspace focused event="workspace.focus" subsystem="workspace" outcome="ok" workspace_id="wA"
2026-08-31T05:06:17.060808Z  INFO herdr::logging: tab focused event="tab.focus" subsystem="tab" outcome="ok" workspace_id="wA" tab_id="wA:t2"
2026-08-31T05:06:17.060873Z  INFO herdr::logging: tab focused event="tab.focus" subsystem="tab" outcome="ok" workspace_id="wA" tab_id="wA:t2"
2026-08-31T05:06:22.065737Z  INFO herdr::logging: session saved event="persist.save" subsystem="persist" outcome="ok" path=/Users/jason/.config/herdr/session.json workspaces=7
2026-08-31T05:06:22.449817Z  INFO herdr::logging: tab renamed event="tab.rename" subsystem="tab" outcome="ok" workspace_id="wA" tab_id="wA:t2"
2026-08-31T05:06:27.454896Z  INFO herdr::logging: session saved event="persist.save" subsystem="persist" outcome="ok" path=/Users/jason/.config/herdr/session.json workspaces=7
2026-08-31T05:06:33.422861Z  INFO herdr::pane: agent changed pane=10 previous_agent=None agent=Some(OpenCode) process=opencode pgid=Some(89855)
2026-08-31T05:11:16.325640Z  INFO herdr::pane: agent changed pane=10 previous_agent=None agent=Some(OpenCode) process=opencode pgid=Some(89855)
2026-08-31T05:11:21.221368Z  INFO herdr::logging: session saved event="persist.save" subsystem="persist" outcome="ok" path=/Users/jason/.config/herdr/session.json workspaces=7
2026-08-31T05:17:12.652107Z  INFO herdr::logging: tab focused event="tab.focus" subsystem="tab" outcome="ok" workspace_id="wA" tab_id="wA:t1"
2026-08-31T05:17:17.662263Z  INFO herdr::logging: session saved event="persist.save" subsystem="persist" outcome="ok" path=/Users/jason/.config/herdr/session.json workspaces=7
2026-08-31T05:27:50.655463Z  INFO herdr::logging: checking for updates event="update.check.start" subsystem="update" outcome="started"
2026-08-31T05:48:16.603625Z  INFO herdr::logging: tab focused event="tab.focus" subsystem="tab" outcome="ok" workspace_id="wA" tab_id="wA:t2"
2026-08-31T05:48:21.610238Z  INFO herdr::logging: session saved event="persist.save" subsystem="persist" outcome="ok" path=/Users/jason/.config/herdr/session.json workspaces=7
2026-08-31T05:52:28.042553Z  INFO herdr::logging: tab focused event="tab.focus" subsystem="tab" outcome="ok" workspace_id="wA" tab_id="wA:t1"
2026-08-31T05:52:28.042744Z  INFO herdr::logging: tab focused event="tab.focus" subsystem="tab" outcome="ok" workspace_id="wA" tab_id="wA:t2"
2026-08-31T05:52:28.043262Z  INFO herdr::logging: tab focused event="tab.focus" subsystem="tab" outcome="ok" workspace_id="wA" tab_id="wA:t1"
2026-08-31T05:52:28.043533Z  INFO herdr::logging: tab focused event="tab.focus" subsystem="tab" outcome="ok" workspace_id="wA" tab_id="wA:t2"
2026-08-31T05:52:28.046325Z  INFO herdr::logging: tab focused event="tab.focus" subsystem="tab" outcome="ok" workspace_id="wA" tab_id="wA:t1"
2026-08-31T05:52:28.046423Z  INFO herdr::logging: tab focused event="tab.focus" subsystem="tab" outcome="ok" workspace_id="wA" tab_id="wA:t2"
2026-08-31T05:52:28.046566Z  INFO herdr::logging: tab focused event="tab.focus" subsystem="tab" outcome="ok" workspace_id="wA" tab_id="wA:t1"
2026-08-31T05:52:28.046611Z  INFO herdr::logging: tab focused event="tab.focus" subsystem="tab" outcome="ok" workspace_id="wA" tab_id="wA:t1"
2026-08-31T05:52:28.047014Z  INFO herdr::logging: tab focused event="tab.focus" subsystem="tab" outcome="ok" workspace_id="wA" tab_id="wA:t2"
2026-08-31T05:52:31.887341Z  INFO herdr::logging: tab focused event="tab.focus" subsystem="tab" outcome="ok" workspace_id="wA" tab_id="wA:t1"
2026-08-31T05:52:36.891746Z  INFO herdr::logging: session saved event="persist.save" subsystem="persist" outcome="ok" path=/Users/jason/.config/herdr/session.json workspaces=7
2026-08-31T05:57:50.667358Z  INFO herdr::logging: checking for updates event="update.check.start" subsystem="update" outcome="started"
2026-08-31T06:27:50.680340Z  INFO herdr::logging: checking for updates event="update.check.start" subsystem="update" outcome="started"
2026-08-31T06:28:36.106716Z  INFO herdr::logging: tab focused event="tab.focus" subsystem="tab" outcome="ok" workspace_id="wA" tab_id="wA:t2"
2026-08-31T06:28:41.114678Z  INFO herdr::logging: session saved event="persist.save" subsystem="persist" outcome="ok" path=/Users/jason/.config/herdr/session.json workspaces=7
2026-08-31T06:28:42.312690Z  INFO herdr::logging: api request received event="api.request.start" subsystem="api" outcome="started" request_id="herdr-nvim-nav" method="pane.focus_direction" changes_ui=true
2026-08-31T06:28:42.313293Z  INFO herdr::logging: api request completed event="api.request.complete" subsystem="api" outcome="ok" request_id="herdr-nvim-nav" method="pane.focus_direction"
2026-08-31T06:32:26.823334Z  INFO herdr::logging: tab focused event="tab.focus" subsystem="tab" outcome="ok" workspace_id="wA" tab_id="wA:t1"
2026-08-31T06:32:31.828114Z  INFO herdr::logging: session saved event="persist.save" subsystem="persist" outcome="ok" path=/Users/jason/.config/herdr/session.json workspaces=7
2026-08-31T06:49:50.848335Z  INFO herdr::server::headless: client resize client_id=2 cols=137 rows=42 cell_width_px=0 cell_height_px=0
2026-08-31T06:49:51.116226Z  INFO herdr::server::headless: client resize client_id=2 cols=137 rows=42 cell_width_px=0 cell_height_px=0
2026-08-31T08:30:48.747114Z  INFO herdr::server::headless: client resize client_id=2 cols=134 rows=40 cell_width_px=0 cell_height_px=0
2026-08-31T08:30:50.281126Z  INFO herdr::logging: checking for updates event="update.check.start" subsystem="update" outcome="started"
2026-08-31T08:30:55.602827Z  INFO herdr::logging: tab focused event="tab.focus" subsystem="tab" outcome="ok" workspace_id="wA" tab_id="wA:t2"
2026-08-31T08:31:00.610071Z  INFO herdr::logging: session saved event="persist.save" subsystem="persist" outcome="ok" path=/Users/jason/.config/herdr/session.json workspaces=7
2026-08-31T09:00:50.291509Z  INFO herdr::logging: checking for updates event="update.check.start" subsystem="update" outcome="started"
2026-08-31T09:30:50.298521Z  INFO herdr::logging: checking for updates event="update.check.start" subsystem="update" outcome="started"
2026-08-31T10:00:50.305227Z  INFO herdr::logging: checking for updates event="update.check.start" subsystem="update" outcome="started"
2026-08-31T10:30:50.311669Z  INFO herdr::logging: checking for updates event="update.check.start" subsystem="update" outcome="started"
2026-08-31T11:44:43.314377Z  INFO herdr::logging: checking for updates event="update.check.start" subsystem="update" outcome="started"
2026-08-31T12:14:43.317696Z  INFO herdr::logging: checking for updates event="update.check.start" subsystem="update" outcome="started"
2026-08-31T12:44:43.322678Z  INFO herdr::logging: checking for updates event="update.check.start" subsystem="update" outcome="started"
2026-08-31T13:14:43.330274Z  INFO herdr::logging: checking for updates event="update.check.start" subsystem="update" outcome="started"
2026-08-31T13:44:43.342257Z  INFO herdr::logging: checking for updates event="update.check.start" subsystem="update" outcome="started"
2026-08-31T14:14:43.353205Z  INFO herdr::logging: checking for updates event="update.check.start" subsystem="update" outcome="started"
2026-08-31T14:44:43.368097Z  INFO herdr::logging: checking for updates event="update.check.start" subsystem="update" outcome="started"
2026-08-31T15:14:43.381142Z  INFO herdr::logging: checking for updates event="update.check.start" subsystem="update" outcome="started"
2026-08-31T15:44:43.396247Z  INFO herdr::logging: checking for updates event="update.check.start" subsystem="update" outcome="started"
2026-08-31T16:14:43.411721Z  INFO herdr::logging: checking for updates event="update.check.start" subsystem="update" outcome="started"
2026-08-31T16:44:43.426532Z  INFO herdr::logging: checking for updates event="update.check.start" subsystem="update" outcome="started"
2026-08-31T17:14:43.441752Z  INFO herdr::logging: checking for updates event="update.check.start" subsystem="update" outcome="started"
2026-08-31T17:44:43.455863Z  INFO herdr::logging: checking for updates event="update.check.start" subsystem="update" outcome="started"
2026-08-31T18:14:43.469823Z  INFO herdr::logging: checking for updates event="update.check.start" subsystem="update" outcome="started"
2026-08-31T18:44:43.480050Z  INFO herdr::logging: checking for updates event="update.check.start" subsystem="update" outcome="started"
2026-08-31T19:14:43.492757Z  INFO herdr::logging: checking for updates event="update.check.start" subsystem="update" outcome="started"
2026-08-31T19:44:43.503353Z  INFO herdr::logging: checking for updates event="update.check.start" subsystem="update" outcome="started"
2026-08-31T20:14:43.514208Z  INFO herdr::logging: checking for updates event="update.check.start" subsystem="update" outcome="started"
2026-08-31T20:44:43.524901Z  INFO herdr::logging: checking for updates event="update.check.start" subsystem="update" outcome="started"
2026-08-31T21:14:43.535727Z  INFO herdr::logging: checking for updates event="update.check.start" subsystem="update" outcome="started"
2026-08-31T21:44:43.546726Z  INFO herdr::logging: checking for updates event="update.check.start" subsystem="update" outcome="started"
2026-08-31T22:14:43.557389Z  INFO herdr::logging: checking for updates event="update.check.start" subsystem="update" outcome="started"
2026-08-31T22:44:43.570872Z  INFO herdr::logging: checking for updates event="update.check.start" subsystem="update" outcome="started"
2026-08-31T23:14:43.583489Z  INFO herdr::logging: checking for updates event="update.check.start" subsystem="update" outcome="started"
2026-08-31T23:44:43.595929Z  INFO herdr::logging: checking for updates event="update.check.start" subsystem="update" outcome="started"
2026-09-01T00:14:43.605566Z  INFO herdr::logging: checking for updates event="update.check.start" subsystem="update" outcome="started"
2026-09-01T00:44:43.618539Z  INFO herdr::logging: checking for updates event="update.check.start" subsystem="update" outcome="started"
2026-09-01T01:14:43.630896Z  INFO herdr::logging: checking for updates event="update.check.start" subsystem="update" outcome="started"
2026-09-01T01:44:43.638140Z  INFO herdr::logging: checking for updates event="update.check.start" subsystem="update" outcome="started"
2026-09-01T02:14:43.653164Z  INFO herdr::logging: checking for updates event="update.check.start" subsystem="update" outcome="started"
2026-09-01T02:44:43.665996Z  INFO herdr::logging: checking for updates event="update.check.start" subsystem="update" outcome="started"
2026-09-01T03:14:43.678289Z  INFO herdr::logging: checking for updates event="update.check.start" subsystem="update" outcome="started"
2026-09-01T03:44:43.693322Z  INFO herdr::logging: checking for updates event="update.check.start" subsystem="update" outcome="started"
2026-09-01T04:14:43.709495Z  INFO herdr::logging: checking for updates event="update.check.start" subsystem="update" outcome="started"
2026-09-01T04:44:43.720682Z  INFO herdr::logging: checking for updates event="update.check.start" subsystem="update" outcome="started"
2026-09-01T05:14:43.735609Z  INFO herdr::logging: checking for updates event="update.check.start" subsystem="update" outcome="started"
2026-09-01T05:44:43.746895Z  INFO herdr::logging: checking for updates event="update.check.start" subsystem="update" outcome="started"
2026-09-01T06:14:43.758183Z  INFO herdr::logging: checking for updates event="update.check.start" subsystem="update" outcome="started"
2026-09-01T06:41:51.013255Z  INFO herdr::server::headless: client detached client_id=2
2026-09-01T06:41:51.016921Z  INFO herdr::server::headless: client disconnected client_id=2
2026-09-01T06:41:55.568397Z  INFO herdr::server::headless: server shutdown initiated
2026-09-01T06:41:55.626885Z  INFO herdr::server::headless: completing server shutdown
2026-09-01T06:41:55.627398Z  INFO herdr::logging: pane child exited event="pane.exit" subsystem="pane" outcome="completed" pane_id=1 status="ExitStatus { code: 1, signal: Some(\"Terminated: 15\") }"
2026-09-01T06:41:55.640835Z  INFO herdr::logging: pane child exited event="pane.exit" subsystem="pane" outcome="completed" pane_id=5 status="ExitStatus { code: 1, signal: Some(\"Terminated: 15\") }"
2026-09-01T06:41:55.629795Z  INFO herdr::logging: pane child exited event="pane.exit" subsystem="pane" outcome="completed" pane_id=9 status="ExitStatus { code: 1, signal: Some(\"Terminated: 15\") }"
2026-09-01T06:41:55.642037Z  INFO herdr::logging: pane child exited event="pane.exit" subsystem="pane" outcome="completed" pane_id=11 status="ExitStatus { code: 1, signal: Some(\"Terminated: 15\") }"
2026-09-01T06:41:55.632185Z  INFO herdr::logging: pane child exited event="pane.exit" subsystem="pane" outcome="completed" pane_id=6 status="ExitStatus { code: 1, signal: Some(\"Terminated: 15\") }"
2026-09-01T06:41:55.638529Z  INFO herdr::logging: pane child exited event="pane.exit" subsystem="pane" outcome="completed" pane_id=3 status="ExitStatus { code: 1, signal: Some(\"Terminated: 15\") }"
2026-09-01T06:41:55.638982Z  INFO herdr::logging: pane child exited event="pane.exit" subsystem="pane" outcome="completed" pane_id=2 status="ExitStatus { code: 1, signal: Some(\"Terminated: 15\") }"
2026-09-01T06:41:55.640835Z  INFO herdr::logging: pane child exited event="pane.exit" subsystem="pane" outcome="completed" pane_id=12 status="ExitStatus { code: 1, signal: Some(\"Terminated: 15\") }"
2026-09-01T06:41:55.643935Z  INFO herdr::logging: pane child exited event="pane.exit" subsystem="pane" outcome="completed" pane_id=10 status="ExitStatus { code: 1, signal: Some(\"Terminated: 15\") }"
2026-09-01T06:41:55.647354Z  INFO herdr::logging: pane child exited event="pane.exit" subsystem="pane" outcome="completed" pane_id=7 status="ExitStatus { code: 1, signal: Some(\"Terminated: 15\") }"
2026-09-01T06:41:55.649491Z  INFO herdr::logging: pane child exited event="pane.exit" subsystem="pane" outcome="completed" pane_id=4 status="ExitStatus { code: 1, signal: Some(\"Terminated: 15\") }"
2026-09-01T06:41:55.649594Z  INFO herdr::logging: session saved event="persist.save" subsystem="persist" outcome="ok" path=/Users/jason/.config/herdr/session.json workspaces=7
2026-09-01T06:41:55.649613Z  INFO herdr::server::headless: headless server exiting
2026-09-01T06:41:55.650248Z  INFO herdr::logging: pane child exited event="pane.exit" subsystem="pane" outcome="completed" pane_id=8 status="ExitStatus { code: 1, signal: Some(\"Terminated: 15\") }"
2026-09-01T06:41:55.650505Z  INFO herdr::pane: pane session terminated pane=1 pid=93631 signal=Hangup
2026-09-01T06:41:55.651012Z  INFO herdr::pane: pane session terminated pane=2 pid=93632 signal=Hangup
2026-09-01T06:41:55.651033Z  INFO herdr::pane: pane session terminated pane=4 pid=93634 signal=Hangup
2026-09-01T06:41:55.651044Z  INFO herdr::pane: pane session terminated pane=6 pid=93636 signal=Hangup
2026-09-01T06:41:55.651237Z  INFO herdr::pane: pane session terminated pane=7 pid=93637 signal=Hangup
2026-09-01T06:41:55.651254Z  INFO herdr::pane: pane session terminated pane=11 pid=93641 signal=Hangup
2026-09-01T06:41:55.651268Z  INFO herdr::pane: pane session terminated pane=12 pid=93642 signal=Hangup
2026-09-01T06:41:55.651282Z  INFO herdr::pane: pane session terminated pane=3 pid=93633 signal=Hangup
2026-09-01T06:41:55.651291Z  INFO herdr::pane: pane session terminated pane=8 pid=93638 signal=Hangup
2026-09-01T06:41:55.651347Z  INFO herdr::pane: pane session terminated pane=10 pid=93640 signal=Hangup
2026-09-01T06:41:55.651362Z  INFO herdr::pane: pane session terminated pane=5 pid=93635 signal=Hangup
2026-09-01T06:41:55.651371Z  INFO herdr::pane: pane session terminated pane=9 pid=93639 signal=Hangup
2026-09-01T06:41:55.658069Z  INFO herdr::logging: herdr exiting event="app.shutdown" subsystem="server" outcome="completed" pid=93630
2026-09-02T01:33:10.993327Z  INFO herdr::platform::macos: raised server file descriptor soft limit previous=256 target=8192
2026-09-02T01:33:10.994767Z  INFO herdr::api::server: api server listening path=/Users/jason/.config/herdr/herdr.sock
2026-09-02T01:33:11.006186Z  INFO herdr::logging: spawning pane terminal event="pane.spawn.start" subsystem="pane" outcome="started" pane_id=1 rows=24 cols=80 scrollback_limit_bytes=10000000
2026-09-02T01:33:11.013308Z  INFO herdr::logging: pane child spawned event="pane.spawned" subsystem="pane" outcome="ok" pane_id=1 pid=39538
2026-09-02T01:33:11.016002Z  INFO herdr::logging: spawning pane terminal event="pane.spawn.start" subsystem="pane" outcome="started" pane_id=2 rows=24 cols=80 scrollback_limit_bytes=10000000
2026-09-02T01:33:11.020853Z  INFO herdr::logging: pane child spawned event="pane.spawned" subsystem="pane" outcome="ok" pane_id=2 pid=39539
2026-09-02T01:33:11.021267Z  INFO herdr::logging: spawning pane terminal event="pane.spawn.start" subsystem="pane" outcome="started" pane_id=3 rows=24 cols=80 scrollback_limit_bytes=10000000
2026-09-02T01:33:11.024637Z  INFO herdr::logging: pane child spawned event="pane.spawned" subsystem="pane" outcome="ok" pane_id=3 pid=39540
2026-09-02T01:33:11.026907Z  INFO herdr::logging: spawning pane terminal event="pane.spawn.start" subsystem="pane" outcome="started" pane_id=4 rows=24 cols=80 scrollback_limit_bytes=10000000
2026-09-02T01:33:11.031449Z  INFO herdr::logging: pane child spawned event="pane.spawned" subsystem="pane" outcome="ok" pane_id=4 pid=39541
2026-09-02T01:33:11.031740Z  INFO herdr::logging: spawning pane terminal event="pane.spawn.start" subsystem="pane" outcome="started" pane_id=5 rows=24 cols=80 scrollback_limit_bytes=10000000
2026-09-02T01:33:11.035450Z  INFO herdr::logging: pane child spawned event="pane.spawned" subsystem="pane" outcome="ok" pane_id=5 pid=39542
2026-09-02T01:33:11.038083Z  INFO herdr::logging: spawning pane terminal event="pane.spawn.start" subsystem="pane" outcome="started" pane_id=6 rows=24 cols=80 scrollback_limit_bytes=10000000
2026-09-02T01:33:11.044873Z  INFO herdr::logging: pane child spawned event="pane.spawned" subsystem="pane" outcome="ok" pane_id=6 pid=39543
2026-09-02T01:33:11.046394Z  INFO herdr::logging: spawning pane terminal event="pane.spawn.start" subsystem="pane" outcome="started" pane_id=7 rows=24 cols=80 scrollback_limit_bytes=10000000
2026-09-02T01:33:11.050761Z  INFO herdr::logging: pane child spawned event="pane.spawned" subsystem="pane" outcome="ok" pane_id=7 pid=39544
2026-09-02T01:33:11.054098Z  INFO herdr::logging: spawning pane terminal event="pane.spawn.start" subsystem="pane" outcome="started" pane_id=8 rows=24 cols=80 scrollback_limit_bytes=10000000
2026-09-02T01:33:11.060654Z  INFO herdr::logging: pane child spawned event="pane.spawned" subsystem="pane" outcome="ok" pane_id=8 pid=39545
2026-09-02T01:33:11.062952Z  INFO herdr::logging: spawning pane terminal event="pane.spawn.start" subsystem="pane" outcome="started" pane_id=9 rows=24 cols=80 scrollback_limit_bytes=10000000
2026-09-02T01:33:11.067721Z  INFO herdr::logging: pane child spawned event="pane.spawned" subsystem="pane" outcome="ok" pane_id=9 pid=39553
2026-09-02T01:33:11.070442Z  INFO herdr::logging: spawning pane terminal event="pane.spawn.start" subsystem="pane" outcome="started" pane_id=11 rows=24 cols=80 scrollback_limit_bytes=10000000
2026-09-02T01:33:11.075296Z  INFO herdr::logging: pane child spawned event="pane.spawned" subsystem="pane" outcome="ok" pane_id=11 pid=39559
2026-09-02T01:33:11.075669Z  INFO herdr::logging: spawning pane terminal event="pane.spawn.start" subsystem="pane" outcome="started" pane_id=12 rows=24 cols=80 scrollback_limit_bytes=10000000
2026-09-02T01:33:11.081600Z  INFO herdr::logging: pane child spawned event="pane.spawned" subsystem="pane" outcome="ok" pane_id=12 pid=39561
2026-09-02T01:33:11.083444Z  INFO herdr::logging: session restore evaluated event="persist.restore" subsystem="persist" outcome="ok" workspaces=7
2026-09-02T01:33:11.083532Z  INFO herdr::app: using pane scrollback configuration pane_scrollback_limit_bytes=10000000
2026-09-02T01:33:11.140682Z  INFO herdr::logging: checking for updates event="update.check.start" subsystem="update" outcome="started"
2026-09-02T01:33:11.163279Z  INFO herdr::server::headless: restored session already has workspaces; ignoring startup cwd cwd=/Users/jason
2026-09-02T01:33:11.164128Z  INFO herdr::server::headless: client protocol socket listening path=/Users/jason/.config/herdr/herdr-client.sock
2026-09-02T01:33:11.164168Z  INFO herdr::server::headless: herdr server started api_socket=/Users/jason/.config/herdr/herdr.sock client_socket=/Users/jason/.config/herdr/herdr-client.sock
2026-09-02T01:33:11.164824Z  INFO herdr::logging: herdr starting event="app.startup" subsystem="server" outcome="started" pid=39537
2026-09-02T01:33:11.203202Z  INFO herdr::server::headless: client connected client_id=2 cols=134 rows=40 cell_width_px=0 cell_height_px=0 render_encoding=SemanticFrame
2026-09-02T01:33:11.208486Z  INFO herdr::logging: spawning pane terminal event="pane.spawn.start" subsystem="pane" outcome="started" pane_id=10 rows=39 cols=98 scrollback_limit_bytes=10000000
2026-09-02T01:33:11.219701Z  INFO herdr::logging: pane child spawned event="pane.spawned" subsystem="pane" outcome="ok" pane_id=10 pid=39715
2026-09-02T01:33:11.774126Z  INFO herdr::pane: agent changed pane=10 previous_agent=None agent=Some(OpenCode) process=opencode pgid=Some(39881)
2026-09-02T01:33:14.524880Z  INFO herdr::logging: workspace focused event="workspace.focus" subsystem="workspace" outcome="ok" workspace_id="w8"
2026-09-02T01:33:14.524944Z  INFO herdr::logging: tab focused event="tab.focus" subsystem="tab" outcome="ok" workspace_id="w8" tab_id="w8:t1"
2026-09-02T01:33:15.541351Z  INFO herdr::logging: workspace focused event="workspace.focus" subsystem="workspace" outcome="ok" workspace_id="wF"
2026-09-02T01:33:15.541413Z  INFO herdr::logging: tab focused event="tab.focus" subsystem="tab" outcome="ok" workspace_id="wF" tab_id="wF:t1"
2026-09-02T01:33:16.099415Z  INFO herdr::logging: workspace focused event="workspace.focus" subsystem="workspace" outcome="ok" workspace_id="w9"
2026-09-02T01:33:16.099484Z  INFO herdr::logging: tab focused event="tab.focus" subsystem="tab" outcome="ok" workspace_id="w9" tab_id="w9:t1"
2026-09-02T01:33:17.041164Z  INFO herdr::logging: workspace focused event="workspace.focus" subsystem="workspace" outcome="ok" workspace_id="wA"
2026-09-02T01:33:17.041235Z  INFO herdr::logging: tab focused event="tab.focus" subsystem="tab" outcome="ok" workspace_id="wA" tab_id="wA:t2"
2026-09-02T01:33:20.420555Z  INFO herdr::logging: tab focused event="tab.focus" subsystem="tab" outcome="ok" workspace_id="wA" tab_id="wA:t1"
2026-09-02T01:33:21.778551Z  INFO herdr::logging: workspace focused event="workspace.focus" subsystem="workspace" outcome="ok" workspace_id="w8"
2026-09-02T01:33:21.778624Z  INFO herdr::logging: tab focused event="tab.focus" subsystem="tab" outcome="ok" workspace_id="w8" tab_id="w8:t1"
2026-09-02T01:33:26.782094Z  INFO herdr::logging: session saved event="persist.save" subsystem="persist" outcome="ok" path=/Users/jason/.config/herdr/session.json workspaces=7
2026-09-02T02:03:11.146517Z  INFO herdr::logging: checking for updates event="update.check.start" subsystem="update" outcome="started"
2026-09-02T02:33:11.153853Z  INFO herdr::logging: checking for updates event="update.check.start" subsystem="update" outcome="started"
2026-09-02T03:03:11.167847Z  INFO herdr::logging: checking for updates event="update.check.start" subsystem="update" outcome="started"
2026-09-02T03:21:23.875134Z  INFO herdr::logging: workspace focused event="workspace.focus" subsystem="workspace" outcome="ok" workspace_id="w7"
2026-09-02T03:21:23.876496Z  INFO herdr::logging: tab focused event="tab.focus" subsystem="tab" outcome="ok" workspace_id="w7" tab_id="w7:t2"
2026-09-02T03:21:28.887891Z  INFO herdr::logging: session saved event="persist.save" subsystem="persist" outcome="ok" path=/Users/jason/.config/herdr/session.json workspaces=7
2026-09-02T03:25:57.636428Z  INFO herdr::logging: api request received event="api.request.start" subsystem="api" outcome="started" request_id="cli:workspace:focus" method="workspace.focus" changes_ui=true
2026-09-02T03:25:57.637413Z  INFO herdr::logging: api request completed event="api.request.complete" subsystem="api" outcome="error" request_id="cli:workspace:focus" method="workspace.focus"
2026-09-02T03:26:20.497874Z  INFO herdr::logging: api request received event="api.request.start" subsystem="api" outcome="started" request_id="cli:workspace:focus" method="workspace.focus" changes_ui=true
2026-09-02T03:26:20.498569Z  INFO herdr::logging: api request completed event="api.request.complete" subsystem="api" outcome="error" request_id="cli:workspace:focus" method="workspace.focus"
2026-09-02T03:26:30.647637Z  INFO herdr::logging: api request received event="api.request.start" subsystem="api" outcome="started" request_id="cli:workspace:focus" method="workspace.focus" changes_ui=true
2026-09-02T03:26:30.647943Z  INFO herdr::logging: api request completed event="api.request.complete" subsystem="api" outcome="error" request_id="cli:workspace:focus" method="workspace.focus"
2026-09-02T03:26:53.477493Z  INFO herdr::logging: api request received event="api.request.start" subsystem="api" outcome="started" request_id="cli:workspace:focus" method="workspace.focus" changes_ui=true
2026-09-02T03:26:53.477986Z  INFO herdr::logging: api request completed event="api.request.complete" subsystem="api" outcome="error" request_id="cli:workspace:focus" method="workspace.focus"
2026-09-02T03:27:01.495718Z  INFO herdr::logging: api request received event="api.request.start" subsystem="api" outcome="started" request_id="cli:workspace:focus" method="workspace.focus" changes_ui=true
2026-09-02T03:27:01.495945Z  INFO herdr::logging: api request completed event="api.request.complete" subsystem="api" outcome="error" request_id="cli:workspace:focus" method="workspace.focus"
2026-09-02T03:27:16.134839Z  INFO herdr::logging: api request received event="api.request.start" subsystem="api" outcome="started" request_id="cli:workspace:focus" method="workspace.focus" changes_ui=true
2026-09-02T03:27:16.137256Z  INFO herdr::logging: api request completed event="api.request.complete" subsystem="api" outcome="error" request_id="cli:workspace:focus" method="workspace.focus"
2026-09-02T03:33:11.177811Z  INFO herdr::logging: checking for updates event="update.check.start" subsystem="update" outcome="started"
2026-09-02T04:03:11.196613Z  INFO herdr::logging: checking for updates event="update.check.start" subsystem="update" outcome="started"
2026-09-02T04:04:18.841844Z  INFO herdr::server::headless: client connected client_id=4 cols=134 rows=40 cell_width_px=0 cell_height_px=0 render_encoding=SemanticFrame
2026-09-02T04:04:19.067312Z  INFO herdr::server::headless: client detached client_id=4
2026-09-02T04:04:19.069912Z  INFO herdr::server::headless: client disconnected client_id=4
2026-09-02T04:04:19.089420Z  INFO herdr::server::headless: client resize client_id=2 cols=80 rows=24 cell_width_px=0 cell_height_px=0
2026-09-02T04:04:19.106678Z  INFO herdr::server::headless: client detached client_id=2
2026-09-02T04:04:19.106846Z  INFO herdr::server::headless: client disconnected client_id=2
2026-09-02T04:04:31.730069Z  INFO herdr::server::headless: client connected client_id=6 cols=134 rows=40 cell_width_px=0 cell_height_px=0 render_encoding=SemanticFrame
2026-09-02T04:04:42.954281Z  INFO herdr::logging: api request received event="api.request.start" subsystem="api" outcome="started" request_id="herdr-nvim-nav" method="pane.focus_direction" changes_ui=true
2026-09-02T04:04:42.955917Z  INFO herdr::logging: api request completed event="api.request.complete" subsystem="api" outcome="ok" request_id="herdr-nvim-nav" method="pane.focus_direction"
2026-09-02T04:04:47.011237Z  INFO herdr::logging: api request received event="api.request.start" subsystem="api" outcome="started" request_id="herdr-nvim-nav" method="pane.focus_direction" changes_ui=true
2026-09-02T04:04:47.011494Z  INFO herdr::logging: api request completed event="api.request.complete" subsystem="api" outcome="ok" request_id="herdr-nvim-nav" method="pane.focus_direction"
2026-09-02T04:05:51.041331Z  INFO herdr::logging: spawning pane terminal event="pane.spawn.start" subsystem="pane" outcome="started" pane_id=13 rows=39 cols=98 scrollback_limit_bytes=10000000
2026-09-02T04:05:51.073463Z  INFO herdr::logging: pane child spawned event="pane.spawned" subsystem="pane" outcome="ok" pane_id=13 pid=13571
2026-09-02T04:05:51.074389Z  INFO herdr::logging: tab focused event="tab.focus" subsystem="tab" outcome="ok" workspace_id="w7" tab_id="w7:t2"
2026-09-02T04:05:54.056177Z  INFO herdr::logging: api request received event="api.request.start" subsystem="api" outcome="started" request_id="herdr-nvim-nav" method="pane.focus_direction" changes_ui=true
2026-09-02T04:05:54.056444Z  INFO herdr::logging: tab focused event="tab.focus" subsystem="tab" outcome="ok" workspace_id="w7" tab_id="w7:t2"
2026-09-02T04:05:54.056503Z  INFO herdr::logging: tab focused event="tab.focus" subsystem="tab" outcome="ok" workspace_id="w7" tab_id="w7:t2"
2026-09-02T04:05:54.056600Z  INFO herdr::logging: api request completed event="api.request.complete" subsystem="api" outcome="ok" request_id="herdr-nvim-nav" method="pane.focus_direction"
2026-09-02T04:05:54.735097Z  INFO herdr::logging: api request received event="api.request.start" subsystem="api" outcome="started" request_id="nvim.nav" method="pane.focus_direction" changes_ui=true
2026-09-02T04:05:54.735278Z  INFO herdr::logging: tab focused event="tab.focus" subsystem="tab" outcome="ok" workspace_id="w7" tab_id="w7:t2"
2026-09-02T04:05:54.735442Z  INFO herdr::logging: tab focused event="tab.focus" subsystem="tab" outcome="ok" workspace_id="w7" tab_id="w7:t2"
2026-09-02T04:05:54.735786Z  INFO herdr::logging: api request completed event="api.request.complete" subsystem="api" outcome="ok" request_id="nvim.nav" method="pane.focus_direction"
2026-09-02T04:05:55.505958Z  INFO herdr::logging: api request received event="api.request.start" subsystem="api" outcome="started" request_id="herdr-nvim-nav" method="pane.focus_direction" changes_ui=true
2026-09-02T04:05:55.506712Z  INFO herdr::logging: tab focused event="tab.focus" subsystem="tab" outcome="ok" workspace_id="w7" tab_id="w7:t2"
2026-09-02T04:05:55.506781Z  INFO herdr::logging: tab focused event="tab.focus" subsystem="tab" outcome="ok" workspace_id="w7" tab_id="w7:t2"
2026-09-02T04:05:55.507780Z  INFO herdr::logging: api request completed event="api.request.complete" subsystem="api" outcome="ok" request_id="herdr-nvim-nav" method="pane.focus_direction"
2026-09-02T04:05:56.488121Z  INFO herdr::logging: api request received event="api.request.start" subsystem="api" outcome="started" request_id="nvim.nav" method="pane.focus_direction" changes_ui=true
2026-09-02T04:05:56.488231Z  INFO herdr::logging: tab focused event="tab.focus" subsystem="tab" outcome="ok" workspace_id="w7" tab_id="w7:t2"
2026-09-02T04:05:56.488258Z  INFO herdr::logging: tab focused event="tab.focus" subsystem="tab" outcome="ok" workspace_id="w7" tab_id="w7:t2"
2026-09-02T04:05:56.488308Z  INFO herdr::logging: api request completed event="api.request.complete" subsystem="api" outcome="ok" request_id="nvim.nav" method="pane.focus_direction"
2026-09-02T04:05:59.585264Z  INFO herdr::logging: api request received event="api.request.start" subsystem="api" outcome="started" request_id="herdr-nvim-nav" method="pane.focus_direction" changes_ui=true
2026-09-02T04:05:59.585483Z  INFO herdr::logging: tab focused event="tab.focus" subsystem="tab" outcome="ok" workspace_id="w7" tab_id="w7:t2"
2026-09-02T04:05:59.585544Z  INFO herdr::logging: tab focused event="tab.focus" subsystem="tab" outcome="ok" workspace_id="w7" tab_id="w7:t2"
2026-09-02T04:05:59.585633Z  INFO herdr::logging: api request completed event="api.request.complete" subsystem="api" outcome="ok" request_id="herdr-nvim-nav" method="pane.focus_direction"
2026-09-02T04:06:03.880928Z  INFO herdr::logging: api request received event="api.request.start" subsystem="api" outcome="started" request_id="nvim.nav" method="pane.focus_direction" changes_ui=true
2026-09-02T04:06:03.881009Z  INFO herdr::logging: tab focused event="tab.focus" subsystem="tab" outcome="ok" workspace_id="w7" tab_id="w7:t2"
2026-09-02T04:06:03.881035Z  INFO herdr::logging: tab focused event="tab.focus" subsystem="tab" outcome="ok" workspace_id="w7" tab_id="w7:t2"
2026-09-02T04:06:03.881135Z  INFO herdr::logging: api request completed event="api.request.complete" subsystem="api" outcome="ok" request_id="nvim.nav" method="pane.focus_direction"
2026-09-02T04:06:05.516441Z  INFO herdr::logging: api request received event="api.request.start" subsystem="api" outcome="started" request_id="herdr-nvim-nav" method="pane.focus_direction" changes_ui=true
2026-09-02T04:06:05.516661Z  INFO herdr::logging: tab focused event="tab.focus" subsystem="tab" outcome="ok" workspace_id="w7" tab_id="w7:t2"
2026-09-02T04:06:05.516719Z  INFO herdr::logging: tab focused event="tab.focus" subsystem="tab" outcome="ok" workspace_id="w7" tab_id="w7:t2"
2026-09-02T04:06:05.516867Z  INFO herdr::logging: api request completed event="api.request.complete" subsystem="api" outcome="ok" request_id="herdr-nvim-nav" method="pane.focus_direction"
2026-09-02T04:06:09.630712Z  INFO herdr::logging: api request received event="api.request.start" subsystem="api" outcome="started" request_id="nvim.nav" method="pane.focus_direction" changes_ui=true
2026-09-02T04:06:09.630807Z  INFO herdr::logging: tab focused event="tab.focus" subsystem="tab" outcome="ok" workspace_id="w7" tab_id="w7:t2"
2026-09-02T04:06:09.630835Z  INFO herdr::logging: tab focused event="tab.focus" subsystem="tab" outcome="ok" workspace_id="w7" tab_id="w7:t2"
2026-09-02T04:06:09.630884Z  INFO herdr::logging: api request completed event="api.request.complete" subsystem="api" outcome="ok" request_id="nvim.nav" method="pane.focus_direction"
2026-09-02T04:06:14.638745Z  INFO herdr::logging: session saved event="persist.save" subsystem="persist" outcome="ok" path=/Users/jason/.config/herdr/session.json workspaces=7
2026-09-02T04:06:24.108270Z  INFO herdr::logging: api request received event="api.request.start" subsystem="api" outcome="started" request_id="herdr-nvim-nav" method="pane.focus_direction" changes_ui=true
2026-09-02T04:06:24.108499Z  INFO herdr::logging: tab focused event="tab.focus" subsystem="tab" outcome="ok" workspace_id="w7" tab_id="w7:t2"
2026-09-02T04:06:24.108553Z  INFO herdr::logging: tab focused event="tab.focus" subsystem="tab" outcome="ok" workspace_id="w7" tab_id="w7:t2"
2026-09-02T04:06:24.108642Z  INFO herdr::logging: api request completed event="api.request.complete" subsystem="api" outcome="ok" request_id="herdr-nvim-nav" method="pane.focus_direction"
2026-09-02T04:06:24.790727Z  INFO herdr::logging: api request received event="api.request.start" subsystem="api" outcome="started" request_id="nvim.nav" method="pane.focus_direction" changes_ui=true
2026-09-02T04:06:24.791083Z  INFO herdr::logging: tab focused event="tab.focus" subsystem="tab" outcome="ok" workspace_id="w7" tab_id="w7:t2"
2026-09-02T04:06:24.791148Z  INFO herdr::logging: tab focused event="tab.focus" subsystem="tab" outcome="ok" workspace_id="w7" tab_id="w7:t2"
2026-09-02T04:06:24.791428Z  INFO herdr::logging: api request completed event="api.request.complete" subsystem="api" outcome="ok" request_id="nvim.nav" method="pane.focus_direction"
2026-09-02T04:06:26.648718Z  INFO herdr::logging: pane child exited event="pane.exit" subsystem="pane" outcome="completed" pane_id=13 status="ExitStatus { code: 0, signal: None }"
2026-09-02T04:06:26.649896Z  INFO herdr::pane: pane session terminated pane=13 pid=13571 signal=Hangup
2026-09-02T04:06:29.372506Z  INFO herdr::logging: spawning pane terminal event="pane.spawn.start" subsystem="pane" outcome="started" pane_id=14 rows=39 cols=98 scrollback_limit_bytes=10000000
2026-09-02T04:06:29.392511Z  INFO herdr::logging: pane child spawned event="pane.spawned" subsystem="pane" outcome="ok" pane_id=14 pid=13926
2026-09-02T04:06:29.392936Z  INFO herdr::logging: tab focused event="tab.focus" subsystem="tab" outcome="ok" workspace_id="w7" tab_id="w7:t3"
2026-09-02T04:06:34.400726Z  INFO herdr::logging: session saved event="persist.save" subsystem="persist" outcome="ok" path=/Users/jason/.config/herdr/session.json workspaces=7
2026-09-02T04:07:43.420404Z  INFO herdr::logging: pane child exited event="pane.exit" subsystem="pane" outcome="completed" pane_id=14 status="ExitStatus { code: 0, signal: None }"
2026-09-02T04:07:43.422655Z  INFO herdr::pane: pane session terminated pane=14 pid=13926 signal=Hangup
2026-09-02T04:07:48.427767Z  INFO herdr::logging: session saved event="persist.save" subsystem="persist" outcome="ok" path=/Users/jason/.config/herdr/session.json workspaces=7
